id_artigo,title,authors,year,doi,abstract,journal,nivel_burocracia,metodo,setor_politica,dimensao_teorica,relacao_politica_burocracia,explicacao_arranjo,consequencia_arranjo,valoracao_burocracia,enquadramento_normativo,grau_agencia,referencia_federal,escopo_empirico
1,Remaking the State from within: presidential control through bureaucratic redesign in Brazil’s Foreign Ministry,"Santos, Vinicius",2026,https://doi.org/10.1590/0034-761220250158x,"Abstract Why do presidents reorganize bureaucracies, and what political effects follow? This article examines how intra-ministerial bureaucratic redesign functions as a strategic tool of presidential control and agenda prioritization within Brazil’s Ministry of Foreign Affairs (MFA) from 1985 to 2020. Drawing on agency design and institutional change literature, the study argues that administrative reorganizations are not merely technocratic adjustments, but deliberate attempts by presidents to (i) embed thematic priorities into bureaucratic structures and (ii) expand control over high-leverage institutional arenas. We propose that organizational “choke points,” such as command hierarchies and thematic units, are particularly targeted for intervention. Using a mixed-methods approach that combines descriptive statistics, geospatial mapping, and qualitative case studies, we identify three distinct redesign logics: (1) political-control interventions, as illustrated by Collor’s tripartite fragmentation of the Secretary-General; (2) agenda expansion and ideational signaling, evident in the creation of thematic units and the expansion of diplomatic posts under Lula; and (3) symbolic reversal and institutional hollowing, marked by the dismantling of multilateral, climate, and human rights units under Bolsonaro. These processes generate long-term institutional consequences, including policy drift, conversion, and the erosion or consolidation of bureaucratic capacity. The findings contribute to debates on presidential governance by showing how even highly professionalized and insulated bureaucracies can be strategically reshaped through everyday administrative instruments.",Revista de Administração Pública,Alto escalão,metodos mistos,,,,,,,,,,
2,Does quantity mean quality? Comparing evidence of bureaucratic capacity and performance between agency groups in Brazil,"Cunha, Bruno Queiroz; Cavalcante, Pedro",2025,https://doi.org/10.1590/0034-761220230416x,"Abstract This article aims to assess whether the Brazilian government’s preference for enhancing the power and scope of its regulatory agencies compared to its non-regulatory agencies has led to proportional gains in terms of capacity and performance. Regulatory state doctrine espouses the comparative advantages of autonomous regulatory agencies in these areas. We employ principal components and multivariate regression analyses on a survey dataset with over 3,200 respondents to vet this argument. The results do not vindicate claims of regulatory agency’s comparative advantages. Instead, they point to a process of harmonization between the agency groups. This article deepens our understanding of the outcomes of regulatory agencies’ maturation and legitimization within their institutional setting, thereby contributing to public administration scholarship that compares organizations based on their core tasks. It is also of use to policymakers to weigh the pros and cons of delegating powers to autonomous regulators.",Revista de Administração Pública,Geral,quantitativo,,,,,,,,,,
3,Do politics and administration affect innovation performance? A comparative analysis,"Cavalcante, Pedro Luiz Costa",2023,https://doi.org/10.1590/0034-761220220204x,"Abstract The paper’s primary goal is to analyze the effects of politics and administrative capacity on countries’ innovative performance. The inquiry comparatively examines possible correlations between democracy, political competition, income inequality, bureaucratic capacity, and corruption/transparency with countries’ innovation results. The dependent variables are three performance indicators of the Global Innovation Indexes (GII). After presenting the theory and the descriptive data analysis on the research variables, the paper runs multivariate regression models to test the hypotheses. The empirical analysis reinforced that political and administrative dimensions are relevant to understanding the national innovation systems’ achievements. However, democracy, bureaucracy quality and corruption/transparency are not influential factors in countries’ innovative results as the normative assumptions would suppose. On the contrary, political competition and inequality considerably impact how economies innovate. In conclusion, the paper brought original and intriguing findings that put in perspective the claim that there is a unique path or rule of thumb for innovation growth. Consequently, the inferences provide insights to scholars and stakeholders, public and private, to improve the debates and decisions regarding the priorities for government actions in times of evidence-based policymaking.",Revista de Administração Pública,Geral,quantitativo,,,,,,,,,,
4,Capacidades estatais e mineração: uma análise da agência nacional de regulação,"Euclydes, Fillipe Maciel; Macedo, Alex dos Santos; Macedo, Suélem Viana; Valadares, Josiel Lopes",2022,https://doi.org/10.1590/0034-761220210203,"Abstract This work analyzes the administrative capacity of the independent public entity National Mining Agency (ANM), which is responsible for regulating the Brazilian mineral policy. Documentary and qualitative bibliographic research were carried out. Different organizational indicators were collected from the consultation of official management reports, audits of accountability agencies, and reports from Parliamentary Committees. Under a scenario in which administrative capacities should be strengthened (2003-2020), the results counterintuitively demonstrated a continuous organizational weakness of the independent public entity. It is evident a situation that combines restriction of available bureaucrats, reduction in the discretionary budget, a deficit in patrimonial and mobile infrastructure, and outdated technological systems. Low autonomy in the allocation of resources was identified as one of the mechanisms that explain these weaknesses. These conditions (lack of resources and autonomy) contribute to poor public performance in the regulation of mining processes and in mining inspection and control activities, resulting in taxes loss, risks of new disasters, and the expansion of illegal mining.",Revista de Administração Pública,Geral,qualitativo,,,,,,,,,,
5,Capacidades individuais da burocracia pública do agronegócio brasileiro,"Simão, Gustavo Leonardo; Silveira, Suely de Fátima Ramos",2021,https://doi.org/10.1590/0034-761220200625,"Abstract This article analyzes the individual capabilities of government employees working in Superior Management and Advisory (SMA) positions in the Brazilian federal bureaucracy regarding the solution of problems in the agribusiness sector. The data were obtained from the Integrated Personnel Administration System (IPAS). Three proxies were defined to build an analytical construct to reflect the individual capabilities of the Ministry of Agriculture, Livestock, and Supply’s (MALS) personnel: political, operational, and analytical competencies. The proxies were analyzed using a quantitative-descriptive approach. The study observed the bureaucrat’s turnover from 1999 to 2012. Subsequently, using the Mann-Whitney U test for independent samples, data from 1998 and 2018 were compared to verify changes in operational and analytical competencies, represented by the leadership capacity and ability to process information, respectively. The results showed that the individual capability of MALS’s personnel remained unchanged, indicated by the permanence of tenured employees in high-level positions and the maintenance of the level of formal education, which did not evolve over time.",Revista de Administração Pública,Alto escalão,quantitativo,,,,,,,,,,
6,"Transparência, corrupção e má gestão: uma análise dos municípios brasileiros","Batista, Mariana; Rocha, Virginia; Santos, José Luiz Alves dos",2020,https://doi.org/10.1590/0034-761220190290,"Abstract Does institutional commitment to public transparency reduce corruption and public mismanagement? The regulation of freedom of information laws (FOI) reduces the cost of accessing public information and the control of government officials over it, allowing for monitoring of the government. Thus, greater transparency improves government performance. To test the hypothesis, we used linear regression models for 320 Brazilian municipalities. We employ three measures of municipality institutional commitment to public transparency: FOI regulation in the municipality; the degree to which the local level regulation was based on the national law’s provisions; and time the municipality took to adhere to the legislation, as a measure of institutionalization of public transparency. As a performance measure, we consider corruption and mismanagement irregularities identified in the audit reports of the Comptroller General of Brazil (2011-2015), with classification using unsupervised machine learning. The results are threefold: the municipalities’ adherence to FOI is still very low; in the municipalities that regulated the law locally, transparency is not seen to be associated with government performance; only economic development and quality of bureaucracy have a negative correlation with the number of irregularities. These results indicate that the effort towards more transparent management has not yet generated the expected results.",Revista de Administração Pública,Alto escalão,quantitativo,,,,,,,,,,
7,"The COVID-19 outbreak and the municipal administration responses: resource munificence, social vulnerability, and the effectiveness of public actions","Ito, Nobuiuki Costa; Pongeluppe, Leandro Simões",2020,https://doi.org/10.1590/0034-761220200249x,"Abstract Facing the unprecedented situation of the COVID-19 pandemic, public officials at the municipality-level have no clear benchmarks or tested policies. In this situation, decision-making becomes a controversial process. This article provides insights for public agents in the Brazilian municipalities to deal with the initial stages of the COVID-19 pandemic. We analyzed the actions taken by city halls of the 52 Brazilian municipalities at least thirty days since the first confirmed case of COVID-19. We used a fuzzy-set Qualitative Comparative Analysis (fsQCA) to identify the combinations of contextual factors and public actions that reduced COVID-19 transmission during the critical initial stage. The empirical results show three main paths to guide policy-making: (1) a plural collaboration path involving public and private sectors, operating in a fragile health system; (2) a public action path providing aid programs through intense collaboration inside public bureaucracy; and (3) a resource-based path relying on a well-structured health system.",Revista de Administração Pública,Geral,metodos mistos,,,,,,,,,,
8,A implementação do Auxílio Emergencial como medida excepcional de proteção social,"Cardoso, Bruno Baranda",2020,https://doi.org/10.1590/0034-761220200267,"Abstract Emergency Aid, instituted by Law 13982, of 2020, is one of the biggest initiatives of the Brazilin Federal Government to minimize the economic effects of the COVID-19 pandemic. This aid is directed at the most vulnerable population, among them, the beneficiaries of the conditional cash transfer program “Bolsa Família” (PBF) and those enrolled in the single registry for social protection “Cadastro Único para Programas Sociais do Governo Federal” (CadÚnico). The benefit also covers informal employees, self-employed and individual microentrepreneurs (MEI). Based on documentary analysis and through direct observation, this study sought to outline the process of implementing emergency aid measures, within the framework established by the Ministry of Citizenship (MC), through the system-level bureaucracy approach.",Revista de Administração Pública,Alto escalão,quantitativo,,,,,,,,,,
9,Nomeações políticas nos governos municipais e performance burocrática: avaliando o desempenho,"CARDOSO, ANDRÉ LUIS RABELO; MARENCO, ANDRÉ",2020,https://doi.org/10.1590/0034-761220190020,"Abstract This article discusses the politicization of the bureaucratic structures of the Brazilian municipalities based on appointed positions. The intention is to demonstrate patterns of political appointments that reflect institutional performance. The data were provided by Munic/IBGE 2005/14 and IpoC- Instituições Políticas Comparadas/UFRGS. Firstly, the study observed the degree of variability of the distribution of these positions in municipal structures, and the quality of the appointees’ education. Then, an analysis of spatial, global, and local dependence was performed. In addition, the difference in performance among municipalities was statistically tested using the independent t-test. The test compared municipalities’ performance concerning the number and education of appointees. The study used the Municipal GDP-Per-Capita, the Índice Firjan de Desenvolvimento Municipal (IFDM), and the Índice de Governança Municipal (IGM) created by the Federal Board of Administration as proxies for performance. The results stress the complexity of local public management since some of the tests indicate the number and education of appointees as predictors of high performance while other studies do not find the same relationship.",Revista de Administração Pública,Geral,quantitativo,,,,,,,,,,
10,Capacidades estatais para políticas de infraestrutura no Brasil contemporâneo,"Gomide, Alexandre de Ávila; Pereira, Ana Karine",2018,https://doi.org/10.1590/0034-761220170006,"Abstract This article aims to discuss the capacities of the Brazilian State, particularly the Federal Executive Branch, to produce efficient infrastructure policies that deliver the expected benefits and also obtain support (or consent) from impacted social groups. We argue that the professionalization and technical knowledge of the federal government’s public bureaucracy are constrained by low levels of autonomy and intragovernmental cohesion. Likewise, the relationship between the federal bureaucracy and local civil society, subnational governments and accountability agencies are precarious. This situation represents a barrier to the efficiency and legitimacy of state action in the sector.",Revista de Administração Pública,Geral,nao identificado,,,,,,,,,,
11,Reformar à esquerda: a administração pública gerencial em prefeituras petistas,"Fontoura, Leandro Heitich",2018,https://doi.org/10.1590/0034-761220170267,"Abstract For two decades, the Brazilian Workers’ Party (PT) has held a tough critic regarding the state reform carried out by Fernando Henrique Cardoso (Brazilian Social Democracy Party - PSDB) during his mandate. According to the PT’s narrative, the Managerial Public Administration is a neoliberal and conservative policy, and it cannot be politically conducted by the left wing. This article shows a review of PT’s antireform narrative. In face of urban problems, public bureaucracy barriers and increasing social demands, it is possible to observe mayors of the PT implementing policies associated with the ones advocated by the PSDB to modernize management and make it more efficient and effective. This scenario was verified in five Brazilian municipalities, through qualitative research with mayors and municipal secretaries in the areas of planning, budget, administration and management.",Revista de Administração Pública,Geral,qualitativo,,,,,,,,,,
12,The transformative capacity of the Brazilian federal government in building a social welfare bureaucracy in the municipalities,"Sátyro, Natália Guimarães Duarte; Cunha, Eleonora Schettini Martins",2018,https://doi.org/10.1590/0034-7612151018,"Abstract The article analyzes the transformative capacity of the Ministry of Social Development and Fight against Hunger (MDS) in shaping structural change in Brazilian municipalities. The study is based on the concepts of organizational and institutional learning, on a combination of analytical categories of the institutional and neo-institutional approaches and on traditional means of government control. As for methodology, this study used process tracing, in-depth interviews, and documentary analysis of regulations, decrees, and resolutions that create direct and indirect incentives to induce agreements and cooperation of municipalities with the Ministry. We identified two important causal mechanisms: a) organizational and institutional learning processes; and b) inter-federative cooperation that, combined, generated significant changes in municipal bureaucratic capacity. The findings show the importance of the Union’s transformative capacity in the process of public policy decentralization in Brazil.",Revista de Administração Pública,Alto escalão,qualitativo,,,,,,,,,,
13,O papel da burocracia de nível de rua na implementação e (re)formulação da Política Nacional de Humanização dos serviços de saúde de Porto Alegre (RS),"Lima, Luciana Leite; D’Ascenzi, Luciano",2017,https://doi.org/10.1590/0034-7612145223,"Abstract This article analyzes the implementation of the National Humanization Policy in basic health units of Porto Alegre. For this, we analyzed interaction that emphasizes the process of mutual influence between the planning of public policy and characteristics of local implementation. Thus, this perspective is from the context of operations of street-level bureaucracies, emphasizing the role played by its discretion. The study was qualitative with the use of primary and secondary data. We examined implementers, given the lack of training in the policy framework, as well as perceptions on the lack of resources and low levels of support, which forged a peculiar understanding of the goals and strategies of public policy. They created a vision of what it would mean to humanize the service when adjusted to local preferences and needs.",Revista de Administração Pública,Nível de rua,qualitativo,,,,,,,,,,
14,Modernização do Estado e construção de capacidade burocrática para a implementação de políticas federalizadas,"Souza, Celina",2017,https://doi.org/10.1590/0034-7612150933,"Abstract This article analyses the process of the state modernization in Brazil, associating it with the concept of state capacity, in particular the professionalization of the federal bureaucracy in charge of conceiving and implementing public policies. The article concludes that, despite multiple mechanisms used by different governments and political regimes to recruit their bureaucracies, the federal Executive has always been capable of generating the capacity to implement the policies of its choice. Over the past two decades, however, the federal Executive has recruited its bureaucracy primarily through public sector entrance examinations. As result, Brazil today has a consolidated bureaucracy that is involved in overseeing rules, procedures and fiscal controls, but that is still incomplete in some areas of public policy. These new features of the federal bureaucracy suggest that certain characteristics of the Weberian bureaucracy have indeed been created but others are still awaiting institutionalization, which therefore affects the capacity of the state in implementing certain policies.",Revista de Administração Pública,Nível de rua,quantitativo,,,,,,,,,,
15,Transparência no setor público: uma análise dos relatórios de gestão anuais de entidades públicas federais no ano de 2010,"Bairral, Maria Amália da Costa; Silva, Adolfo Henrique Coutinho e; Alves, Francisco José dos Santos",2015,https://doi.org/10.1590/0034-7612125158,"The present study analyzes the level of public transparency in the annual reports of federal public bodies and the incentives (political, institutional, governmental, social and financial) which can affect the disclosure of public information. It approached the Agency Theory and the need for public accountability in the disclosure of information, since government managers may provide incomplete information (agency conflict). Accordingly a greater transparency of public information may serve as a way of approaching the principal (citizens) and the agent (public officer). We carried out an empirical research, quantitative, which analyze the level of transparency presented in the 2010´s annual reports of 115 federal public entities. For this purpose, an index of federal public transparency was constructed, based on international studies, in order to verify the level of disclosure presented on the annual reports and the incentives that affect disclosure. The results indicate a moderate level of public transparency (48%), deficiency of compliance with mandatory disclosure (80%) and low adherence to voluntary disclosure practices (19%). Regarding incentives to disclosure, a positive relationship of the entity type, accessibility and personnel demographic with the public transparency index was observed, while public bureaucracy showed a significant relationship, but negative. Meanwhile the size, size of core management, budgetary revenues and federal dependency does not influence the disclosure of public information in the annual reports.",Revista de Administração Pública,Alto escalão,quantitativo,,,,,,,,,,
16,Trajetória e avaliação dos programas federais brasileiros voltados a promover a eficiência administrativa e fiscal dos municípios,"Grin, Eduardo José",2014,https://doi.org/10.1590/0034-76121399,"The article deals of the path of programs of federal government dedicated to administrative and fiscal modernization of Brazilian cities since the 30s. The focus in this text, however, is the programs implemented during Fernando Henrique's government (1995-2002) and Lula's government (2003-10) aimed at to increase the administrative and fiscal capacities in the cities. The central argument is about these programs having always been designed and implemented by federal bureaucracies proposing solutions for municipalities that represent the ""modernizing"" vision of the central government to management problems of local governments. These initiatives have duplicated efforts and don't help to envisage the municipal administrative failures, which limited its reach and generated few results since their return in the agenda of the federal government from 1997.",Revista de Administração Pública,Nível de rua,quantitativo,,,,,,,,,,
17,O processo de institucionalização da participação na Câmara Municipal de São Paulo: uma análise das audiências públicas do orçamento (1990-2010),"Brelàz, Gabriela de; Alves, Mário Aquino",2013,,"This article discusses the process of institutionalization of civil society participation in the City House of São Paulo (CHSP) in budget public hearings from 1990 to 2010 under the gaze of institutionalism in organization theory, stressing microfoundations and cognitive and cultural explanations. Autopoietic systems are identified: legislative power, executive power, civil society and bureaucracy of CHSP and regulative, normative and cultural-cognitive variables in the process. We conclude that, despite institutionalized, the participation in the CHSP encounters normative and cultural-cognitive limitations that shape participation in accordance with existing standards of conduct in the interaction between parliament members and society, sedimenting budgetary clientelism.",Revista de Administração Pública,Geral,nao identificado,,,,,,,,,,
18,Burocratas da linha de frente: executores e fazedores das políticas públicas,"Oliveira, Antonio",2012,,"The relation between policy implementation, organization and bureaucracy is relevant because it illuminates the face of a crucial problem: why the policies have success or fail. The analyses of this relation indicate that the discretion of the street-level bureaucrats is a decisive factor in the delivery of the public goods and public services; therefore the action of these agents is important for the success of the policies. This article intends to discuss the discretion of the street-level bureaucrats in the application of the public policy and examines the presented arguments in the specialized literature: implementation, bureaucracy, organization. The conclusion indicates questions that are important to the control of the discretionary power of the public agents, underlining that this discretion is necessary condition to the application of the policies, but that it threat the accountability and the responsiveness.",Revista de Administração Pública,Alto escalão,nao identificado,,,,,,,,,,
19,Controle burocrático e suporte organizacional no setor público: efeitos mediados pelo empoderamento psicológico no engajamento,"Campos, Waleska Yone Yamakawa Zavatti; Cavazotte, Flávia de Souza Costa Neves",2023,https://doi.org/10.1590/0034-761220220301,"Abstract The study investigates how bureaucratic control and organizational support affect the civil servant’s work engagement and the mediating role of psychological empowerment. The research adopted a quantitative approach using data collected from 159 public servants of Brazilian courts of accounts, with subsequent application of exploratory factor analysis, parceling techniques, confirmatory factor analysis, and ordinary least squares regression (OLS). The results show a negative mediation of psychological empowerment in the relationship between bureaucratic control and work engagement and a partial and positive mediation between organizational support and work engagement. Thus, psychological empowerment constitutes an important mechanism through which civil servants react to characteristics of the work context, being weakened in situations of exacerbated bureaucratic control or lack of organizational support, with consequences for the level of enthusiasm and dedication. The findings are discussed in light of their theoretical and practical implications for management in the public sector.",Revista de Administração Pública,Geral,quantitativo,,,,,,,,,,
20,Regras importam: determinantes do controle burocrático no Programa Bolsa Família,"Coêlho, Denilson Bandeira; Fernandes, Antônio Sérgio Araújo",2017,https://doi.org/10.1590/0034-7612148139,"Abstract The literature on the Bolsa Família Program has focused on issues such as the impact on poverty and inequality, the effects related to the electoral process and the role of conditionalities. However, the Bolsa Família Program is also associated with a problem of principal-agent relationship, because it requires the effective control of a set of rules for its operation. In the national literature, little has been produced on the effect of formal rules as instruments for political actors’ behavioral modeling. The proposal here is to explore the role of the federal and local bureaucracies in public policies management in a highly decentralized federation. In order to test how factors of policy, institutional and geographical nature influence the intersectoral management of the program, the study uses multiple linear regression models for a comparative analysis between about 5.500 cities. The results show that variables such as political competition and regional location positively impact the quality of management. The study concludes that the effective application of rules was crucial to generate institutional learning among actors involved in the policy.",Revista de Administração Pública,Geral,quantitativo,,,,,,,,,,
21,Innovation policy dismantling: strategies and causes in contemporary Brazil,"Cavalcante, Pedro Luiz Costa",2024,https://doi.org/10.1590/0034-761220220358x,"Abstract This paper analyzes the policy dismantling process in the Brazilian innovation system since mid-2010. The research describes how this policy change has been undertaken and explains the strategies deployed and major causes. The study is theoretically grounded in the debate of policy dismantling, meaning changes that result in cuts, reductions, or even abolition of budget, rules, capacities, and instruments of a governmental area. A mixed-methods approach, both quantitative and qualitative, is employed. First, it examines the dismantling process in the last years, focusing on the budget execution patterns of the major policy instruments and agencies in charge of innovation at the federal level. The research relies on the stakeholders’ perception by conducting semi-structured interviews with experts regarding strategies, rationale, reactions, and effects. The empirical findings show the dismantling occurs in both dimensions: density (number of tools reduced) and, mainly, the intensity (budget cuts), varying according to government areas. The interviewees highlighted the prevailing strategy as active dismantling, in which the fiscal austerity aggravated by the COVID-19 crisis, an ideological shift in the government coalition, policy particularities, and a low level of prioritization in innovation by the domestic business community are the main factors that affect the politicians’ preferences to dismantle. Finally, the process seriously affects the national innovation system, such as the loss of bureaucratic and policy capacity, brain drain, and lag in technology, productivity, and consequently, in the country’s economic performance.",Revista de Administração Pública,Nível de rua,metodos mistos,,,,,,,,,,
22,Estratégias intersetoriais de gestão municipal de serviços de proteção social: a experiência de Belo Horizonte,"Veiga, Laura da; Bronzo, Carla",2014,https://doi.org/10.1590/0034-76121453,"The prospects of the bureaucratic public administration or those of the new public management are in check and new governance structures are needed so that governments achieve greater effectiveness when addressing wicked problems - such as poverty, for instance -, which do not accept linear or unisectoral solutions. The article analyzes the experience of the BH Citizenship Program, conducted by the city government of Belo Horizonte since 2002, a strategy for intersectoral articulation between services and sectors at the tip to expand the possibilities of more effective actions for social inclusion. The article evidences the design of intervention and explores the challenges and advances of this management strategy that can be configured as an example of good governance in the domain of local policies for social protection.",Revista de Administração Pública,Alto escalão,nao identificado,,,,,,,,,,
23,A reforma gerencial do orçamento brasileiro: em busca de múltiplos significados,"Barcelos, Carlos Leonardo Klein; Calmon, Paulo Carlos Du Pin",2014,,"This paper aims to examine the decision-making process that resulted in the managerial reform of the Brazilian budget (RGO), which took place in 2000. Having the narrative structure as basis - a technique developed by Barzelay and partners (2001) -, we organize the main events of RGO, in order to interpret them according to the reference framework proposed by Allison and Zelikow (1999), who profess the existence of three paradigms, or ""models"", in the analysis of government decision-making process: the Rational Actor Model (Model I), the Organizational Behavior Model (Model II), and the Bureaucratic Policy Model (Model III). This case study suggests that examining the decision-making process of the Brazilian public sector, by means of multiparadigmatic models, provides a richer and broader panorama of the factors affecting decision-making and government institutional change.",Revista de Administração Pública,Geral,qualitativo,,,,,,,,,,
24,Problemas de agência no setor público: o papel dos intermediadores da relação entre poder central e unidades executoras,"Oliveira, Clara Brando de; Fontes Filho, Joaquim Rubens",2017,https://doi.org/10.1590/0034-7612171397,"Abstract This article aims to identify the effects of mid-level bureaucrat’s allocation in the intermediation of relations between the main authority of a city’s executive branch and the city’s secretariat, considering the principal-agent relationship in public administration. The study interviewed analysts responsible for goal and project management who mediate the agency relationship between the Chief of Staff and the executive bodies implementing projects put forward by Rio de Janeiro’s City Hall, in order to examine the effects of the analysts’ intermediation in terms of reducing agency problems. The agency problems referred to in the article are due to public administration’s hierarchical structure, resulting from the differences in motivation and goals of the actors, information asymmetries, risk propensity and different planning horizon. Results show this intermediation is positive to reduce agency problems, impacting in terms of difference in motivation and information asymmetries.",Revista de Administração Pública,Geral,qualitativo,,,,,,,,,,
25,Comportamento e desempenho de burocratas de nível de rua: um estudo na Polícia Rodoviária Federal,"Silva, Marcelo Rodrigues da; Vieira, Daniel Pires; Lotta, Gabriela; Rocha Neto, João Mendes",2024,https://doi.org/10.1590/0034-761220230210,"Abstract The literature on Street-Level Bureaucracy (SLB) points to several behavioral motivators that influence their performance, such as Discretion, Self-interest, Norms, and Public Interest. Although these aspects occur simultaneously, there are no studies on which behavioral motivators are decisive for the performance of SLB. This research aims to analyze the influence of the interaction of different behavioral motivators of the SLB in their performance in implementing public policies. To achieve the proposed objective, a structured questionnaire was applied to 10,014 Federal Highway Police officers active during the research period, with 426 respondents. Data were analyzed using structural equation analysis. The results showed that Discretion, Norms, and Public Interest were positively associated with Operating Performance. For Institutional Performance, only the Norms and Public Interest dimensions were positively associated. The results indicate that the relevance of the different behavioral motivators of the SLB varies according to the performance variable observed and reiterate the asymmetry of perceptions between the different organizational levels.",Revista de Administração Pública,Nível de rua,quantitativo,,,,,,,,,,
26,Dois pesos e duas medidas na sala de aula: análise das redes sociossemânticas de categorização operadas por professores,"Lotta, Gabriela; Kirschbaum, Charles",2022,https://doi.org/10.1590/0034-761220200633,"Abstract This article analyzes categories operated by bureaucrats when classifying types of users and their effects on the distribution of services, observing contexts of high inequality and universal policies. We analyze how teachers, as street-level bureaucrats, implement the policy by categorizing different types of students. We adopt an analytical lens of cultural schemes, which considers that individuals internalize associations between official and social (informal) categories from their experiences. The analyzed data were collected through vignettes applied to 40 teachers from the municipal education system of São Paulo, Brazil. We analyzed the use of categories through socio-semantic and semantic networks of categorizations and the construction of referral networks. The results show that teachers simultaneously mobilize political and social categories and that the introduction of the variable vulnerability in cases opens space for the introduction of social categories that generate different types of treatment for students with similar behaviors.",Revista de Administração Pública,Nível de rua,quantitativo,,,,,,,,,,
27,Street-level bureaucracy in the pandemic: the perception of frontline social workers on policy implementation,"Lima-Silva, Fernanda; Sandim, Tatiana Lemos; Magri, Giordano Morangueira; Lotta, Gabriela",2020,https://doi.org/10.1590/0034-761220200529x,"Abstract The COVID-19 pandemic highlighted the strategic role of social care policy to minimize the effects of this health crisis and its consequences on the poorest and most vulnerable population. This article analyzes the perception of street-level bureaucrats in the Brazilian social care network on how the pandemic has affected their performance and professional routine. The research was based on a survey, consultations with representatives of municipal social care services, and analysis of government regulations. The results show that social workers feel unprotected and unable to provide adequate responses to the pandemic’s increasing and urgent demands, revealing a lack of institutional support to act appropriately. The professionals also reported substantial changes in their working dynamics, particularly in their relationship with the attended population, one of the main pillars of the Brazilian social care network. These elements directly affect the provision of social care services and their potential to combat the adverse effects of the crisis.",Revista de Administração Pública,Nível de rua,quantitativo,,,,,,,,,,
28,Diffusion and adaptation of the regulatory agency model in Brazil,"Holperin, Michelle Moretzsohn",2019,https://doi.org/10.1590/0034-761220170384x,"Abstract This article examines the diffusion of independent regulatory agencies (IRAs) in Brazil, demonstrating how important domestic factors interplayed with traditional mechanisms of diffusion lead to an expressive process of agencification. Although top-down, bottom-up and horizontal mechanisms played an important role in the Brazilian agencification process, they fail to explain the creation of IRAs in unexpected sectors or the frequent modifications that occurred at subnational levels in a short period of time. To understand how local political actors adapted the regulatory agency model to the Brazilian institutional legacies, field research was conducted, based on bibliographical, documental, and interviews with key political actors. The specificities of Brazilian federalism and the strategic role of the film industry, bureaucrats and politicians in (re)interpreting the agency model helped to boost the diffusion of IRAs in Brazil.",Revista de Administração Pública,Geral,qualitativo,,,,,,,,,,
29,Implementação da política de saúde pública e seus desafios na era digital,"Mendes, Vera Lúcia Peixoto Santos; Aguiar, Fábio Campos",2017,https://doi.org/10.1590/0034-7612169426,"Abstract This article analyzes the implementation of public policy on regulation of beds in intensive care units, considering the formulated policy, the institutional conditions and the strategies used by the state and municipalities of Bahia, Brazil. A literature review is carried out, based on the rational choice institutionalism, as well as a qualitative study with three groups of street-level bureaucrats. Results show a gap between the policies formulated and implemented and the influence of bureaucrats in the implementation of public policies in health. In addition, the research observed the use of information and communication technology such as social media (WhatsApp) as regulation strategies. The informal control and assignment of beds using WhatsApp is a clientelistic strategy, indicating that, even under the aegis of the managerial state, clientelistic and patrimonial practices persist.",Revista de Administração Pública,Nível de rua,qualitativo,,,,,,,,,,
30,Inteligência artificial nas organizações públicas brasileiras: heterogeneidades e capacidades em tecnologia da informação,"Ribeiro, Manuella Maia; Segatto, Catarina Ianni",2025,https://doi.org/10.1590/0034-761220240066,"Abstract There is a growing debate about public organizations adopting artificial intelligence (AI), including its different technologies and techniques, as well as its effects on bureaucratic decisions. However, few studies have analyzed the characteristics associated with adopting these different types of AI technologies and techniques in the public sector. Furthermore, there is a gap in studies discussing AI adoption in the public sector in the Brazilian context. This article analyzes the AI technologies and techniques adopted by Brazilian governmental agencies and their association with characteristics related to information technology (IT) capabilities. Based on an analysis of microdata from the ICT Electronic Government 2021 Survey, this study shows that Brazilian government agencies have adopted AI technologies and techniques. However, this process is still restricted to only a few agencies. Furthermore, this process has been a heterogeneous among federal and state entities in the country and is associated with IT capacities in the public sector.",Revista de Administração Pública,Geral,quantitativo,,,,,,,,,,
31,How does a populist government interpret and face a health crisis? Evidence from the Mexican populist response to COVID-19,"Renteria, Cesar; Arellano-Gault, David",2021,https://doi.org/10.1590/0034-761220200524,"Abstract In 2020, governments were faced with addressing the health crisis caused by the COVID-19 pandemic, without certainty about what would work best to reduce the health crisis without ruining the economy. Through all the uncertainty, national governments based their responses to COVID-19 on beliefs and political ideas, which was reflected on the diversity of the responses: liberal, authoritarian, centralized, decentralized, transparent, or opaque. In this article we focus on one of these responses, populism, and seek to understand how populist beliefs drive bureaucratic actions taken by a populist government to handle the health crisis. We conducted a comparative case study between the Mexican populist federal government and the non-populist Jalisco state government. Our findings suggest that the administrative actions chosen by the Mexican populist government were based on negative beliefs towards expert scientific knowledge from outside the government; a disinterest in searching for more information from distant or unfamiliar sources; and a strengthening of flagship programs as the main way to address the upcoming economic crisis. We also found that the Mexican government shows a peculiar manifestation of populism, which we refer as downsizing populism. Our article advances our understanding about how populism may affect the form and function of bureaucracies.",Revista de Administração Pública,Geral,metodos mistos,,,,,,,,,,
32,Limits of Brazilian public accounting and control systems to address the systemic corruption problem: lessons from the Swedish and Italian cases,"Garcia, Leice Maria; Teodósio, Armindo dos Santos de Sousa",2020,https://doi.org/10.1590/0034-761220180115x,"Abstract This article seeks to understand the reasons for the persistence of corruption in the Brazilian federal government, despite strong public accounting and financial control systems in the country. More than two-thirds of the states in the world, including Brazil, face the challenge of plundering public finances by political, economic, and bureaucratic elites. In this context, the exclusive use of the dominant approach of economic theories for the structuring of public control systems is limited. It is more appropriate to consider corruption as a problem of collective action. Hence, the theoretical reference chosen includes Bourdieu’s theory of practice and Tocqueville’s and Ostrom’s collective action theories, as they have been understood respectively by Mungiu-Pippidi and Rothstein. The methodological strategy adopted is an exploratory analysis of the cases of contemporary day Brazil, based on the lessons learned from nineteenth-century Sweden, and Italy in the 1990s. The results indicated that overcoming systemic corruption requires more than control systems. It demands, at least, a trigger to disrupt the perverse social imbalance, institutional capacity to offer normative effectiveness and a cohesive and active civil society.",Revista de Administração Pública,Geral,quantitativo,,,,,,,,,,
33,Celso Furtado: um economista a serviço da gestão pública (1943-1964),"Tenório, Fernando; Wanderley, Sergio",2018,https://doi.org/10.1590/0034-7612173859,"Abstract This article presents a short biography of Celso Furtado, and his life as a civil servant between 1943 and 1964. Despite being recognized for his contributions to the field of economics, Furtado started his professional and academic career (as researcher and professor) in the field of public administration. In 1943, Furtado was hired as organizational assistant at the Public Service Administration Department (Dasp), after a competitive selection process. Twenty years later, he was appointed as Minister by President João Goulart for the administration 1961-1964. During the period covered in this study Furtado worked in the Economic Commission for Latin America (Ecla), in Santiago/Chile, from 1949 to 1957. After that, he returned to Brazil to become director at the Brazilian National Development Bank (BNDE), where he created (and directed) the Superintendency for the Development of the Northeast (Sudene). Furtado was the main disseminator of Ecla’s ideas in Brazil, which proposed a centrality of the State in the promotion of development and the consequent need for a new profile of the public manager to conduct this process. The period was marked by the dialogue between economic development and development management, which led to a linkage of economic development to the development of the technique and art of administration. In addition, he was one of the thinkers whose theoretical and practical thoughts have supported the consolidation of the big state-owned companies in Brazil. Studying the history of Celso Furtado as a public manager is a source of important reflections about the government’s role in the economy and about the role of public managers.",Revista de Administração Pública,Nível de rua,quantitativo,,,,,,,,,,
34,A (re)produção de entrelaçamentos sociomateriais na prática de transição entre governos municipais,"Malavasi, Franciane Ribeiro; Silva, Alfredo Rodrigues Leite da",2025,https://doi.org/10.1590/0034-761220240392,"This study aimed to understand the (re)production of sociomaterial entanglements in the practice of transition between municipal governments. Using the approach of Practice-Based Studies (PBS), with a focus on knowingin-practice, qualitative research was conducted through documentary research, semi-structured interviews, and interviews with role-doubles, conducted with twenty retired career civil servants from four municipalities. The data were interpreted and organized through spiral analysis. The results highlighted four key movements in the (re)production of elements within sociomaterial entanglements in government transition practices: defending previous knowledge during transitions; defending the transformation of knowledge during transitions; seeking security in transitions; and maintaining political neutral behavior in non-neutral environments. Together, these findings revealed a process in which knowing in practice refers to a form of knowledge that constitutes the transition practice itself, shaped by a variety of heterogeneous factors.",Revista de Administração Pública,Geral,qualitativo,,,,,,,,,,
35,Strategic planning: unraveling civil servants’ autonomy and motivation through social representations of organizational goals,"Nonato, Catheriny Baccaro; Rubens Fontes-Filho, Joaquim; Michelotto, Flavia de Paiva",2024,https://doi.org/10.1590/0034-761220240128x,"Abstract This study aims to examine the effects of organizational goal-setting through strategic planning on the motivation of civil servants. Grounded in the social representation theory, the research explores both the core and peripheral systems that shape the social representation of these goals. Data were collected from 324 civil servants through a word recall test, revealing that organizational goal-setting is positively linked to high-quality motivation and the high-performance cycle. The study identifies key elements - such as goals, efficiency, outcomes, planning, and organization - as central to the social representation of organizational objectives. These elements are closely associated with motivation, suggesting that clear organizational goals contribute to employee engagement and performance. The findings also highlight the role of peripheral factors, like transparency, alignment, and well-being, which further influence the perception and implementation of strategic planning. The research concludes that strategic planning, whether based on rational or emergent approaches, positively impacts employee motivation, thereby supporting the effective execution of public sector strategies.",Revista de Administração Pública,Geral,nao identificado,,,,,,,,,,
36,Paradoxos na divulgação de salários de servidores em municípios,"Precinotto, André; Aquino, André Carlos Busanelli de; Dias, Lidiane Nazaré da Silva",2022,https://doi.org/10.1590/0034-761220200881,"Abstract: Although local governments’ payrolls are a significant expense, they are one of the most difficult to monitor. The disclosure of civil servants’ salaries to improve control is a measure of public interest, but the mere information on the government’s personnel expenses as provided by law may not be sufficient to detect irregularities. This study analyzes the paradoxes of disclosing salary information and the tensions among the parties related to this issue. We interviewed local government employees, unions, software companies, courts of accounts, nonprofit organizations, and journalists, gathering different interests and perspectives, addressing the issue as an example of the challenges to improve public transparency. Based on an inductive approach, the research offers a non-exhaustive list of irregularities in Brazil that are not detected by simply disclosing information in transparency portals. Our findings point out that detecting and addressing such irregularities require the cooperation of several control agents to combine multiple data sources and evidence.",Revista de Administração Pública,Geral,qualitativo,,,,,,,,,,
37,Efecto de las capacitaciones en la reflexión sobre ética y corrupción,"Pliscoff-Varas, Cristian; Lagos-Machuca, Nicolás",2021,https://doi.org/10.1590/0034-761220200658,"Abstract The challenge of curbing corruption requires public organizations to implement ethics management, deploying a myriad of instruments to reinforce ethical frameworks of public employees. Ethical training is among the most used instruments to achieve this goal, which should provide elements to public officials to face ethical dilemmas effectively. Yet, is that the case? How efficient are ethical training efforts for public servants? Do they have the same effect among different types of employees? In order to answer these questions, this article shows the results of pre and post-test questionnaires applied to participants of ethics training workshops for employees in the central and local government in Chile. The exploratory findings show that after the workshops, it is possible to see an improvement in the ethical frameworks among participants, showing a positive effect for women and those who recently started working in the public sector. More research is required to improve the instrument and strengthen public integrity. The article concludes with proposals to improve these kinds of training activities.",Revista de Administração Pública,Geral,quantitativo,,,,,,,,,,
38,O trabalho e seus sentidos: um estudo com peritos criminais da Polícia Federal,"Rodrigues, Andrea Leite; Barrichello, Alcides; Irigaray, Hélio Arthur Reis; Soares, Donaldson Resende; Morin, Estelle M.",2017,https://doi.org/10.1590/0034-7612159318,"Abstract One of the main challenges of human resources management in public administration is to make sure that civil servants are committed to and driven by values of the public ethos. Understanding the elements that give meaning to their work can be a way to take pertinent action, leaving aside the stigma and misinterpretation of the relationship between individuals and their work in the public sector. This article aims to assess the antecedent factors of our central construct, meaning of work, and its relationships with psychological well-being, psychological distress and affective commitment for forensic experts in the Federal Police. It is a quantitative study that uses confirmatory factor analysis and structural equation modeling. The results show that forensic experts find meaning in their work through its social utility and the opportunities they have to learn and develop. Meaning is positively related to psychological well-being and affective commitment, and negatively related to psychological distress. This study discusses the results of applying this model in light of a managerial accountability framework to develop the civil service and concludes that it offers a good contribution to human resources management in the public sector, making it possible to discuss factors that favor the experience of commitment and psychological quality of life in the work environment.",Revista de Administração Pública,Nível de rua,quantitativo,,,,,,,,,,
39,Mudança organizacional e satisfação no trabalho: um estudo com servidores públicos do estado de Minas Gerais,"Marques, Antônio Luiz; Borges, Renata; Reis, Isabella do Couto",2016,https://doi.org/10.1590/0034-7612131034,"Abstract One of the most important factors to understand the causes of work satisfaction or dissatisfaction just after facing an organizational change process is to identify the individual reactions to this change under a continuum approach, which varies from active resistance on one ending to total cooperation on another. Therefore, the objective of this study is to understand the implications of organizational change on the levels of work satisfaction, in the light of the individual reactions to the change. A survey was developed in Minas Gerais state government in 679 public employees to evaluate the impact of the individual performance evaluation program. The data obtained from questionnaires indicates that there is a direct relationship between change and satisfaction in the public sector. Furthermore, the result suggest that the employees who evaluate the changes in a positively way and do not resist to them are more satisfied with their jobs.",Revista de Administração Pública,Geral,quantitativo,,,,,,,,,,
40,Folga orçamentária em uma Secretaria da Fazenda: um caso no nível do governo estadual no Brasil,"Osajima, Alyne Anteveli; Aquino, André Carlos Busanelli de",2013,,"Public organizations have been adopting performance measurement models (PMM), taking as example the private initiative, seeking to create incentives to the efficiency of servants teams. Based on the budgetary slack literature, this assignment analyzed the PMM of a Treasury Department in the state government level in Brazil and identified that, considering the goal agreed by the management team of the department, the organization operates in a regime of budgetary slack, in an organizational environment of lower pressure in relation of the goals achievement and consequent reward. Through historical series (Jan./2007 to June/2009) of the individual monthly performance of 950 civil servants acting as fiscals, it was compared the achievement level of the tributary and administrative goals. Additionally, such evidences were triangulated with participative observations and documental analysis. In spite of the budgetary slack detected in the use of goals with high achievement probability, the performance in the administrative tasks doubled in the last year analyzed, evidence that the individual effort level increased, despite the fact that the pecuniary incentive is guaranteed in a lower level of effort.",Revista de Administração Pública,Nível de rua,nao identificado,,,,,,,,,,
41,Inovação no setor público: uma análise do choque de gestão (2003-10) sob a ótica dos servidores e dos preceitos teóricos relacionados à inovação no setor público,"Queiroz, Roberta Graziella Mendes; Ckagnazaroff, Ivan Beck",2010,,"This article is a qualitative work with an interpretative approach about the managerial shock, a policy adopted in 2003 by the Minas Gerais state government which has been projected to reach its goals by 2023. The main purpose of this study was to verify how innovative such management model is, taking into account two perspectives: the opinion of the stakeholders involved in developing, implementing and evaluating the model, and the theoretical principles related to innovation in the public sector. The theoretical framework included the approaches and perspectives of organizational change, emphasizing the current state of innovation in the Brazilian public administration. Seventy state workers were submitted to a semi-structured survey and had their perceptions collected and analyzed. The results revealed that the managerial shock was considered a strictly managerial change, which innovated in the strategic, technological, structural and control aspects, but it did not reach the same success in relation to human, cultural and political change.",Revista de Administração Pública,Alto escalão,metodos mistos,,,,,,,,,,
42,Corrupção no serviço público: fatores relacionados ao desengajamento moral e à cultura ética organizacional,"Carlos, Luiz Gustavo de Castro; Kochi, Tadeu Gandolfo; Cintra, Renato Fabiano; Ribeiro, Ivano",2025,https://doi.org/10.1590/0034-761220240496,"This study aims to investigate intrinsic and extrinsic factors associated with moral disengagement and organizational ethical culture among public servants. Intrinsic motivation, such as cognitive and personal factors, and extrinsic motivation, such as environmental and organizational factors, were considered potential factors associated with corrupt behavior. A quantitative survey was conducted with 529 employees from two public institutions, both benchmarks in the fight against corruption in Brazil. The analysis included multiple linear regression models to explore the interrelationships among the surveyed variables. The study’s originality lies in integrating intrinsic and extrinsic variables to understand the factors associated with corruption in the public sector. The results show that low self-control is the main factor associated with moral disengagement, while ethical leadership, risk perception, and perceptions of salaries and benefits are positively related to organizational ethical culture. These findings have important implications for public management, offering insights into the psychological and organizational mechanisms associated with corrupt behavior in the public sector.",Revista de Administração Pública,Geral,quantitativo,,,,,,,,,,
43,Impacto de instrumentos regulatórios prévios na eficiência dos prestadores de serviço de saneamento básico,"Rodrigues, Antonio Felipe Oliveira; Raupp, Fabiano Maury",2024,https://doi.org/10.1590/0034-761220230290,"Abstract This article assesses the impact of the Municipal Basic Sanitation Plan (PMSB) and the Municipal Basic Sanitation Policy (PolMSB) on the efficiency of basic sanitation service providers in the municipalities of Santa Catarina. In the first stage, the Data Envelopment Analysis (DEA) method is used to obtain sanitation companies’ efficiency scores for the period from 2012 to 2020. In the second stage, the Tobit model is combined with the Differences in Differences (DiD) method to verify the effect of environmental variables, including PMSB and PolMSB, on the efficiency of signed contracts. The results show that regulation did not promote efficiency concerning maximizing the sector’s production - within the observed period - which showed a decline over the years. Another finding is that sanitation companies operated by municipal public authorities, with the exception of local authorities, demonstrate greater efficiency than private operators. Proof of economies of scale and scope in water and sewage services is also relevant.",Revista de Administração Pública,Geral,quantitativo,,,,,,,,,,
44,El impulso de experiencias desde abajo hacia arriba como mecanismo de participación en el diseño de servicios públicos,"Oliver-Mora, Martí; Iñiguez-Rueda, Lupicinio",2016,https://doi.org/10.1590/0034-7612143984,"Abstract This article contributes to the New Public Service by offering a perspective that promotes a more participatory public governance by involving citizens and street-level bureaucrats in the overall design of public services. Focused on primary healthcare in Spain, this article seeks to understand how healthcare professionals detect the social needs of their patients so that they can fulfill them. In order to do this, the article analyzes 19 innovative experiences put forward by healthcare professionals and that are related to the implementation of information and communications technology (ICT) in healthcare. The results of this research contribute to the construction of a model for the design of public services focused on the social needs of the population.",Revista de Administração Pública,Nível de rua,nao identificado,,,,,,,,,,
45,Inovação em serviços de saúde no Brasil: análise dos casos premiados no Concurso de Inovação na Administração Pública Federal,"Ferreira, Vicente da Rocha Soares; Najberg, Estela; Ferreira, Cintia Bragheto; Barbosa, Nelson Bezerra; Borges, Cândido",2014,https://doi.org/10.1590/0034-76121602,"This paper addresses innovation in the public health sector, aiming to describe and analyze the profiles of the cases that have won the Innovation Award in Federal Public Administration, between 1995 and 2011. The study is of a qualitative and descriptive nature, and it was carried out by analyzing 19 cases in healthcare, collected from the National School of Public Administration (Enap) website. These cases were analyzed according to the following dimensions: identification of cases, objectives, type, scope and results of the work. The results show incremental innovations, predominantly in those types of innovation of processes and services, focusing on the search for operational efficiency, and those cases had national coverage. Finally, we suggest measures for governmental incentives for innovation in the public sector, and a research agenda for innovation in the public health sector.",Revista de Administração Pública,Geral,qualitativo,,,,,,,,,,
46,A modernização da gestão e a governança no setor público em Moçambique,"Simione, Albino Alves",2014,https://doi.org/10.1590/0034-76121425,"This article presents a literature review on the models of the new public management and the interactive governance and it provides a reading on the transformations of public administration in the Mozambican State, implemented through the administrative reform, which took place in 2001. It shows the existence of a positive trend towards the creation of new practices aimed at effectiveness, interaction, and public participation in the process for preparing and implementing public policies. However, it also highlights some structural and functional limitations posed by the model adopted, regarding the goals of effectiveness and the achievement of results and participatory processes. It points out that the objectives of creating a new public service, modernized and interactive, require the establishment of horizontal and vertical connections that extend and improve, indeed, the participation of new actors to solve community problems.",Revista de Administração Pública,Geral,nao identificado,,,,,,,,,,
47,A carreira de professor estadual no Brasil: os casos de São Paulo e Rio Grande do Sul,"Barbosa Filho, Fernando de Holanda; pessôa, Samuel de abreu",2011,,"This paper establishes some stylized facts about the public educational system of two Brazilian states: Rio Grande do Sul (RS) and São Paulo (SP). First, this paper shows that teachers' wages are not related with their productivity because wages are mainly affected by tenure. Second, teachers' average wage as fraction of GDP is higher than the one paid in other countries considered example of educational achievements, i.e., there is no evidence that the wages paid in Rio Grande do Sul and São Paulo underpay its teachers, comparing with OCDE countries. Third, the average wage paid to teachers is inferior than the average benefit paid to retired teachers, and retirees represent a heavy burden on this states wage bill, above 50% at Rio Grande do Sul and 35% at São Paulo. Moreover, the paper shows this states retirement rules are extremely generous comparing with other countries. Fourth, the public teachers' wage compression is stronger than the one observed in the job market for workers' with a college degree in both states.",Revista de Administração Pública,Nível de rua,nao identificado,,,,,,,,,,
48,Percepção da qualidade em serviços públicos de saúde: um estudo de caso,"Fadel, Marianella Aguilar Ventura; Regis Filho, Gilsée Ivan",2009,,"Scientific literature stresses the importance of quality in services and how healthcare providers and public services should act to achieve excellence. The perception towards quality is based upon subjective and objective criteria. Being aware of the perception of internal (employees) and external (users) clients regarding the quality of the public service provided can be the first step for the development of actions which will lead to some improvement. This is made by the health system administrator, who needs to get to know both types of client perception to better direct his or her strategies and actions, and by the professionals themselves, who will be more prepared to answer their clients' expectations by understanding quality through their clients' perspective. This article investigates the quality perception of health professionals and users in Brazilian municipal public health services. The study detected some disparities and similarities about determinant factors for quality described in the literature. For health professionals, the technical quality is very important, accounting for 100% of answers, whereas for external clients this is perceived through the interpersonal quality aspects revealed by how health care is provided and how they are treated by the professionals.",Revista de Administração Pública,Geral,qualitativo,,,,,,,,,,
49,Efeito das políticas de provimento ao cargo de diretor na gestão escolar,"Assis, Bruno Sendra de; Marconi, Nelson",2021,https://doi.org/10.1590/0034-761220190470,"Abstract Leadership by a school principal is one of the key factors for ensuring an educational environment conducive to the teaching-learning process. Nevertheless, only a handful of studies have analyzed the determinants of principals’ performance. This study evaluated the potential effect of principal selection policies on teacher perceptions of principal leadership and school climate. The factors were created based on responses to the National Basic Education Assessment System (Sistema Nacional de Avaliação da Educação Básica - Saeb) contextual questionnaires applied in 2013 and 2015. The legislation for filling school principal positions in the 26 states and the Federal District was also analyzed. The results showed a statistically significant difference between the group of schools that carried out “civil service examination only” and “selection process and election” compared to the group that adopted the “appointment only” modality. However, the high variation observed in the climate and leadership coefficients between the federative entities reveals that the local context affects teacher perceptions of these variables. This demonstrates that in addition to the selection process, it is important to consider each locality’s characteristics to select professionals with competencies and skills appropriate to the position’s challenges, which may contribute to better educational outcomes for students.",Revista de Administração Pública,Alto escalão,quantitativo,,,,,,,,,,
50,Estudo dos fatores condicionantes do índice de desenvolvimento humano nos municípios do estado do Paraná: instrumento de controladoria para a tomada de decisões na gestão governamental,"Scarpin, Jorge Eduardo; Slomski, Valmor",2007,,"This article presents a mathematical model for determining the future valueof local HDI of municipalities in the state of Paraná, Brazil, based on current accounting data and other variables. The theoretical framework considers externalities and public assets, analyzing the reasons why public investments are necessary, as well as how the HDI is calculated. This explanatory research uses regression analysis with multiple regressions of 87 independent variables, 10 of them non-accounting and 77 accounting variables. The tests showed that local HDI has relation with past local HDI variables, distance to the state capital, altitude, level of rural population, tax revenue, expenses with civil service personnel, public health and sanitation expenditure, investments and expenses with commerce and industry.",Revista de Administração Pública,Geral,quantitativo,,,,,,,,,,
51,Transferências intergovernamentais são capturadas pelos servidores municipais? Os determinantes da diferença salarial entre o setor público e o setor privado,"Sousa, Kleber Morais de; Monte, Paulo Aguiar do",2023,https://doi.org/10.1590/0034-761220220372,"Abstract This article examines the intergovernmental transfer effects on wage differences between local civil servants and private sector employees. The sample was composed of 5,449 Brazilian municipalities, working with data from 2000 to 2016 clustered in 5,344 minimum comparable areas (MCA). The methodological procedures were quantitative and developed in two steps. The first step was to assess the median wage difference between local civil servants and private sector employees through unconditional quantile regression. The second was the analysis of different wage determinants through multiple regression with panel data, fixed effects, and additional estimations such as cluster-robust standard errors, temporal correlation, and spatial correlation. The results demonstrated that when per capita intergovernmental transfers increase by 1%, the wage difference between local civil servants and private sector employees increases by 0.067%. Besides that, when per capita GDP increases by 1%, the wage difference decreases by 0.036%. Furthermore, the paper observed that populational size increases and electoral competition decreases wage differences between the public and private sectors in Brazilian municipalities.",Revista de Administração Pública,Geral,quantitativo,,,,,,,,,,
52,Contexto e desempenho escolar: análise das notas na Prova Brasil das escolas capixabas por meio de regressão linear múltipla,"Américo, Bruno Luiz; Lacruz, Adonai José",2017,https://doi.org/10.1590/0034-7612160483,"Abstract This article describes the relationship between the school environment and its performance. The study observed the score obtained in the nationwide school evaluation exam called Prova Brasil (2013) by the schools that are part of Espírito Santo’s educational system, analyzing them through multiple linear regression. The sample consisted of 244 schools and 10 environmental variables were analyzed, of which 3 formed the regression model by the stepwise method: Index of Teacher Regularity, Indicator of Teacher Stress and Abandonment Rate. The variables obtained 47.9% of association with the score obtained in Prova Brasil and explained 22% of the score’s variation. In addition, the variables are subject to management from civil servants working in the state’s educational system. The findings reinforce the importance of the school environment, as well as of the teacher, as a way to reduce — through the school — the effects of the unfavorable family and social background.",Revista de Administração Pública,Nível de rua,quantitativo,,,,,,,,,,
53,Antecedentes da satisfação no setor público: um estudo de caso na prefeitura de Santa Maria (RS),"Ladeira, Wagner Junior; Sonza, Igor Bernardi; Berte, Roberto Sarquis",2012,,"In the last fifty years, satisfaction in the public sector has been analyzed by different studies around the world, proving to be a dynamic and contemporary theme. From a review of the main publications in this area, this article investigates the satisfaction background of public employees. In the theoretical/methodological level, we analyze seven constructs (routines, labor specificity, human resource development, feedback, organizational goals conflicts, procedural constraints and characteristics of organizational goals), using the structural equation modeling technique. We performed a descriptive study based on case study through the application of 258 questionnaires in civil servants of the city of Santa Maria, RS, Brazil. The study provides an applied model with seven factors and 11 hypotheses that former the satisfaction, anchored in many literatures of the area. With empirical findings support, we found that satisfaction suffers direct interference of some job characteristics, such as routines, specificities and human resources. Consequently, these work characteristics receive direct influence of the work context.",Revista de Administração Pública,Geral,metodos mistos,,,,,,,,,,
54,Transformação digital no setor público: resistência do usuário ao sistema de contratações federais,"Cavalcante, Elivaldo Filho Godinho; Vilela, Bruno de Almeida; Ferreira, Rui Fernando Correia; Souza Junior, Wesley Canedo de",2025,https://doi.org/10.1590/0034-761220250062,"The use of technology has driven a revolution in public organizations, requiring a shift in mindset regarding service delivery. Despite the benefits of digital transformation, user resistance to information systems has been an ongoing challenge. This article investigates the sources of user resistance and how they can hinder the implementation of information systems within the context of digital transformation in public organizations. This is an exploratory study that examines the sources of resistance from the theoretical dimensions of “personal factors,” “system design,” and “interaction.” The results show that even systems evaluated as intelligent, intuitive, and interactive may face resistance, which typically arises from internal factors (personal factors), with a lesser influence from external factors (system design). This article makes a theoretical contribution to the fields of digital transformation and user resistance, deepening its application in the public sector. Empirically, the contributions help identify the main sources of resistance, providing support to managers and decision-makers in the process of implementing information systems.",Revista de Administração Pública,Geral,nao identificado,,,,,,,,,,
55,How can internal marketing practices help achieve organizational success?,"Santiago, Mafalda Maria Pinto Farrim Fernandes; Coelho, Arnaldo; Bairrada, Cristela Maia",2023,https://doi.org/10.1590/0034-761220220364x,"Abstract Internal marketing is a concept still little recognized and disseminated, with most of the research on this area of marketing focusing on the service sector and well-consolidated and industrialized markets. This article sheds light on the importance of internal marketing practices by identifying their impact on workers’ proactive behavior and life satisfaction while observing the effects of affective commitment and job satisfaction. The study collected 428 valid questionnaires from Portuguese workers (218 in the private sector and 210 in the public sector) and applied structural equation modeling to test the hypotheses. The results showed how adopting an internal marketing perspective can contribute to successful organizational and human resource management. It was observed that internal marketing practices lead to affective commitment and job satisfaction in both the private and public sectors, although more pronounced in the private sector. Also, the findings pointed out that the workers’ affective commitment leads to adopting proactive behavior and life satisfaction only in the public sector and that job satisfaction leads to proactive behavior and life satisfaction for workers of both the private and public sector. This study contributes to increasing understanding of internal marketing, its applicability, and its importance for workers and organizations. Additionally, comparing the private and public sectors helps understand and show how this practice matches the workers’ expectations.",Revista de Administração Pública,Alto escalão,quantitativo,,,,,,,,,,
56,A Casa de Máquinas da administração pública no enfrentamento à COVID-19,"Coelho, Fernando de Souza; Corrêa, Victor; Lisboa, Rafael Lincoln; Resch, Sibelly",2020,https://doi.org/10.1590/0034-761220200382,"Abstract The fight against the COVID-19 pandemic in Brazil requires integrated and coordinated strategies and actions involving different public policy agencies in the local, state, and federal governments, delivering essential services and emergency programs. Such services rely on public administration’s functional areas, designated in this work as the “engine room.” The study uses this particular intra-organizational dimension to describe and analyze the administrative functions in the adjustment of the death care services in a municipality, as the final link in the fight against the SARS-CoV-2. The empirical locus is the death care service of São Paulo, Brazil. The service was chosen because it is a public sector monopoly and São Paulo because of the municipality’s size - one of the biggest in the world. The research adopted documentary analysis and interviews with local public managers, examining the back office of public administration focusing on finance, human resources, processes and information technology, procurement and contracts, logistics and operations, and communication and marketing. The study discusses the mechanisms of public organizations in the context of the pandemic. It leads to a reflection on the key points of such a health crisis considering different realities, recognizing the limits of analyzing an ongoing phenomenon.",Revista de Administração Pública,Geral,metodos mistos,,,,,,,,,,
57,A incompletude dos contratos de ônibus nos tempos da COVID-19,"Lima, Gregório Costa Luz de Souza; Carvalho, Gabriel Stumpf Duarte de; Figueiredo, Miguel Zobaran",2020,https://doi.org/10.1590/0034-761220200292,"Abstract The COVID-19 pandemic poses serious challenges for the public bus service. The fall in demand due to social distancing measures, the intensification of hygiene procedures, the acquisition of personal protective equipment, and restrictions on vehicle capacity threaten the financial viability of Brazilian public transportation. The COVID-19 pandemic may be characterized as a force majeure event, giving rise to an economic-financial balancing of public bus service contracts. However, this solution must be built by the public administration and transport companies to guarantee the interests and needs of both parties. Therefore, this article offers strategies to continue operating the service during the pandemic and to achieve economic and financial equilibrium protecting the public interest. Overcoming the uncertainties and consequences caused by the pandemic requires relationships of trust and mutual support between the private sector (operators) and government.",Revista de Administração Pública,Geral,nao identificado,,,,,,,,,,
58,Public-private relation in the Brazilian policy of tertiary care for cardiovascular conditions,"Oliveira, Petter Ricardo de; Guerra, Mariana; Gomes, Adalmir de Oliveira; Martins, Aiane Luiz",2019,https://doi.org/10.1590/0034-761220170179x,"Abstract Specialized health care in Brazil has been provided by the private sector under public regulation and financing since the 1950s. It continued after the promulgation of the 1988 Federal Constitution, which also created the Unified Health System (SUS). In the last decades, the share of the private sector has increased in tertiary care, including cardiovascular services, generating changes in SUS. This study analyzes the public-private relationship in the National Tertiary Care Policy for Cardiovascular Conditions from 2008 to 2014. The results indicate that, compared to the public sector, the private sector has a greater share in both tertiary care for cardiovascular conditions and receivables for providing health services. This points to a contradiction in the management of the health system in Brazil, which, albeit public, all-population-oriented, and free in its conception, has privileged the private sector.",Revista de Administração Pública,Geral,nao identificado,,,,,,,,,,
59,Projetos de parceria público-privada: fatores que influenciam o avanço dessas iniciativas,"Thamer, Rogério; Lazzarini, Sérgio Giovanetti",2015,https://doi.org/10.1590/0034-7612119746,"Based on the theoretical framework of governance and economic institutions, this research aims to identify and test critical factors for public-private partnerships (PPPs) to advance in their pre-contractual stages. Using a Poisson regression model over a sample of 177 projects developed at Brazilian state level, empirical results show the relevance for the public sector in nurturing PPP specialized agencies to interact with private companies and define regulatory models that create incentives for the private partner to be involved since the initial phases of the project. Our results also indicate that PPPs more evolve in localities with moderate levels of corruption. From the point of view of the companies, the search for partners that add complementary competencies to the private consortium is an important step for the advance of PPP contracts.",Revista de Administração Pública,Geral,quantitativo,,,,,,,,,,
60,CRM na administração pública: desenvolvimento e validação de uma Escala de Relacionamento com o Cidadão (ERCi),"Demo, Gisela; Pessôa, Renata",2015,https://doi.org/10.1590/0034-7612131226,"Companies use the Customer Relationship Management (CRM) to establish long-term relation ships with their customers in order to keep them satisfied and loyal. In this context, Citizen Relationship Management (CiRM) emerges in the public sector as a strategy to improve citizens' service and to encourage citizenship as well. Considering the gap in the literature on the subject, the aim of this multi-method study was to validate an instrument to assess the perception of citizens regarding CiRM initiatives in public management. The main contribution of this work is the validation of an instrument, in both complete and reduced versions, with very reliable psychometric rates, which can be used as a diagnostic tool by public managers to promote an effective relationship management with citizens.",Revista de Administração Pública,Geral,nao identificado,,,,,,,,,,
61,A Defensoria Pública do estado do Pará: uma observação sistêmica da capacidade institucional,"Vidal, Josep Pont",2014,https://doi.org/10.1590/0034-76121174,"This paper presents the results of an empirical observation in the Nuclei of the Public Defender Office in the Metropolitan Region of Belém and in the Nuclei in the towns of Marabá and Santarém, in Pará, Brazil. With some modifications, it is inspired by the idea of self-referential systems proposed by Niklas Luhmann. The first-degree observation operationalized through questionnaires aims to analyze the institutional and administrative capacity of the Public Defender Office, starting from a scheme formed by the convergence of various theoretical concepts for observing and grasping public organizations. The second-degree observation is operationalized through semi-structured interviews.",Revista de Administração Pública,Geral,metodos mistos,,,,,,,,,,
62,Estudos internacionais sobre inovação no setor público: como a teoria da inovação em serviços pode contribuir?,"Lima, Dagomar Henriques; Vargas, Eduardo Raupp de",2012,,"The article puts in perspective the current discussion about public sector innovation in international journals, in comparison with the theory of innovation in services, aiming to identify research opportunities. Articles reviewed were retrieved from the science direct basis for the period 2006 to 2010. The articles review was based on six categories of analysis that served to reveal the authors approaches. We conclude that the authors of the sampled studies have limited interaction with the literature of innovation in services. Innovation is approached as a change imposed from the top down in contrast with an approach of innovation as an interactive process intrinsic to public administration. It identifies opportunities for more detailed research at the organizational level and at the micro level which recognize the specificities of the public sector.",Revista de Administração Pública,Geral,nao identificado,,,,,,,,,,
63,Qualidade e satisfação na administração local: avaliação da satisfação dos munícipes da Amave NUTIII/AVE,"Cardoso, Agostinho; Cardoso, António",2011,,"Today's citizens demand and expect more and better services by the public sector, so the answer must be quick and efficient in order to streamline processes, facilitate their access and provide high quality standards. This study focuses on the following question: Are there significant differences in background (image, expectations, perceived value and, with particular emphasis, the perceived quality,) and subsequent satisfaction (loyalty and complaints) of the citizens? To this end, we designed a framework for research based on the model and latent variables of ECSI, which adds items of SERVQUAL model, CMT and CAF. The method used was a quantitative and descriptive, the target of study, residents who use the services provided by local councils that make up the geographical division of the Association of Municipalities of Vale do Ave, NUTIII / Ave (Vieira do Minho, Póvoa de Lanhoso, Fafe, Guimarães, Vizela, Vila Nova de Famalicão, Cabeceiras de Basto and Mondim de Basto). The results show that all these factors have a positive and significant effect on overall satisfaction and the citizen that there are significant differences between the eight municipalities.",Revista de Administração Pública,Alto escalão,quantitativo,,,,,,,,,,
64,Consórcio de medicamentos no Paraná: análise de cobertura e custos,"Ferraes, Alide Marina Biehl; Cordoni Junior, Luiz",2007,,"Public administrators are always concerned in reducing the costs of drug purchases. This article analyzes the coverage and costs of the Paraná Health Consortium (CPS) which was created to purchase drugs for municipalities of the state of Paraná, Brazil. Coverage included the participating municipalities and their populations. The costs of the acquired drugs were compared to the values available in the Price Database of the Health Department (BP/MS). Until the end of 2000, the CPS had covered 88.2% of the municipalities and 55.6% of the Paraná population. Among the participating municipalities, 83.5% had fewer than 20,000 inhabitants. The prices of 55 items available on the purchase list of the CPS and in the BP/ MS were compared: 46 were lower, one was the same and eight were higher than those of the BP/MS. Acquisition by the consortium has cost R$ 332,397.70 (29.7%) less than that by the BP/MS standards. The implementation of the CPS was found to be a good administrative strategy of pharmacoeconomics which led to agility and rationality in the use of financial resources, allowing wider access of the population to drugs.",Revista de Administração Pública,Alto escalão,nao identificado,,,,,,,,,,
65,Terceira Vara da Infância e da Juventude de Porto Alegre: um estudo da aplicação da análise administrativa na modernização do Estado,"Costa, Silvia Generali da",2006,,"This paper describes the experience of applying the administrative analysis tool to the modernization of public management, more specifically at the 3rd Infancy and Youth Judgeship of Porto Alegre, Brazil. An action-survey was carried with the following goals: to qualify management procedures; to provide more effective service to clients; to standardize the main administrative processes, aiming at the future municipalization of the socio-educational measures to be applied with open sentencing. The experience has suggested that, in spite of strongly bureaucratized state structures, it is possible to employ rationalization techniques for administrative processes in specific sectors of the State, with relevant results for users of the system and a low implementation cost.",Revista de Administração Pública,Geral,quantitativo,,,,,,,,,,
66,Gênero entre julgamentos de direitos e merecimento: enquadramentos sobre saúde reprodutiva na linha de frente dos serviços públicos,"Miranda, Juliana Rocha; Lotta, Gabriela Spanghero",2025,https://doi.org/10.1590/0034-761220240359,"This article analyzes the connection between framings on gender and reproductive health issues and the narratives operated by frontline workers in public services, seeking to answer the questions: how do framings on gender and reproductive health appear in the work context of these actors? To what extent do implementing agents’ narratives reproduce or confront these frameworks? We selected a case of implementation of reproductive health care in a policy in which there is close and recurrent contact between agents and users. Methodologically, the research was constructed by i) mapping of the main framings on reproductive health and ii) semi-structured interviews with 32 frontline agentes of the Family Health Strategy (doctors, nursing professionals, community health workers and multidisciplinary professionals). The frameworks mapped were: natalism; population control; maternal and child health; comprehensive care for women’s health; individual rights; individual and social rights. The results show that these repertoires are present among agents, but they are not exclusive or presented linearly and navigate between judgments based on rights and judgments based on deservingness. These are predominant and blame women for deviating from social expectations of gender. The work contributes to studies that connect the street level with broader sociological issues, by demonstrating the reasonings present in the front line of the State on gender and reproductive health and how they are operated.",Revista de Administração Pública,Nível de rua,qualitativo,,,,,,,,,,
67,Heterogeneidades das políticas estaduais de distanciamento social diante da COVID-19: aspectos políticos e técnico-administrativos,"Pereira, Ana Karine; Oliveira, Marília Silva; Sampaio, Thiago da Silva",2020,https://doi.org/10.1590/0034-761220200323,"Abstract This article aims to analyze the leadership of Brazilian state governments on lockdown and social distancing policies to keep COVID-19 from spreading. It is assumed that the states’ policies on this matter are heterogeneous, and their implementation regarding how commercial activities - and others that potentially involve a large concentration of people - is asymmetric. Therefore, the study observed the debates on policy-making processes and on autonomy and federalism to investigate the influence of political or technical-administrative factors on policies adopted at the state level in Brazil. The methodology used content analysis of 134 state norms, mapping the political-party alignment of state governors to the president, analysis of medical and hospital resources of each federation unit based on the National Register of Health Establishments. The emergency context revealed low inter-federative coordination by the federal government, competition among states, and states leadership in crisis management at the local level. The article presents evidence that state governments’ leadership cannot be justified by political party alignment with the president. However, there is a correspondence between both the local health system capacity and the rigor of lockdown and social distancing policies, which indicates that, in an intense social disorder situation, technical rationality was preferable to political bargaining.",Revista de Administração Pública,Geral,qualitativo,,,,,,,,,,
68,As causas do declínio e da extinção de organizações públicas: o estudo de caso da Fundap,"Silva, Álvaro da; Gomes, Ricardo Corrêa",2026,https://doi.org/10.1590/0034-761220250457,"Abstract This article examines the decline and extinction of the Fundação do Desenvolvimento Administrativo (Fundap), a public organization created to support the modernization of public administration in the State of São Paulo, Brazil. Drawing on a qualitative case study based on document analysis and 33 interviews with key actors, the study identifies a cumulative mechanism of deinstitutionalization that preceded the formal decision to terminate the organization. The findings show that the loss of political-institutional legitimacy, constraints on financial resources, and the erosion of technical and administrative capacity interacted over time, progressively increasing the organization’s vulnerability. By shifting the analytical focus from the termination decision to the organizational trajectory that precedes it, the article contributes to the public administration literature on termination and institutional reorganization. It demonstrates that organizational extinction in the public sector is the culmination of a relational and cumulative process of erosion, rather than merely the outcome of an isolated political decision.",Revista de Administração Pública,Geral,qualitativo,,,,,,,,,,
69,Cooperação intermunicipal na Política Nacional de Meio Ambiente: as capacidades estatais importam?,"Santos, Jaedson Gomes dos; Silva, André Luís Nogueira da; Melo, Cadmiel Mergulhão Onofre de; Melo, Yasmim Marques de",2022,https://doi.org/10.1590/0034-761220220110,"Abstract The institutional framework of the National Environmental System assigns complex responsibilities to municipalities, which are often unviable in financial, technical, and operational terms. Cooperation emerges as an alternative to face the lack of resources and the inability of some municipalities to execute the guidelines provided for by the National Environmental Policy in an isolated way. This research examines the relationship between intermunicipal cooperation and municipal state capacities in the implementation of the environmental policy in Brazil, aiming to identify if state capacity, in different dimensions, is a relevant characteristic for municipalities participating in environmental public consortiums. This research used secondary data to employ a quantitative approach through logistic regression analysis, investigating the occurrence of intermunicipal cooperative arrangements in 4.479 Brazilian municipalities. In general terms, the results demonstrate that high administrative capacity and greater fiscal performance tend to reduce the incentives for the municipality to cooperate with others while implementing the PNMA at the local level. Also, the findings indicate that the availability of technical, political-relational, and institutional capacity increases the probability of cooperation.",Revista de Administração Pública,Nível de rua,quantitativo,,,,,,,,,,
70,A lógica fantasmática do e-government e o discurso da inovação em Cabo Verde,"Fernandes, Osíris Luís da Cunha; Paiva Júnior, Fernando Gomes de; Fernandes, Nelson da Cruz Monteiro; Costa, Marconi Freitas da",2020,https://doi.org/10.1590/0034-761220190156,"Abstract This study aims to deepen the reflections on E-government (E-gov) from an analysis of the discursive field of innovation in the public sector in Cape Verde from the point of view of Laclau and Mouffe’s Discourse Theory. An instrumental case study was conducted using the reproduction method proposed by Glynos and Howarth and discourse analysis (French matrix). The aim was to unveil the phantasmatic logic of the discursive articulation of this social practice of the subjects that constituted the E-gov. The results show that although E-gov is an incomplete, vulnerable, and contingent entity, the identity of the agents involved in its discursive articulation depends on its capacity to reiterate the discourses of ‘the information society,’ ‘E-government as a strategic option for development,’ and ‘state reform and administrative modernization’ over time. However, E-gov has revealed itself as a discursive system impregnated with demands related to an occasional technicality and to the implicit belief of agents of the Cape Verdean public sector that the use of ICT by public institutions generates structuring advances in administrative modernization and social transformation.",Revista de Administração Pública,Geral,metodos mistos,,,,,,,,,,
71,Implementação da Política Nacional de Resíduos Sólidos,"Maiello, Antonella; Britto, Ana Lucia Nogueira de Paiva; Valle, Tatiana Freitas",2018,https://doi.org/10.1590/0034-7612155117,"Abstract In Brazil there has been great difficulty in politically and administratively integrating the different levels of government that are formulating and implementing these policies, especially in regard to the relationships between the government bodies formulating guidelines at the national level and those at the local level. According to current legislation, the municipalities are responsible for the management of urban solid waste (USW) and urban sanitation. Federal Law 12,305/2010, establishes the Brazilian National Policy on Solid Waste (PNRS), and establishes principles and objectives for the country, but these activities are to be implemented at the municipal level. Are these municipalities capable of fulfilling this task? This article proposes a methodology based on gap analysis using data from the National Sanitation Information System (Snis) to identify the extent to which PNRS has been implemented in the Rio de Janeiro Metropolitan Area (RJMA). The results show an increase in the universality of the service in RJMA municipalities, but most of the PNRS objectives have been ignored and there are no local policy guidelines to be put in place and monitored. In addition to this, we have found that there has been poor implementation of the federal law. By interpreting this finding through the theoretical framework of institutionalism, our conclusions raise new questions and identify possible paths for future research.",Revista de Administração Pública,Nível de rua,nao identificado,,,,,,,,,,
72,Análise da aplicabilidade do modelo gerencial na administração municipal,"Araújo, Priscila Gomes de; Pereira, José Roberto",2012,,"This objective of this article is to identify and analyze the reasons why the administration of a municipality in the state of Minas Gerais, Brazil, has not adopted in full, the management model, given the elapsed time over 15 years since the last reform of the state and more than eight years of ""management shock"" of Minas Gerais. For this purpose, we used as a parameter to analyse and research the Index of Public Administration Management (IAPG), developed by Freitas Jr. (2009), based on theoretical assumptions of the model of public management. Accordingly, we performed an analysis of the characteristics and objectives of the management model, as well as the demonstration of efforts to use this model in Brazilian public administration at all three levels of government. The methodological approach is qualitative, theoretical and empirical, adopting as a tool for gathering information a script interviews with mayors, chiefs of staff, councilors and secretaries of the last two municipal administrations, which correspond to the mandates of the 2001 to 2004 and 2005 to 2008. The results show that the biggest obstacle to the effective adoption of the model of public management in the municipality is the lack of management capacity and knowledge of their own mayors from the model. In this sense, there is a need to train and qualify in the municipal government to act professionally in the local as well as strength the channels of popular participation as a means of social control of public administration.",Revista de Administração Pública,Geral,qualitativo,,,,,,,,,,
73,"Os múltiplos papéis dos governos estaduais na política educacional brasileira: os casos do Ceará, Mato Grosso do Sul, São Paulo e Pará","Segatto, Catarina Ianni; Abrucio, Fernando Luiz",2018,https://doi.org/10.1590/0034-761220170047,"Abstract The literature on federalism shows that the coordination of the Brazilian federal government is central to guarantee more consistency in social policies of subnational governments. This article aims to understand the role of intergovernmental relations in municipal education policies. Despite the constitutional determinations of collaboration among federal entities, there are different relationship models between states and municipalities in the education policy. This study is based on the comparison of four states — Ceará, Mato Grosso do Sul, São Paulo, and Pará — with different models of relationship seeking to identify the results in municipal policies. Questionnaires and semi-structured interviews were conducted and the analysis shows that the type of cooperation has implications in institutional and financial capacities, in the coordination of municipal policies, and in the implementation of federal policies.",Revista de Administração Pública,Geral,metodos mistos,,,,,,,,,,
74,Planos diretores e participação política: políticas públicas de planejamento entre o empresariamento e o estatuto da cidade,"Goulart, Jefferson O.; Terci, Eliana Tadeu; Otero, Estevam Vanale",2016,https://doi.org/10.1590/0034-7612147853,"Abstrct Using the review of interdisciplinary thematic literature on the subject and a comparative study of three medium-sized cities in the interior of São Paulo State, Piracicaba, Bauru and Rio Claro as its theoretical and methodological framework, this paper analyzes the effectiveness of Participatory Master Plans within a paradoxical context. You have, on the one hand, the legal requirement to design plans based on the social function of property and using participatory processes and, on the other, you have strong pressure for municipalities to attract investment and reproduce the urban entrepreneurship model in their public policies. In a scenario where the country is undergoing a democratization process and where you have a new institutional arrangement for urban planning, as in, for example, the chapter on Urban Policy in the Constitution of 1988 and Federal Law No 10.257/2001 (City Ordinances), a contemporary empirical examination clearly shows the limited efficiency of Master Plans. It is also clear that the variation of participatory experimentation in their effective capacity to democratize decisions is low, highlighting the fact that the conduct of current governments is decisive with regard to such participation.",Revista de Administração Pública,Alto escalão,quantitativo,,,,,,,,,,
75,O mapeamento da institucionalização dos conselhos gestores de políticas públicas nos municípios brasileiros,"Rojas Buvinich, Danitza Passamai",2014,,"Currently, Brazil has more than 40,000 councils for managing public policies spread throughout towns. However, how are structured these spaces that constitute a broad participatory network for developing and implementing public policies? Having as a basis a classificatory model developed through theoretical approaches related to social participation, deliberative democracy, and legislative analysis, this exploratory paper identifies the main institutional characteristics concerning mandatory conformation, nature of the representation, composition, and decision-making capacity; and possible regional patterns in the implementation of the councils network. As a result, we identified that most councils do not have mandatory conformation. Nevertheless, there is a direct relationship between mandatory conformation and the implementation degree of municipal public policies. We also identified unique regional institutional conformation patterns: councils in the Northeast region are proportionately more balanced and deliberative than those in the South and Southeast regions. Finally, the cross-sectional data analysis points out a tendency for change in the institutional model of Brazilian councils.",Revista de Administração Pública,Geral,nao identificado,,,,,,,,,,
76,Instrumentos e integração de políticas públicas: a rede do Cadastro Único,"Direito, Denise do Carmo; Koga, Natalia Massaco",2020,https://doi.org/10.1590/0034-761220190092,"Abstract This article analyzes the capacity of policy integration through implementation tools. The research builds on studies on policy implementation, which understand such tools as “the state in action,” i.e., instruments through which governments operate and deliver public services (Lascoumes & Le Galès, 2007; Linder & Peters, 1990). The research examines the case of the Brazilian Single Registry for Social Programs (Cadastro Único or CadUnico). The Single Registry is understood as part of a network providing social protection to the Brazilian population in social vulnerability. This work examines CadUnico as a complex system formed of a database and a set of norms and processes that work within the structure of local governments. The system gathers data used to coordinate 20 social programs, helping to select beneficiaries and manage policies that serve 27 million low-income families, reaching almost 80 million people. We adopted the social network analysis as a research method, seeking to answer two main questions: what is the position occupied by the Single Registry in the network of relationships formed by the federal social policies which use it, and what are the conditions and the level of integration which it promotes among these federal user policies? The metrics and sociograms of two distinct timeframes, 2016 and 2018, have demonstrated that, although the Single Register for Social Programs offers elements to promote some integration among public policies, there is no evidence of its effectiveness to this end.",Revista de Administração Pública,Geral,quantitativo,,,,,,,,,,
77,Gestão da cadeia de suprimento do setor público: uma alternativa para controle de gastos correntes no Brasil,"Tridapalli, Juarez Paulo; Fernandes, Elton; Machado, Waltair Vieira",2011,,"All governments are being subdued to budgetary restrictions, to make more with less and the society is demanding for more transparency, justice and equity in the public contracts. Technology is more and more present, offering a wider range of products with environmental concern. All governmental effort for the quality improvement of current expenditures with assets and services used in the public sector must go through the modernization of the supply chain management. In most cases this effort is reduced to part of the process, such as the procurement systems. It is shown that there is a huge modernization potential in other stages of the logistic process, as the inventory management, standardizing engineering and specification of assets and services, contracts and suppliers' management. This is relevant for the public administration, because the expenditures with purchase of assets and services may represent up to 36% of the budget of government unities. This way, it is up to the public power to develop techniques or to adapt them from the private initiative and incorporate them to the public administration for the increasing of efficiency and capacity of those expenditures. The research in Brazil in this public administration area are deficient and require efforts from researchers to solve doubts still persistent, such as the reasons for the low use of the electronic commerce, the difficulties for the suppliers to participate more intensively in the process and the techniques of supply chain management adapted to the public sector. Our research has identified that the public expenditures management in Brazil must be treated in all stages of assets and services supply chain, as the intensive use of electronic commerce, that is, since the survey for the needs to the final use, with integrated systems. The great majority of government unities in Brazil is not using appropriate techniques for planning the material and services needs aligned with strategic plan, suppliers development, virtual process, inventory management, relevant expenditures management and other important one - inside an integrative view, as much internal as external, to minimize operational costs of transactions - , the reach of expenditures reduction goals, improvement of investment capacity and maximization of essential services to the population.",Revista de Administração Pública,Geral,quantitativo,,,,,,,,,,
78,Sistemas de direção e práticas de gestão governamental em secretarias estaduais de Saúde,"Lotufo, Márcia; Miranda, Alcides Silva de",2007,,"This article deals with issues concerning the poor capability of governments in planning and implementing public policies and considers particularly some cases of government management inside state departments of health, according to their own managers. It is also an organizational case study of 12 state departments of health with intricate levels of analysis. The study adopted the 'content analysis' method, considering statements of public managers of the healthcare sector in which they pointed out their managerial ways and practices, as well as their policy-making, decision-making, and program implementation processes. The main subjects highlighted by the reports refer to the characteristics of both managers and management within the state government. They also indicate some difficulties and gaps in policy-making processes, in the use of planning and programming technologies, in the configuration of strategic management systems, and in the implementation of public healthcare policies. On the other hand there have been investments to improve management qualification, as well as a gradual increase in the capability of state governments in carrying out and implementing their policies.",Revista de Administração Pública,Geral,metodos mistos,,,,,,,,,,
79,The role of intergovernmental relations in response to a wicked problem: an analysis of the COVID-19 crisis in the BRICS countries,"Oliveira, Jose A. Puppim de; Barabashev, Alexey G.; Tapscott, Christopher; Thompson, Lisa Ingrid; Qian, Haoqi",2021,https://doi.org/10.1590/0034-761220200501,"Abstract Globally, policy environments have become increasingly more complex with the growth in the number of wicked problems, such as that posed by the COVID-19 pandemic. In their response to these problems, public administrations have, from necessity, become heavily reliant on their intergovernmental relations systems, as the challenges posed generally require multilevel responses. This paper analyzes the role of intergovernmental relations in shaping the responses of the BRICS countries when confronted with COVID-19. We develop an analytical framework to understand the dynamics of intergovernmental relations in these countries. Based on this we assess the capacity of the state and political systems to manage intergovernmental relations and ensure effective responses to the COVID-19 crisis. This framework is based on an analysis of three dimensions of the policy domain: the political and state system, formal and informal institutions, and the political alignment between them. Whilst state and political systems were found to be instrumental in formulating an immediate response to the crisis, informal institutions and political processes also played a prominent role in determining the extent to which strategies were implemented, particularly in countries that are more decentralized. Countries lacking the robust formal institutions needed to facilitate intergovernmental relations and to ensure swift policy responses, tend to deliver ineffective and inefficient results when confronted with wicked problems.",Revista de Administração Pública,Geral,nao identificado,,,,,,,,,,
80,Liderança no Judiciário: o reconhecimento de magistrados como líderes,"Vieira, Luciano José Martins; Costa, Silvia Generali da",2013,,"Considering the social pressures in recent years by changes in the Judiciary, the study aims to identify what makes a magistrate of the State Justice of Rio Grande do Sul is recognized as a leader by their peers. For both describes the functions of leadership and reflects on the leadership in the public sector. Were performed semi-structured interviews with 12 magistrates and the data analysis was through the content analysis technique. It was found that the recognition result from the election and choice to occupy important posts, the legal knowledge, the management capacity and interaction and mobilization skills. The practiced leadership finds barriers in the organizational structure, the difficulty of dialog and of cooperation between magistrates, and the lack of a specific training in leadership and management.",Revista de Administração Pública,Geral,qualitativo,,,,,,,,,,
81,"Avaliando a capacidade de governo: reflexões sobre a experiência do prêmio ""Municípios que Fazem Render Mais"" (2010 e 2011)","Fonseca, Francisco; Beltrão, Ricardo Ernesto Vasquez; Prado, Otávio",2013,,"This article examines conceptually the experience Award ""Municipalities that Make More Render"", developed by researchers at the Center for Studies in Public Administration and Government of the Getulio Vargas Foundation in São Paulo, in two stages: in the Southern states in 2010 and in the state of São Paulo in 2011. From the concept of ""triangle of government,"" developed by Carlos Matus in his construct of the Strategic Situational Planning analyzes especially the ""capacity to govern"" - one of the vertices of the triangle - the municipalities included in the Award. The article describes the assumptions that inform the Award, as well as the criteria and methodology adopted, and reflects on the choices made to reward municipalities to analyze the challenges of evaluating municipal administrations. Finally, the article analyzes specific counties, which implies establishing parameters for comparing very different contexts and managements.",Revista de Administração Pública,Geral,nao identificado,,,,,,,,,,
82,Expanding the frontiers of climate action research in Latin America: a policy studies perspective,"Oliveira, Osmany Porto de; Maillet, Antoine",2026,https://doi.org/10.1590/0034-761220260114x,"Abstract Latin America has experienced increasingly frequent extreme events, which have heightened the urgency of mitigation and adaptation efforts. The region offers a rich and complex context for examining how climate action, which involves a wide array of actors operating at multiple levels, is formulated and implemented across diverse political, social, and institutional settings. Yet research on climate action grounded in policy studies in Latin America remains incipient, limiting the region’s contribution to broader theoretical debates. This dossier contributes to structuring this emerging field by highlighting six key dimensions, which are discussed in this introduction. First, it shows how Latin America’s specificities — its democratic trajectories, persistent inequalities, and distinctive geographies — shape the emergence and evolution of climate policies. Second, it examines cycles of policy construction, dismantling, and reconstruction, which reveal the political volatility surrounding climate commitments. Third, it underscores the differentiated levels of climate policy capacity across countries and municipalities, with implications for implementation and coordination. Fourth, it calls for deeper engagement with the design, diffusion, and translation of climate policy instruments, whose circulation is increasingly influenced by transnational networks. Fifth, it emphasizes the growing relevance of multilevel and transnational governance, where cities often innovate and act autonomously, sometimes in tension with national governments. Finally, it highlights the central yet unequal role of social participation, particularly given the disproportionate impacts of climate change on vulnerable populations. Together, these contributions highlight the relevance of Latin America for advancing climate policy research and underscore the value of engaging policy-studies perspectives more systematically.",Revista de Administração Pública,Geral,nao identificado,,,,,,,,,,
83,Conditions for outcomes evaluation in public policies: a debate on the role of institutionality,"Queiroz, Lucia de Fatima Nascimento de; Capelari, Mauro Guilherme Maidana",2020,https://doi.org/10.1590/0034-761220190258x,"Abstract The goals of this analysis are (i) to offer elements of reflection to the actors who design and implement public policies; (ii) to keep the debate on outcomes evaluation alight; (iii) to contribute toward integrating the debate on evaluation to the complexity of actions in the public sector. This theoretical essay researched works published on the subject from 1979 to 2019. The investigation of the approaches offered by the selected authors allowed identifying variables that are relevant to the analysis of public policies. The variables are expressed in the influences of institutional trajectories, actors, and organizational context. The analysis brings the following concluions: (i) the link between institutionality and the capacity to conduct results evaluations in public policies deserves attention in future studies; (ii) the debate on the topic can be strengthened by analyses that consider not only the decisions adopted, but also the rules, norms and strategies that define the political-institutional scene in which public policies are implemented.",Revista de Administração Pública,Geral,nao identificado,,,,,,,,,,
84,"Governança corporativa em empresas estatais: avanços, propostas e limitações","Fontes Filho, Joaquim Rubens; Picolin, Lidice Meireles",2008,,"Despite the extensive process of privatization that has been undertaken in many countries during the 80s and 90s, the state-owned enterprises (SOEs) remain performing an important role in the implementation of public policies and in the offering of goods and services to the society. Meanwhile, their institutional nature and control structure make it complex to define their operational objectives, to assess their performance and even to manage them, as their work depends on the guidance of their direct controller, the State, but also on the diffuse interests of their indirect controller, the society, plus the expectations of the private investors in public listed SOEs. In this context, this article analyzes the guidelines for the corporate governance of SOEs, proposed by the Organisation for Economic Co-operation and Development (OECD) in 2005, which establishes references for the relationship between the State, board members, managers, investors and other stakeholders in the SOEs. The article discusses the adequacy of those guidelines for Brazilian SOEs and investigate their potential impact on the State's capacity to monitor and control its companies.",Revista de Administração Pública,Geral,nao identificado,,,,,,,,,,
85,National insights from local policy agendas: emerging patterns in municipal currencies in Brazil,"Lorenzo, Manuela F; Diniz, Eduardo H.; Nascimento, Kevin Flauzino do; Faria, Luiz Arthur S. de",2026,https://doi.org/10.1590/0034-761220250420x,"Abstract This paper examines the emerging landscape of municipal currencies in Brazil using government program documents submitted by mayoral candidates to Brazil’s Superior Electoral Court (TSE) during the 2024 elections. We employ computational text analysis to identify and classify municipal currency proposals. Our findings reveal 98 elected mayors proposing such initiatives: 61 “social currencies” connected to municipal basic income programs, 40 “green currencies” linked to recycling schemes, and three hybrid cases. The results reveal important regional and partisan dynamics shaping municipal monetary innovation in Brazil and open a broader discussion about the rise of local-level policymaking. These initiatives are strongly concentrated in the Southeast and Northeast regions, supporting policy diffusion theories that emphasize neighborhood effects and the role of pioneering municipalities such as Maricá (RJ). Local-level analysis indicates that, once major outliers are excluded, the adoption of municipal currencies is not restricted to wealthier municipalities, suggesting that fiscal capacity alone does not explain their diffusion. From a political perspective, the findings challenge conventional expectations by showing that municipal currencies are not confined to left-wing agendas: most proposals originate from right-wing and center-right parties, particularly in the case of green currencies. This points to a reframing of these instruments as tools of local economic management rather than purely redistributive policies. Finally, the article suggests that municipal currencies in Brazil have evolved from isolated experiments into a diversified and cross-cutting policy instrument. The study also provides a basis for monitoring the implementation of these commitments during the 2025-2028 municipal terms.",Revista de Administração Pública,Nível de rua,quantitativo,,,,,,,,,,
86,Alinhamento partidário e oferta de políticas públicas no Brasil,"Lira, Evertton",2023,https://doi.org/10.1590/0034-761220220135,"Abstract This research examines whether local governments politically aligned with the president’s party offer more public policies. The delivery of public services is one of the central activities of governments. Since the political parties control the executive branch in both federal and local government, it is reasonable to expect that their partisan and electoral interests will influence policy implementation. This study analyzes the coverage of primary healthcare as an indicator of policy delivery. Given the strong sharing of responsibilities among federated entities, I argue that the federal government implements public policies strategically, increasing the supply of services in partisan-aligned municipalities. To empirically test this relationship, I estimate the causal effect of alignment using a regression-discontinuity design for close elections. The results indicate that partisan-aligned municipalities have, on average, 3% higher coverage of primary healthcare than others governed by opposition parties. In a city with 10,000 inhabitants, for example, this would mean 300 more people receiving healthcare.",Revista de Administração Pública,Geral,quantitativo,,,,,,,,,,
87,Evaluation of collaborative strategies for ecotourism and recreational activities in natural parks of Rio de Janeiro,"Cohen, Marcos; Silva, Jorge Ferreira da",2010,,"In the city of Rio de Janeiro, the management agencies of environmental conservation units of the park type have been attempting to meet five primary objectives set by the National System for Conservation Units (NSCU), using participatory management guidelines for these units. Two of these objectives relate to the development of recreation activities that involve contact with nature and ecological tourism. This article presents the analyses and conclusions regarding the implementation of collaborative strategies with businesses to achieve such objectives; it is part of a series of research studies having a broader scope. Case studies were conducted in eight parks by means of dozens of interviews with managers and other interested social actors, as well as by documentary research and direct observation. The results suggest that the ecotourism objective is still far from being reached, and that the collaborative strategies used are not sufficient to compensate for the organizational, material and human limitations that encumber these agencies. It was also concluded for the sample that there lacks a strategic vision on the part of the three branches of government involved in the management of these parks in the sense of viewing ecotourism in the city's conservation units as a powerful means to foster local sustainable development.",Revista de Administração Pública,Geral,qualitativo,,,,,,,,,,
88,Da confrontação à reação das instituições democráticas - um novo federalismo pós-COVID?,"Ouverney, Assis Mafort; Fleury, Sonia",2025,https://doi.org/10.1590/0034-761220240274,"Abstract This article analyzes the transformations driven by the COVID-19 pandemic in Brazilian federalism, especially in the health area, highlighting the impacts on the pattern of intergovernmental relations established over the past three decades and discussing the possible legacies for current governments. Using a specific model based on historical neo-institutionalism and articulating the concepts of critical juncture and path dependence, the study examined the dynamics of the main actors and institutions in the national health arena, emphasizing their positions, strategies, disputes, and consensus; the level of government in which they operate; and the instruments, devices, and standards issued, comparing these elements with the trajectory of the pandemic. The results show a threefold structural shift in the implementation of the health policy, in which federative coordination was exercised by state and municipal health departments and their representative entities. Meanwhile, Congress and its parliamentary caucuses assumed the formulation of policies to support subnational entities. In turn, the Supreme Federal Court took responsibility for safeguarding the autonomy of state governments in the decentralized management of the health system. Finally, the article discusses the potential impacts of this shift on federal institutions and policy coordination within the Brazilian Unified Health System (SUS) in the current government cycle.",Revista de Administração Pública,Geral,nao identificado,,,,,,,,,,
89,Determinantes das irregularidades na gestão pública municipal: o caso dos municípios do estado de São Paulo,"SILVA, ABINAIR BERNARDES DA; FERREIRA, AUGUSTA DA CONCEIÇÃO SANTOS; MOUTINHO, VICTOR FERREIRA",2023,https://doi.org/10.1590/0034-761220220398,"Abstract The municipal external control exercised by the Courts of Accounts reveals the irregularities found in the accounts of municipal governments through the disclosure of audit reports. They have been empirically analyzed from the point of view of their classification in terms of severity, but few studies aim to identify the factors that influence such failures. Having verified this gap, the main objective of this study is to identify factors that may influence lapses in municipal public management pointed out by the audit of the Court of Accounts. This article contributes to further research on this topic and to improving management in municipalities. This is an exploratory analysis based on econometric models for panel data. The sample includes 179 municipalities in São Paulo, with data for 2011, 2013, 2015, 2017, and 2019. The results suggest that the recommendations and determinations of the Court of Accounts and gaps in internal controls influence irregularities in small, medium, and large municipalities. The volume of legal and constitutional transfers received influences small and medium-sized municipalities, while the municipal gross domestic product (GDP) influences medium-sized municipalities.",Revista de Administração Pública,Geral,quantitativo,,,,,,,,,,
90,Cooperação internacional para o desenvolvimento e financiamento externo para o Brasil: uma macroanálise do período entre 2000 e 2020,"Pessina, Maria Elisa Huber; Coelho, André Pires Batista; Fadul, Élvia Mirian Cavalcanti; Monteiro, Augusto de Oliveira",2022,https://doi.org/10.1590/0034-761220210294,"Abstract This article analyzes public sector projects and programs in Brazil that received external financing from multilateral and bilateral agencies at the federal, state, and municipal levels between 2000 and 2020. The analyzed data were collected in the COFIEX Panel of the Brazilian Ministry of Economy, categorized, and presented in this article in a contextual way, aiming to represent the first overview of this object for studies on Public Administration in the country. An important instrument of the International Development Cooperation System, International Financing for Development follows international organizations” agendas and guidelines that have changed throughout history. Thus, in addition to exploring the main creditor sources, sectors, and federal units of destination of International Development Financing to Brazil, the article verified how the characteristics of international financing received between 2000-2015 and post-2015 reflect the agendas and guidelines of International Development Cooperation of the respective periods, namely, the Millennium Development Goals (2000-2015) and the Sustainable Development Goals (2015-2030). As a result, in addition to presenting a pioneering exploratory analysis of the data, it was possible to verify an inflection of external financing received by Brazil after 2015 in the direction of the current agenda and guidelines of International Development Cooperation. Finally, the paper presents directions for future research agendas.",Revista de Administração Pública,Alto escalão,quantitativo,,,,,,,,,,
91,Influência de fatores contingenciais no desempenho socioeconômico de governos locais,"Fiirst, Clóvis; Beuren, Ilse Maria",2021,https://doi.org/10.1590/0034-76120200827,"Abstract This research aims to identify which elements characterize the contingency factors in the public sector and how these elements influence municipal socioeconomic performance. The main hypotheses tested in this study analyze whether the contingency factors environment (external context), technology (processes), structure (investments), and size (population and revenues) influence the socioeconomic performance of local governments. We conducted documentary research with the 399 municipalities of Paraná, totaling 1,995 observations for the period from 2013 to 2017, which corresponds to a complete budget cycle. For data analysis, multiple linear regression with panel data was applied. The results reveal that the contingent factors environment and size positively affect the socioeconomic results, while technology has a negative influence and structure did not present significant results. Based on these results, we conclude that external factors, those not controllable by the managers, best explain the socioeconomic performance of the investigated local governments. Thus, managers need to implement public policies capable of impacting their environment and work towards achieving a population size able to improve socioeconomic performance and meets the population’s objectives. As for theoretical implications, this study contributes to the literature by adding elements that characterize contingencies in the public sector, at the municipal level, to the flow of research based on contingency theory, such as social observatory, degree of dependence, budget planning, capacities of the public agency to maintain current expenses, personnel, and investment structure and size, when considering the municipality’s revenue.",Revista de Administração Pública,Geral,quantitativo,,,,,,,,,,
92,Programa Minha Casa Minha Vida (2012-2016): análise da eficiência relativa dos municípios brasileiros na execução de programas federais,"Bandeira, Ludmila Ferreira; Reyes Junior, Edgar",2021,https://doi.org/10.1590/0034-761220190341,"Abstract: This research aims to evaluate the relative efficiency of Brazilian municipalities in the implementation of the Brazilian federal program for affordable housing Minha Casa Minha Vida (MCMV) program. The study discusses characteristics or factors that seem to affect municipal efficiency in policy implementation providing theoretical and empirical support to research in the area. The MCMV program is part of the Social and Urban Infrastructure axis of the Growth Acceleration Program (Programa de Aceleração do Crescimento - PAC). The work was divided into two stages. The first step is the classification of municipalities into homogeneous groups. The second refers to the municipalities’ relative efficiency in the MCMV, through the application of data envelopment analysis (DEA). As a result, we identified that Brazilian municipalities have different structuring patterns. The majority of them were classified as poorly structured or minimally structured. In the analyzed data, we observed a clear regional pattern, where South and Southeast have more well-structured municipalities compared to the Central-west, North, and Northeast. By analyzing the relative efficiency in MCMV, considering as universe only municipalities that completed MCMV projects between 2012 and 2016, better-structured municipalities also presented better results, indicating that structural conditions may be determinants of program performance. In contrast, the regional analysis presented that Centralwest, North, and Northeast demonstrated efficient municipalities more often, on average, in implementing the program.",Revista de Administração Pública,Alto escalão,quantitativo,,,,,,,,,,
93,Transparência interna: cumprimento e punição no processo orçamentário municipal brasileiro,"Cruz, Tássia; Michener, Gregory; Andretti, Bernardo",2021,https://doi.org/10.1590/0034-761220190362,"Abstract Much has been written about external transparency in the public sector. However, internal transparency - the inter and intragovernmental disclosure of information - is commonly overlooked as an object of study. Underestimating the importance of internal transparency is surprising, as it is a determining factor for the coordination of public policies and the quality of democratic governance. This paper analyzes the short-and-long-term costs of failing to comply with internal transparency requirements linked to municipal budgets in general and education spending in particular. In this study, we employ mixed methods, quantitatively analyzing the short-term incentives to comply with transparency requirements for education finance and, qualitatively, the future consequences of noncompliance. The results show that municipalities receiving the most voluntary transfers are more likely to meet internal transparency requirements. However, the costs of not fulfilling such requirements are low and easily reversible in the short-term. In the long-term, municipal officials who fail to comply with budget regulation, including internal transparency statutes, can face more severe consequences, such as the possibility of being barred from office. However, our results show relatively few instances of punishment, and, on average, punishments are only levied after ten years of legal processes. Overall, our results show how, as the lynchpin agents of budgetary accountability and enforcement for Brazil’s 5570 municipalities, the courts of audit (Tribunais de Contas) are important but ineffective.",Revista de Administração Pública,Geral,metodos mistos,,,,,,,,,,
94,"Gestão fiscal, eficiência da gestão pública e desenvolvimento socioeconômico dos municípios cearenses","Silva, Clayton Robson Moreira da; Crisóstomo, Vicente Lima",2019,https://doi.org/10.1590/0034-761220180234,"Abstract The role of public administration in society is to manage public assets to provide better social welfare, promoting greater socioeconomic development. The efficient use of public resources is a basic principle for public management to fulfill this role. In addition, the transparency and control offered by fiscal management are factors that optimize results in the public sector, since they lead public managers to apply best managerial practices. In this context, this work analyzes the effects of fiscal management and public management efficiency on municipal socioeconomic development. Data from the 184 municipalities in the Brazilian state of Ceará, from 2007 to 2013, are analyzed using DEA and linear regression. The results indicate that fiscal management and public management efficiency positively influence municipal socioeconomic development, which indicates that public managers should seek better management efficiency and follow rules of fiscal control.",Revista de Administração Pública,Nível de rua,quantitativo,,,,,,,,,,
95,A consolidação do termo direito à cidade na cidade de São Paulo a partir das Jornadas de Junho: uma articulação hegemônica?,"Krieger, Morgana G. Martins; Leblanc, Esther M.",2018,https://doi.org/10.1590/0034-761220170135,"Abstract This article aims to investigate whether the term “right to the city” can be considered as a hegemonic articulation in the city of São Paulo and the analysis is performed using the Political Theory of Discourse (PTD), developed by Laclau and Mouffe, as a theoretical lens. We traced through history the emergence of the term and the groups that relate to the notion it portrays, having June 2013 demonstrations in Brazil as a starting point: an event that destabilized the sense attributed to a previous hegemony, the city of capital. The local government’s response to those demonstrations was the implementation of the Coordinating Body for the Promotion of the Right to the City, with the intention of establishing the term as a nodal point. By analyzing the discourse of the different groups, we conclude that the right to the city is a counter-hegemony that has an antagonistic relationship with the current hegemony. The main contribution of this article is to identify and analyze the different meanings attributed to the term ‘right to the city’ in São Paulo and how the mapped actors discursively interact to propose new practices for production of urban space.",Revista de Administração Pública,Geral,nao identificado,,,,,,,,,,
96,Indicadores de saneamento: uma análise de variáveis para elaboração de indicadores municipais,"Nirazawa, Alyni Nomoto; Oliveira, Sonia Valle Walter Borges de",2018,https://doi.org/10.1590/0034-7612168118,"Abstract After nine years of the Sanitation Law that defines the national guidelines in this area, it is still necessary to clarify the elements characterizing basic sanitation, and seek tools that enable monitoring sanitation in municipalities. Increasing international initiatives employ composite indicators to measure the performance of cities, compare them and use them to influence national and international political discussions. In this direction, the objective of this study is to analyze variables for the elaboration of sanitation indicators for the municipalities of São Paulo in order to generate information for the public administration. The method is based on thematic content analysis to understand the sanitation’s components and attributes, and factorial exploratory analysis to elaborate indicators. The results show three indicators that compose a municipal index and indicate the need for data to fully evaluate sanitation.",Revista de Administração Pública,Geral,metodos mistos,,,,,,,,,,
97,Gestão municipal e corrupção na implementação de programas educacionais federais,"Olivieri, Cecília; Martinelli, Bruno; Massucatto, Pedro; Silva, Carolina Bragança",2018,https://doi.org/10.1590/0034-7612171081,"Abstract This paper analyzes the implementation of federal education programs in municipalities through structured analysis of the texts in supervision reports provided by the Comptroller General of Brazil for the year 2014. The aim is to analyze the problems affecting the management of federal programs in municipalities. Studies on management and corruption in municipalities were reviewed and form the theoretical framework. The main conclusion is that it is necessary to increase the attention of researchers and managers to issues related to the quality of municipal management, because problems in program implementation is more likely to be the result of bad management than corruption.",Revista de Administração Pública,Nível de rua,nao identificado,,,,,,,,,,
98,Relação do comprometimento organizacional e da satisfação no trabalho de funcionários públicos municipais,"Lizote, Suzete Antonieta; Verdinelli, Miguel Angel; Nascimento, Sabrina do",2017,https://doi.org/10.1590/0034-7612156382,"Abstract This study aims to analyze the relationship between organizational commitment and job satisfaction among civil servants of city halls. The theoretical platform that was used to approach organizational commitment was based on the model of Meyer and Allen (1991), validated in Brazil by Medeiros and Enders (1998). Regarding job satisfaction, the construct of Siqueira (1995, 2008) was used. For research development, the quantitative approach was chosen, being the data collected using research instruments derived from scales validated for these constructs. The methods used in the comparison of averages were t test and Anova, and in the evaluation of relationships, exploratory and confirmatory factor analyses and structural equation modeling. The associations between the constructs showed that affective dimension of commitment shows a significant relation with satisfaction. In the same way, but with a negative relation, the normative dimension also shows relation with job satisfaction, indicating the higher the normative commitment of employees, the lower their satisfaction. As for the instrumental dimension, there was no relation with satisfaction. The results showed that civil servants of city halls feel satisfied when they are affectively committed and dissatisfied if their commitment is only to comply with norms.",Revista de Administração Pública,Geral,quantitativo,,,,,,,,,,
99,Pesquisa-ação e mediação dialógica como práticas metodológicas para emergência da ação comunicativa em Conselhos Gestores de Políticas Públicas,"Mucci, Carla Beatriz Marques Rocha e; Mafra, Rennan Lanna Martins",2016,https://doi.org/10.1590/0034-7612136991,"Abstract This article examines two methodological practices to support the participation in the spaces of Managers Councils of Public Policies: action research and dialogical mediation. More specifically, we intend to consider whether and how such practices may be stimulating the emergence of communicative action among the participatory institutional designs of the Councils. In order to do it, a study was done in the Municipal Council for Sustainable Rural Development of Viçosa - MG (CMDRS). The theoretical basis of the article is based on the discussion of legitimacy and participation within the deliberative democracy; the methodology used is based on a combination of documental and qualitative researches. As main results, it is understood that such methodological practices constitute, depending on how they are used, as important qualification mechanisms of formal participatory spaces.",Revista de Administração Pública,Geral,qualitativo,,,,,,,,,,
100,Fatores associados à eficiência na alocação de recursos públicos à luz do modelo de regressão quantílica,"Costa, Caio César de Medeiros; Ferreira, Marco Aurélio Marques; Braga, Marcelo José; Abrantes, Luiz Antônio",2015,https://doi.org/10.1590/0034-7612130868,"The study aimed to answer the question: which factors are associated with levels of efficiency in the allocation of public resources? Taking as a guide the theoretical reference than the topics related to the efficient allocation of public resource and decisive factors of this efficiency, this study is based in statistical analysis having the universe of 853 municipalities in the state of Minas Gerais, but only 831 municipalities were analyzed and they contained all the necessary data. As one of the main results, there is the creation of municipal efficiency index. Moreover, it was found that municipalities that have low socioeconomic status have influenced their public management by a wider range of exogenous variables. Therefore, it is clear the urgent creation of mechanisms that would minimize the effects of those variables whose influence on public administration and its efficiency took place in a negative way. On the other hand, it is important to seek to maximize the influence of those variables whose association with municipal efficiency index was given in a positive way.",Revista de Administração Pública,Geral,quantitativo,,,,,,,,,,
101,Mecanismos de gestão municipal e a promoção dos direitos humanos,"Sousa, Magda Cristina de; Lima, Patrícia Verônica Pinheiro Sales; Khan, Ahmad Saeed",2015,https://doi.org/10.1590/0034-7612135619,"The research objective was to assess the implementation of mechanisms and actions to promote and guarantee human rights within the municipal public administration. Because of the decentralization of power, after the Federal Constitution of 1988, states and municipalities received new responsibilities. There was a transfer of responsibilities that influenced directly the human rights policies. In this scenario of neo-liberal nature, there is a too diffuse environment where competences are unclear and emerge gaps in knowledge, especially about the role of the municipality in building an inclusive society. From the analysis of indicators of municipal management published by the Brazilian Institute of Geography and Statistics, it was possible to draw an overview of municipal human rights management in Ceará that showed the omission of city halls.",Revista de Administração Pública,Geral,nao identificado,,,,,,,,,,
102,Instrumentos e mecanismos de gestão: contribuições ao processo decisório em conselhos de políticas públicas,"Kleba, Maria Elisabeth; Comerlatto, Dunia; Frozza, Kenia Munaretti",2015,https://doi.org/10.1590/0034-7612125666,"The public administration in Brazil has guidelines and parameters established in laws, policies or plans that guide the formulation of instruments to guide and assess the democratic management of public policies. The research sought to identify tools and management mechanisms used in decision-making by the Municipal Councils of Social Assistance and Health in Chapecó, Santa Catarina, Brasil. From the reading of the minutes (2005-2009), it was obtained as amost cited instrument the rendering of accounts, although this does not show linkage with aims and targets set at the municipal level. The most common mechanisms include internal committees, training, conferences and communication with other organizations. The councils studied appeal to instruments and mechanisms with the potential to increase public participation in municipal management.",Revista de Administração Pública,Geral,quantitativo,,,,,,,,,,
103,Influência do uso de tecnologias de informação e comunicação na prestação de contas públicas municipais - um estudo de caso no Tribunal de Contas dos Municípios do estado da Bahia,"Reis, Audálio Fernandes dos; Dacorso, Antonio Luiz Rocha; Tenório, Fernando Antonio Guimarães",2015,https://doi.org/10.1590/0034-76121664,"Representativeness for Brazilian municipalities as being judicial, economic and social entity in the public administration is relevant regarding both the allocation and the use of resources. Accountability is a must for anyone who uses, collects, saves and manages money, goods and public values. This study attempted, through a single case study, to identify the influence of information and communication technologies in accountability. As a result, we found the following contributions: sending information directly from the town-halls (municipalities) to the Court of Auditors through the internet; reducing errors and eliminating redundancies; accelerating the process; and permission of crossing and comparing data.",Revista de Administração Pública,Alto escalão,qualitativo,,,,,,,,,,
104,O Orçamento Participativo e a democratização da gestão pública municipal - a experiência de Vitória da Conquista (BA),"Novaes, Flávio Santos; Santos, Maria Elisabete Pereira dos",2014,https://doi.org/10.1590/0034-76121668,"This article discusses the possibilities of the Participatory Budget (PB) to expand the democratization of the public management and to effectively intervene in the allocation of municipal resources. It starts from the theory of the participatory democracy and the from PB's history in Brazil to analyze the experience of Vitória da Conquista, Bahia. Using documentary research, interviews, direct observation and questionnaires to the delegates of the IX Congress of Vitória da Conquista PB (2011), we conclude in this article that this experience partially contributed to the democratization of the municipal management, since it was not considered a forum of effective participation of the population in the definition of public policies and in the application of municipal resources.",Revista de Administração Pública,Geral,metodos mistos,,,,,,,,,,
105,A gestão do conhecimento na administração pública municipal em Curitiba com a aplicação do método OKA - Organizational Knowledge Assessment,"Braun, Carla Cristine; Mueller, Rafael Rodrigo",2014,https://doi.org/10.1590/0034-76121620,"This article aims to analyze how knowledge management is manifested in the public administration of Curitiba's municipal government. To do it, we used the Organizational Knowledge Assessment method (OKA), created by the World Bank and organized by the National School of Public Administration (Enap). Regarding the methodological procedures, the case study was used as a research instrument and data collection. As a result, we identified the process of organizational assessment, indicating the similarities and distinctions of method development of each destined area , and the importance of systematically implementing an evaluation process allied with the planning of the public organization with strategies for disseminating, sharing and applying the produced knowledge",Revista de Administração Pública,Geral,qualitativo,,,,,,,,,,
106,As influências na motivação para o trabalho em ambientes com metas e recompensas: um estudo no setor público,"Rodrigues, Weslei Alves; Reis Neto, Mário Teixeira; Gonçalves Filho, Cid",2014,,"This study investigated influences on work motivation based on the theories of Latham and Locke (2002), Porter and Lawler III (1968), Vroom (1964), and Wright (2001, 2007). We conducted a survey with 333 public officials from 6 state agencies and 1 municipal agency in the city of Belo Horizonte, Minas Gerais, Brazil, which had policies for goals and rewards. Officials' motivation showed to be directly and significantly influenced by the valence of the institutional mission, through the instrumentality related to rewards and self-effectiveness to achieve goals. The specificity and feedback with regard to goals influenced the motivation in a significant and indirect way. The importance of goals, valence of extrinsic rewards, expectation, equity, participation in the setting of goals, difficulty of goals, overall evaluation of goal systems, and overall evaluation of reward systems did not exert direct influences on motivation. Officials' from an older age group had higher average values for motivation. In turn, officials occupying leadership positions and those who received some kind of extra reward (in addition to wage) showed higher indices in factors related to motivation.",Revista de Administração Pública,Geral,quantitativo,,,,,,,,,,
107,Participação em redes transnacionais e a formulação de políticas locais em mudanças climáticas: o caso de Palmas,"Almeida, Lia de Azevedo; Silva, Mônica Aparecida da Rocha; Pessoa, Ronaldo Augusto Campos",2013,,"All Brazilian towns which have a specific policy on climate changes were or still are members of the transnational network Local Governments for Sustainability (Iclei), and the city of Palmas, Tocantins, Brazil, was the first to enact a law on the subject. In this context, we aimed to identify the extent to which the town's participation in the Iclei's campaign Cities for Climate Protection (CCP) influenced on the formulation and implementation of local policies on climate changes. We used the qualitative research method, by analyzing formal documents and semi-structured interviews with actors of the municipal public administration and the third sector. We found out that, in the case under analysis, Iclei has partly influenced on local action in climate changes, since there already existed actions by the City Hall prior to joining the network; however, Iclei has contributed to strengthen the local capacity to act with regard to the set of problems.",Revista de Administração Pública,Geral,qualitativo,,,,,,,,,,
108,Os efeitos da Lei de Responsabilidade Fiscal no endividamento dos municípios do Piauí,"Linhares, Fabricio; Penna, Christiano; Borges, Glenda",2013,,"The Fiscal Responsibility Law (LRF) seeks, in its core, to imprint austerity in the effectuation of public spending. Its purpose is balancing public spending by imprinting in its context a new fiscal perspective. This article applies a change to the methodology proposed by De Jesus Macedo and Corbari (2009) to evaluate the effects of LRF on municipal indebtedness, based on data from the towns of the state of Piauí. Given that the LRF was implemented in 2000, the aim of this article is checking whether there was a change in the municipal indebtedness since this law was implemented. The study suggests that the towns in Piauí reduced their debt by about 7% after the Implementation of lrf.",Revista de Administração Pública,Nível de rua,nao identificado,,,,,,,,,,
109,Consórcio Intermunicipal da Fronteira (CIF): descrevendo as principais ações voltadas ao desenvolvimento regional a partir da perspectiva do poder público municipal,"Angnes, Juliane Sachser; Mattos, Sandra Mara Matuisk; Klozovski, Marcel Luciano; Sturm, Marlete Inês",2013,,"This article aims to describe the main actions for regional development promoted by the Border Consortium (CIF), comprising the municipalities of Barracão e Bom Jesus do Sul (PR), Dionísio Cerqueira (SC), located in Brazil and Bernardo de Irigoyen in Misiones, located in Argentina, from the perspective of municipal government in this study represented by the mayors of these cities and the executive coordinator of the CIF. Therefore, it is a research using a qualitative approach, conducted through in-depth individual interviews applied to the four mayors who comprise the CIF and the executive coordinator of this. Such interviews have proposed to examine, from the perspective of these agents, the formation of the CIF, as well as the planned actions and actions under implementation since its inception. In this sense, the main results showed that the means municipalities met to seek resources that ensure the improvement of infrastructure, ensuring the progress and development of social, economic and cultural development of the region. It also presented the positive results of the implementation of CIF at the regional and the difficulties and constraints faced in this process.",Revista de Administração Pública,Geral,qualitativo,,,,,,,,,,
110,Desenvolvimento regional: uma análise sobre a estrutura de um consórcio intermunicipal,"Xavier, Thiago Reis; Wittmann, Milton Luiz; Inácio, Raoni de Oliveira; Kern, Juliana",2013,,"The regional development comprises an effort of local societies in the formulation of regional policies in order to discuss the issues that make the region responsible for its development process. This paper aims to describe, through the analysis of the governance structure, how the Consortium for Sustainable Development of Quarta Colônia (Condesus) promotes the coordination of the cities for regional development. For this, it was developed a qualitative research, with an exploratory and descriptive nature, and the design of a case study. As the result, it was found that the Condesus represents a case in which predominates the public administration, constituting a public association of private law, whose administrative structure consists in the Presidency, Council of Mayors and Executive Secretariat, and develops projects focused on the development of the Quarta Colônia, from the municipal cooperativism. Knowing the governance structure of Condesus, is possible to understand the original dynamics by which is expected to understand the regional development process.",Revista de Administração Pública,Geral,qualitativo,,,,,,,,,,
111,Articulação entre os níveis de atenção dos serviços de saúde na Região Metropolitana de Curitiba: desafios para os gestores,"Aguilera, Sandra Lúcia Vieira Ulinski; França, Beatriz Helena Sottile; Moysés, Simone Tetú; Moysés, Samuel Jorge",2013,,"The appropriate provision of primary healthcare services and access to specialized services, also commonly referred as medium/high complexity, presents as a difficulty in several municipalities, considering the managerial issues involved including the workforce, cost and technological density required. This study aimed to understand the discursive practice of managers regarding the articulation between primary and middle/ high complexity levels of public health services in the Metropolitan Region of Curitiba (RMC). An exploratory study was conducted with seventeen health administrators in the CMA. The data were obtained in semi-structured interviews, being processed by speech analysis method. The material interpretation allowed the discourse data classification, which were grouped into categories: access of municipal primary care, medium complexity access, hospital care, oral health and political articulation. The analysis has shown that the municipalities are in different stages regarding primary health care. The difficulty in accessing medium/high complexity services promotes disruption in care lines continuity, which aim at comprehensive care in health and imply the proper coordination of primary care articulated to specialized care of second and/or third level of technology density.",Revista de Administração Pública,Alto escalão,qualitativo,,,,,,,,,,
112,O Sistema Único de Assistência Social: resultados da implementação da política nos municípios brasileiros,"Cavalcante, Pedro; Ribeiro, Beatriz Bernardes",2012,,"This paper develops an outputs assessement of the Sistema Unico de Assistencia Social's implementation after four years of its conception. Therefore, some relevant issues are subject of this article analysis: i) has the new implementation framework had an impact on local government improvement? ii) has Suas implementation had positive outputs in reducing inequality among municipalities? iii) What are the determinants of municipalities' improvement in welfare policymaking after this institutional change? In order to do so, data exploratory analysis and multiple regression are employed based on 2005 and 2009 Munic/IBGE surveys. As a result, the inquiry demonstrates that overall Suas has been successful improving the welfare policy, reducing the disparity among municipalities and, especially, political system's aspects impacted the process.",Revista de Administração Pública,Alto escalão,quantitativo,,,,,,,,,,
113,Ação comunicativa na gestão de um serviço privatizado de água e esgotos: uma avaliação em Cachoeiro de Itapemirim (ES),"Aguiar, Marluce Martins de; Heller, Léo; Melo, Elza Machado de",2012,,"This article discusses the social participation in water and sanitation services in Cachoeiro de Itapemirim, Espírito Santo, Brazil. The theoretical background used was Jürgen Habermas' deliberative democracy, understood as the institutionalization of discursive processes of opinion and will-formation. Documentary research were performed, interviews with key stakeholders and focus groups with the population. It was found that in the actions of the City Council Sanitation and public hearings of the municipal regulation agency's, systemic imperatives mediated by money and administrative power prevail over the possibility of the formation of political will and opinion, own the world's life. It is concluded that the forms of management are still far from the ideal of deliberative democracy, producing what Habermas calls the ""colonization of the lifeworld"".",Revista de Administração Pública,Geral,metodos mistos,,,,,,,,,,
114,Gestão de estratégias: uma proposta de modelo para os governos locais,"Wosniak, Francine Lia; Rezende, Denis Alcides",2012,,"The governments are pressured to adapt their institutions and type of action to the context of an increasingly questioning, globalized, complex and interdependent world. These challenges and transformations require innovative public management models, as well as effective tools, procedures and types of action. The objective of this study is to propose a strategy management model, having as its analytical basis the municipal management of Curitiba, in the period from 1993 to 2008. To obtain the answer to this demand, we performed a case study, structured through a research protocol, with the definition of categories and subcategories of analysis. The descriptive analysis was subsidized by the theoretical basis of this study, which was based on the themes municipal management and strategic administration. The main results obtained are related to the phases of the process of strategic administration implemented in the management periods and their respective descriptors. The conclusion allowed the proposition of a strategic management model, resulting from the combination of analysis categories that formed this study, and which represents, in its conception, an alternative of implementation of the management process.",Revista de Administração Pública,Geral,metodos mistos,,,,,,,,,,
115,Plano de Fortalecimento da Gestão do Turismo (PFGT): uma avaliação ex ante no município de Nísia Floresta (RN),"Araújo, Richard Medeiros de; Posenatto, Amanda Fonseca Guimarães",2012,,"Currently, the Plano de Desenvolvimento do Turismo (Prodetur) is trying to strength institutionally the tourism destinations in order to ensure the expansion and continuation of structural improvements already made when the first phase of the government, while the municipalities provide a more efficient public management, in which municipalities should consider tourism as the linchpin in the formulation and management of municipal public policies focusing on local development. Then, the Prodetur launched in Rio Grande do Norte, the Plan for Strengthening Administration of Tourism, Natural and Cultural Heritage in 2009. The research aims to evaluate at the form ex ante, the feasibility of implementing that plan in the city government of Nísia Floresta (RN). Adopted were the six dimensions of the theoretical model Draibe (2001) combined with the model of Neves (1996) to conduct the research. Methodologically, we chose a qualitative approach, where we document reviews how the strategic diagnosis, the proposed plan of action and semi-structured interviews with some municipal secretaries. It used content analysis as a technique for treatment of the contents of the interviews and observations were made for non-participants. Thus it was possible to draw evaluative research, characterizing the current political and administrative time and how this design could interfere with the implementation of the plan assessed. We conclude that the City does not have sufficient institutional conditions for implementing the Governmental Plan funded with federal funds.",Revista de Administração Pública,Geral,qualitativo,,,,,,,,,,
116,Transparency of the municipal public management: a study from the homepages of the large Brazilian municipalities,"Cruz, Cláudia Ferreira; Ferreira, Aracéli Cristina de Sousa; Silva, Lino Martins da; Macedo, Marcelo Álvaro da Silva",2012,,"This study attempts to check the transparency level of information in public administration published in the homepages of 96 municipalities included among the 100 most populous in Brazil and what characteristics and socioeconomic indicators of the municipalities can contribute to explain the level of transparency observed. The level of transparency in public administration was established from a research model called Transparency Index Municipal Public Management (ITGP-M) constructed based on international codes of good governance and transparency, the Brazilian legislation and the experiences of previous studies of similar nature conducted in Brazil and abroad. The empirical evidence point to low levels of transparency, incompatible with the level of socioeconomic development of municipalities. Moreover, we can conclude that, overall, there is an association between the socioeconomic conditions of the municipalities and the levels of transparency in the disclosure of information about public administration observed in sites of large municipalities as in this study.",Revista de Administração Pública,Geral,nao identificado,,,,,,,,,,
117,Construção e validação de medida para diagnóstico de competências relativas às funções de prefeito(a) e secretário(a) municipal,"Moraes, Valéria Vieira de; Borges-Andrade, Jairo Eduardo; Queiroga, Fabiana",2011,,"Competencies management has deserved increasing attention on the part of professionals and academics since it was proposed. In the public sector, a gap is perceived on theoretical or empirical studies concerning the state and municipal levels of the administration and also their decision level. This article describes the construction of an instrument to measure competencies of mayors and municipal secretaries, carried out through 17 interviews with on the job participants, and its validation with a sample of 455 other subjects initiating or ending their political mandates. The results suggest psychometric validity of the instrument and the empirical structure is in accordance with the competencies theory.",Revista de Administração Pública,Geral,metodos mistos,,,,,,,,,,
118,Modelo de gestão municipal baseado na utilização estratégica de recursos da tecnologia da informação para a gestão governamental: formatação do modelo e avaliação em um município,"Leite, Leonardo de Oliveira; Rezende, Denis Alcides",2010,,"There are challenges in the effective management of municipalities, the structuring and provision of reliable, timely and customized information, to support the decisions of the municipal government and to prepare and monitor the municipal strategic planning aligned with the citizens requirements. The adaptation of management models and concepts from the private sector to the public environment is one alternative for facing theses challenges. This article proposes and evaluates a government management model based on the strategic use of information technology, so as to offer to the public administrator monitoring and control of strategic implementation, information for executive decision-making, management of relationships with the public, and command over the municipal management processes. The research methodology emphasizes the case study in the city of Curitiba, using a research protocol prepared from an exploratory literature review. Differences, similarities and results of the application of the model in the city are analyzed. The conclusion shows that the use and adaptation of the proposed model in a municipal public administration can contribute significantly to the development of its management models.",Revista de Administração Pública,Geral,qualitativo,,,,,,,,,,
119,Conselhos de saúde: conhecimento sobre as ações de saúde,"Saliba, Nemre Adas; Moimaz, Suzely Adas Saliba; Ferreira, Nelly Foster; Custódio, Lia Borges de Mattos",2009,,"The Healthcare Council - composed by government's representatives, service providers and users of health - formulates strategies and controls the implementation of healthcare policies in the corresponding federative level, including the economic and financial aspects, and has its decisions homologated by the Executive branch. This paper analyzes the profile of the municipal healthcare council of five small cities in the state of São Paulo, Brazil.",Revista de Administração Pública,Geral,quantitativo,,,,,,,,,,
120,Plano diretor e planejamento estratégico municipal: introdução teórico-conceitual,"Rezende, Denis Alcides; Ultramari, Clovis",2007,,"This paper considers comprehensive and strategic plans important in local public polices: the first - adopted due to a new federal law - the second - implemented because of a more methodological choice - are currently used all over Brazil, and both constitute what could be called a contemporary urban utopia for Brazilian cities. Using case studies, this article discusses how both instruments are implemented, their potential and their limitations, and how they could be integrated. The authors suggest two integration models and one strategic planning method that confirm the possibility of integration and the importance of community participation in the process. They conclude that both instruments are sometimes overrated and others practically ignored by Brazilian urban policies.",Revista de Administração Pública,Alto escalão,nao identificado,,,,,,,,,,
121,A falta de trabalho institucional e mudanças organizacionais incompletas em municípios brasileiros,"Lino, André Feliciano; Carvalho, Luciano Bastos de; Aquino, André Carlos Busanelli de; Azevedo, Ricardo Rocha de",2019,https://doi.org/10.1590/0034-761220170404,"Abstract This article proposes a theoretical framework to explain the failure of the compulsory adoption of new practices in the financial management cycle in local governments. The empirical analysis applies the framework to the control systems implementation in Brazilian municipalities. The findings of a qualitative comparative analysis applied to seven local governments show that despite human capabilities and information systems being a necessary condition, they are insufficient to deeply implement such internal control practices. Institutional capital is a condition sine qua non for the adoption of new practices on financial management and control in Brazilian local governments. The adoption of such reforms depends on an active network of powerful actors involved in institutional work supporting the changes.",Revista de Administração Pública,Geral,qualitativo,,,,,,,,,,
122,Institucionalização da Política Nacional de Resíduos Sólidos: dilemas e constrangimentos na Região Metropolitana de Aracaju (SE),"Heber, Florence; Silva, Elvis Moura da",2014,https://doi.org/10.1590/0034-76121537,"The aim of this paper is to evaluate the process of institutionalization of the National Policy Solid Waste (PNRS) from one of its structural elements - the shared management of solid waste. The cities of the Metropolitan Area of Aracaju (RMA) were elected as the object of study. Based on qualitative research conducted through interviews with experts and representatives of RMA municipalities and documentary research, this paper analyzes the obstacles to institutionalization of shared management. The results indicate the existence of elements of the local context that constrain the realization of national policy and suggest the importance of studies to monitor the implementation of national policy in other local realities in Brazil.",Revista de Administração Pública,Geral,qualitativo,,,,,,,,,,
123,Gerenciamento de resultados e ciclo eleitoral em municípios brasileiros,"Costa, Fábio Moraes da; Leão, Fernando Henrique Ferreira Carneiro",2021,https://doi.org/10.1590/0034-761220200112,"Abstract The accruals basis of accounting is gradually being implemented in the Brazilian public sector, which has increased the use of estimates. Although the judgments’ main objective is to contribute to decision-making, they can also be used to manage perceptions on performance. This study aims to evaluate the relationship between the electoral cycle and earnings management practices in Brazilian municipalities. Tests based on frequency distribution were conducted, indicating a discontinuity around zero earnings and suggesting that municipalities with ‘small surpluses’ present higher levels of discretionary accruals. Finally, we gathered empirical evidence of an increase in the level of earnings management in the pre-electoral periods, which is mitigated in environments with strong political competition. The empirical findings indicate a correlation between earnings management practices and the electoral cycle. The study contributes to a growing literature about earnings management in the public sector, helping to identify circumstances that can lead to opportunistic behavior by public managers, especially in relation to elections.",Revista de Administração Pública,Geral,quantitativo,,,,,,,,,,
124,Moedas complementares digitais e políticas públicas durante a crise da COVID-19,"Gonzalez, Lauro; Cernev, Adrian Kemmer; Araujo, Marcelo Henrique de; Diniz, Eduardo H.",2020,https://doi.org/10.1590/0034-761220200234,"Abstract Basic income programs have been used worldwide as a tool to mitigate the adverse effects of the COVID-19 pandemic. In Brazil, the implementation of federal emergency basic income initiatives faces a twofold challenge: money distribution logistics and eligibility criteria. This paper analyses the use of digital complementary currencies (DCC) to face these challenges. Complementary currencies have long existed in Brazil as part of community banks. The latter are institutions that operate at the local level and have better information regarding residents’ needs. We present the case of Mumbuca E-Dinheiro, a DCC adopted by the municipality of Maricá (RJ), and discuss how this initiative has enabled quick and safe cash distribution aimed at mitigating the effects of the COVID-19 pandemic in Brazil. We suggest that, at present, basic emergency income could be distributed through the E-Dinheiro platform, starting with the municipalities in which it already operates and then expanding to others. Interoperability with other actors in the payment ecosystem and connections with local governments are additional actions to scale up the use of digital complementary currencies to combat the coronavirus crisis.",Revista de Administração Pública,Geral,nao identificado,,,,,,,,,,
125,The roots of budgetary and financial accounting in Brazil,"Azevedo, Ricardo Rocha de; Pigatto, José Alexandre Magrini",2020,https://doi.org/10.1590/0034-761220180155x,"Abstract This article presents evidence of Italian influences on the Brazilian Public Sector Accounting in the early twentieth century, using the analytically structured history approach and the institutional theory. The study presents the institutional work developed by accountant Carlos de Carvalho in employing a new accounting methodology at the time. The article proposes a new perspective on the literature on the history of accounting in Brazil, suggesting that the emergence of budgetary and financial accounting was due to the innovation of local practices in a municipality of the state of São Paulo, and then expanded to the entire state, influenced by the Italian legal doctrine. Therefore, the use of dual accounting in Brazil during the early twentieth century was first disseminated in practice and transformed into legislation afterward. The Italian roots that influenced this movement are present in the current model, which is being reviewed by the current process of convergence to international IPSAS standards.",Revista de Administração Pública,Geral,nao identificado,,,,,,,,,,
126,The influence of context in the implementation of a smart city project: the case of Cidade Inteligente Búzios,"Brandão, Mariana; Joia, Luiz Antonio",2018,https://doi.org/10.1590/0034-761220170133,"Abstract The growth of urban population is widely acknowledged to be a central trend that poses challenges for the administration of cities worldwide. In this context, several advances in information and communication technologies (ICTs) have been developed to gradually transform urban centers into smart cities. In this article, we seek to contribute to filling a knowledge gap in the literature on smart city - namely the lack of empirical data in works on this subject - by investigating a project aimed at turning the municipality of Búzios in Brazil into a smart city, named Cidade Inteligente Búzios (CIB). Our objective is, thus, to describe and understand the controversial influence of the context in the implementation of the project, which was considered a success for some actors and irrelevant for others, a situation that defies the very concept of success in the implementation of smart cities.",Revista de Administração Pública,Alto escalão,nao identificado,,,,,,,,,,
127,"Difusão da política cicloviária no município de São Paulo: resistências, apoios e o papel da mídia","Leite, Cristiane Kerches da Silva; Cruz, Maurício Feijó; Rosin, Lucas Bravo",2018,https://doi.org/10.1590/0034-761220170187,"Abstract São Paulo is a megalopolis with a pattern of occupation marked by the prominence of the automobile. However, recently, the urban mobility agenda gained new meaning and new actors were mobilized. From the post-positivist and diffusion theoretical perspectives of public policies, the present work discusses how the idea of the cycling policy arose, adapted and faced resistance in the political and social context of the municipality of São Paulo under Fernando Haddad’s government (Workers’ Party). As a result of the research, on one hand, the role of the political and epistemic community of the cycling-activists and the entrepreneurial role of Mayor Haddad as elements of political support stand out. On the other hand, the São Paulo press played an oppositional role in the implementation of the policy, acting as a political actor in the subsystem of the cycling policy, by systematically attacking the image of the infrastructures implemented for the bicycles.",Revista de Administração Pública,Geral,quantitativo,,,,,,,,,,
128,Patologias sociais na metrópole de São Paulo: análise socioespacial de indicadores nas subprefeituras,"Perosa, Graziela Serroni; Leite, Cristiane Kerches da Silva; Fonseca, Francisco César Pinto da; Lebaron, Frédéric",2016,https://doi.org/10.1590/0034-7612151585,"Abstract The objective here is to discuss the importance of multi-determined analyses to the management of public policies within the scope of public administration. Using the Census of 2010, we look at the economic and social disparities that existed between the different boroughs of the City of São Paulo by adopting the principal component analysis method (PCA), based on dimensions derived from Social Health Index, an indicator that provides a more complex overview than the Human Development Index (HDI). The multi-determined analysis is based on the notion of ""social space"" (Bourdieu) and provides a valuable tool for diagnosing the impact of public policies, coordinating the multiple dimensions of social phenomena. We concluded that, by using the PCA method, it is possible to observe how the traditional indicators hide certain subtleties and differences with regard to inequalities between apparently homogeneous territories.",Revista de Administração Pública,Geral,nao identificado,,,,,,,,,,
129,Desempenho dos médicos na saúde da família - uma análise a partir dos princípios ordenadores em um município brasileiro,"Silva, Viviane Aparecida Alvares da; Barbosa, Allan Claudius Queiroz; Rocha, Thiago Augusto Hernandes",2015,https://doi.org/10.1590/0034-7612140407,"From the guiding principles of primary care (AP), defined by Starfield, this article analyzes the extent to which performance of the doctors of the Family Health Strategy (ESF) contributes to the consolidation of these principles. For this purpose, it was carried out a descriptive study in which performance indicators were used, deployed from six guiding principles of the ESF, in order to measure the performance of these professionals in the city of Belo Horizonte. The results generally indicated that the performance of the family's doctor underpins the achievement of the guiding principles. According to the literature, the results of multiple regression analysis showed that the health team's performance influences the doctor's performance, which reinforces the importance of adopting medical performance evaluation models that consider multiple determinants.",Revista de Administração Pública,Nível de rua,quantitativo,,,,,,,,,,
130,A importância das medidas multidimensionais de pobreza para a administração pública: um exercício em Palmeira das Missões (RS),"Ottonelli, Janaina; Marin, Solange Regina; Porsse, Melody; Glasenapp, Sirlei",2011,,"The main aim of this article is to show that multidimensional measures of poverty are important for public administration in so far as they present different characteristics of the poor people to be attended by public policies. Through these measures, it is possible to identify the dimensions of life in which the population is most deprivate and, consequently, focus policies in order to better address these needs. The article is based on Sen's (1985, 2000, 2001) Capability Approach and presents a multidimensional measure of poverty for the municipality of Palmeira das Missões (RS), which was developed having as basis a research instrument used by Barros, Carvalho e Franco (2003) and Santos (2007). The results show that poverty viewed in a broader perspective, as the calculated for the municipality of Palmeira das Missões, may appoint a different reality for the dynamics of poverty and, in that way, to amend the focus of policy for combating poverty to be more effective. Accordingly, the multidimensional measures of poverty are relevant for public administration, once that characterize better the reality, helping in understanding their causes and in proposing policies.",Revista de Administração Pública,Geral,quantitativo,,,,,,,,,,
131,"A demonstração do resultado econômico e sistemas de custeamento como instrumentos de evidenciação do cumprimento do princípio constitucional da eficiência, produção de governança e accountability no setor público: uma aplicação na Procuradoria-Geral do Município de São Paulo","Slomski, Valmor; Camargo, Guilherme Bueno de; Amaral Filho, Antonio Carlos Cintra do; Slomski, Vilma Geni",2010,,"This article discusses the income statement and costing systems as instruments to prove compliance with the constitutional principle of efficiency, governance production and accountability in the public sector so as to minimize the information asymmetry between state and society. The theoretical framework is based on the teachings of the seminal paper by Ronald Coase (1937), ""The nature of the firm,"" adapted to the civil service. The research is descriptive-quantitative, and the data, referring to 2006, was collected through document analysis at the Public Prosecutors Office (PGMSP) in São Paulo. The results of the empirical research suggest that the income statement can reveal compliance with the constitutional principle of efficiency, since it compares the economic revenue (R$ 302,894,295.11) to the costs and expenses incurred (R$ 118,058,180.00), indicating an economic outcome (R$ 184,836,115.11). It also creates new paradigms related to governance and accountability in public administration, capable of producing information to society and support for the decision-making process of public administrators",Revista de Administração Pública,Geral,metodos mistos,,,,,,,,,,
132,Satisfação no trabalho e rotatividade dos médicos do Programa de Saúde da Família,"Campos, Claudia Valentina de Arruda; Malik, Ana Maria",2008,,"One of the greatest problems of the Family Health Program in Brazil is the high turnover of its physicians. Given that the program is based on the relationship between health professionals and citizens, these high rates affect the model's effectiveness. A survey to identify the correlation between job satisfaction and physician turnover in the city of São Paulo, Brazil, confirmed the hypothesis that there is a negative correlation between these indicators. The prestige of the partner institutions is the most important factor in determining the program's physician turnover in São Paulo. Other job satisfaction factors that showed correlation with physician turnover were: training, commuting time, and lack of adequate equipment and materials.",Revista de Administração Pública,Nível de rua,quantitativo,,,,,,,,,,
133,Transformando compromissos globais em ações locais: os desafios de governança na implementação da agenda climática,"FIGUEIRA, ARIANE RODER; RUSSO, EDUARDO; ROCHA, GUSTAVO GOMES",2026,https://doi.org/10.1590/0034-761220240396,"Abstract This article analyzes the local implementation of Brazilian diplomatic agreements in the field of climate change, with special emphasis on the role of subnational actors in this process. The research adopts a qualitative approach, using a multiple case study method, analyzing projects developed by five subnational Investment Promotion Agencies (IPAs) in different states and municipalities of Brazil: Invest SP, Invest Rio, Invest Minas, Invest Paraná, and Invest Piauí. Over the past few years, these agencies have focused on strategically attracting sustainable foreign investment and aligning their initiatives with the United Nations (UN) 2030 Agenda. The results highlight the fundamental importance of IPAs as intermediary structures that connect the public and private sectors, facilitating the financial viability and practical execution of projects related to the global climate agenda. The analyses, based on 37 in-depth interviews and documentary analysis, identify best practices and highlight persistent difficulties in interactions among different levels of government, revealing complex challenges for multilevel governance.",Revista de Administração Pública,Nível de rua,qualitativo,,,,,,,,,,
134,O impacto dos gastos com infraestrutura digital na qualidade e transparência da informação contábil no setor público,"Carrara, Letícia Garcia Coelho; Azevedo, Ricardo Rocha de; Diniz, Josedilton Alves; Andrade, Maria Elisabeth M. C.",2025,https://doi.org/10.1590/0034-761220250107,"This study analyzed the relationship between digital infrastructure expenditures and the quality of accounting information in municipalities of the state of São Paulo, Brazil. The research adopted a quantitative approach, applying linear regression models to data from 644 municipalities over the period 2019-2023. Variables representing information technology (ICT) expenditure were employed, alongside indicators of accounting information quality from the ranking of the Brazilian National Treasury Secretariat (STN) and transparency indicators based on the index produced by the Federal Council of Administration (CFA). The findings indicate a positive association between higher investment in digital infrastructure and improved quality and transparency in accounting information, suggesting that technological modernization contributes to strengthening public governance. The conclusions reinforce the need for strategic planning in ICT investments and recommend that entities such as the National Treasury, the Federal Accounting Council (CFC), and the Courts of Accounts should consider both the costs and adequacy of digital infrastructure in standard-setting, oversight, and management processes.",Revista de Administração Pública,Geral,quantitativo,,,,,,,,,,
135,Difusão da Lei Geral da Micro e Pequena Empresa em municípios paulistas,"Carvalho, Grégory dos Passos; Coêlho, Denilson Bandeira",2023,https://doi.org/10.1590/0034-761220220285,"Abstract This article analyzes the implementation of the General Law for Micro and Small Business by municipalities in São Paulo. The theory of policy diffusion was used to study the process of adopting this public policy in the different contexts of coercion. The article presents theoretical discussions on the diffusion mechanism “coercion” and answers the question: what is the influence of the vertical coercion mechanism in the diffusion of the General Law in the municipalities of São Paulo? The survival analysis technique was applied to identify explanatory factors of policy diffusion, considering institutional, political, and party design variables, neighborhood effect, internal needs, organizations/social actors, and structural factors. The results show that as the institutional rules of coercion vary, the explanatory factors of the diffusion change so that local aspects, including social actors, regional factors, and structural issues, matter for the diffusion, varying according to the coercive context.",Revista de Administração Pública,Geral,quantitativo,,,,,,,,,,
136,Incentivos eleitorais e o gerenciamento de resultados orçamentários por meio de restos a pagar,"Araújo, Ronaldo José Rêgo de; Queiroz, Dimas Barrêto de; Paulo, Edilson",2023,https://doi.org/10.1590/0034-761220220382,"Abstract This research aims to analyze the effect of electoral political cycles on the management of budgetary results by observing the unpaid commitments of Brazilian local governments. The study proposes a model to estimate discretionary budgetary accruals based on unpaid commitments, addressing an empirical-theoretical gap regarding incipient quality metrics of accounting information in public administration, considering the theory of agency, legitimacy, and impression management. The theory of political cycles was adopted to justify the managers’ opportunistic cyclical behavior aligned with the electoral calendar. Three hypotheses based on the literature were tested from a sample covering 62.1% of Brazilian municipalities. The results showed positive discretionary budgetary accruals in the years immediately preceding the elections and the opposite in election years (i.e., negative discretionary budgetary accruals), completing the budgetary electoral cycle. Furthermore, it is demonstrated that managers in their first term are more inclined to enter into this type of practice, motivated by the chances of being re-elected. This evidence is ratified by the absence of this practice at significant levels during the managers’ second term. This research incrementally contributes to public administration research, proposing a proxy for the quality of government accounting information. It proves that earnings management, measured by discretionary budgetary accruals, has cyclical behavior aligned with the electoral calendar.",Revista de Administração Pública,Geral,nao identificado,,,,,,,,,,
137,Economia compartilhada e governança pública,"Giovanini, Adilson",2020,https://doi.org/10.1590/0034-761220190080,"Abstract The term sharing economy is used in specialized literature to identify how the Internet, smartphones, and applications are changing the global economic dynamic. This article presents documentary research focused on private sharing applications that have emerged in recent decades, intending to contribute to the improvement of local public management. Descriptive data analysis and regression were used to characterize the local governments’ adherence to new technologies and to identify how these new technologies affect the fiscal performance of municipalities measured by the FIRJAN Fiscal Management Index. The results obtained show that shared economy Apps can contribute in different ways, with emphasis on greater cooperation and coordination within and between local governments, reduction in the underutilization of assets, greater access and improvement in the quality of public services, and greater interaction and citizen participation in public decisions. The estimated regression shows that the use of new communication technologies contributes to improving the municipalities’ fiscal performance. However, these technologies are little used and should be encouraged in local public administrations.",Revista de Administração Pública,Alto escalão,quantitativo,,,,,,,,,,
138,Provimento e fixação de médicos na atenção primária à saúde no estado da Bahia,"Andrade, Laíse Rezende de; Pinto, Isabela Cardoso de Matos; Soares, Catharina Leite Matos; da Silva, Vinício Oliveira",2019,https://doi.org/10.1590/0034-761220170316,"Abstract This article analyzes the strategies of work management adopted at the Fundação Estatal Saúde da Família (State Health Family Foundation) (FESF-SUS), which was created to hire and allocate physicians in the Brazilian state of Bahia. The research aims to contribute to the debate about the difficulties of hiring and retaining physicians to work in the public policy promoting family health “Estratégia Saúde da Família” (ESF). The research consisted of a case study adopting several methodological strategies, with emphasis on documentary analysis. The findings show that one solution to hire and retain physicians is the creation of an inter-municipal career. The proposed work management of the Foundation included aspects such as variable compensation, worker mobility between municipalities, and factors associated with the provision of physicians to work in public health. The complexity of this proposal is faced with the lack of experience in operating this form of work management, as well as with the structural and institutional issues that historically marked the work management in the municipalities.",Revista de Administração Pública,Nível de rua,qualitativo,,,,,,,,,,
139,Novas bases para as políticas públicas de segurança no Brasil a partir das práticas do governo federal no período 2003-2011,"Madeira, Lígia Mori; Rodrigues, Alexandre Ben",2015,https://doi.org/10.1590/0034-76121702,"The research investigates the new bases of formulation of the Brazilian public security policies from the analysis of recent advances in the area, focusing on the national program of public security with citizenship (Programa Nacional de Segurança Pública com Cidadania - Pronasci. Since the re-democratization process in Brazil, the social problems have increased like the high rates of crime and violence as a result of a historical process of exclusion and social inequality of the lowest classes of the population. The research seeks to explain the trajectories of the implementation of a new paradigm regarding the public security. Therefore, it is considered as a model the process of decentralization that makes municipalities key-players of the management of the public security, working in cooperation with other federal entities, such as states and the Union. The research results show the emergence of a new model of public security management in Brazil in the period analyzed, based on the concept, internationally accepted, of citizen security.",Revista de Administração Pública,Alto escalão,nao identificado,,,,,,,,,,
140,Imposto sobre Circulação de Mercadorias e Serviços Socioambiental: incentivos institucionais e legislação ambiental no Brasil,"Moura, Alexandrina Sobreira de",2015,https://doi.org/10.1590/0034-76121677,"The sustainable growth of Brazilian municipalities has turned the sustainability of its municipalities from a desirable aspect into a requirement for the country's development, taking into consideration the Brazilian growth boom in the recent years. Nevertheless, the responsibility for the supervision and environmental regulation of growth and production has been increasingly transferred to local actors. In this scenario, the tax over movement of goods and services (Imposto sobre Circulação de Mercadoria e Serviço - ICMS) stands as one of the main mechanisms of regulation and planning of the productive processes at the local level. This paper examines the legal and institutional aspects of this initiative, as well as comparatively outlines the differences between state legislations. It also analyses the historical path of their legal development. Furthermore, particularly the research tried to outline a national panoramic view of how different conceptions of sustainability were put into operation by the state legislations, creating different structures of institutional incentives.",Revista de Administração Pública,Geral,nao identificado,,,,,,,,,,
141,Políticas públicas de combate ao analfabetismo no Brasil: uma investigação sobre a atuação do Programa Brasil Alfabetizado em municípios do Ceará,"Diniz, Gleison Mendonça; Machado, Diego de Queiroz; Moura, Heber José de",2014,https://doi.org/10.1590/0034-76121514,"This study aims to analyze the characteristics of the Literate Brazil Program (PBA) in towns of the state of Ceará that joined the program. For this, we selected, by means of statistical criteria of representativeness, 15 towns in the state that adhered to the program. Data were collected from the literacy teachers in PBA at these towns, by filling out a structured questionnaire, and analyzed using the cluster analysis technique. Through the arrangement of towns into different groups, the findings pointed out divergences with regard to: criteria for selecting literacy teachers and their participation in training courses; workload, teaching material, and instructors of literacy teachers' training course; frequency of course coordination; length of the literacy course for students; existence of programs for visually and hearing-impaired people; and dropout and continuity of studies by literate students. Therefore, such results enabled us to observe the following needs for strengthening with regard to PBA: continued training of its literacy teachers; creation of programs for visually and hearing-impaired people; improvement of the monitoring of course coordinations; and fight against the high dropout rates on the part of enrolled students.",Revista de Administração Pública,Geral,quantitativo,,,,,,,,,,
142,A estrutura de provisão dos serviços de saneamento básico no Brasil: uma análise comparativa do desempenho dos provedores públicos e privados,"Scriptore, Juliana Souza; Toneto Júnior, Rudinei",2012,,"This article provides an analysis that compares the performance of public and private enterprises of basic sanitation in Brazil. The performance differences between enterprises, according to the literature are subject to different incentives, were evaluated based on data from the Sistema Nacional de Informações do Saneamento (Snis) in 2010 from an estimated cross-section for a sample of 4.930 Brazilian municipalities. The results do not provide strong evidence that a group is higher than in most other indicators. Since the groups revealed the superiority of specific indicators, the contribution of this study is to propose the design of a policy that considers various methods of management and provision as a possible solution to the challenge of universal services in the country.",Revista de Administração Pública,Geral,nao identificado,,,,,,,,,,
143,O emprego da análise de balanços e métodos estatísticos na área pública: o ranking de gestão dos municípios catarinenses,"Soares, Maurélio; Lyra, Ricardo Luiz Wüst Corrêa de; Hein, Nelson; Kroenke, Adriana",2011,,"With the phenomenon of globalization, accounting has undergone changes which were reflected initially in the business and only a few years later in public administration. There is a growing trend and increasing pressure on governments to broaden the scope of its financial responsibilities from the accounting-oriented management of public accounts. Fiscal responsibility of governments is crucial for fostering economic growth and development of municipalities. This study aims to demonstrate how rates of economic and financial analysis can be employed in public administration in order to establish a ranking in the management of municipalities of Santa Catarina. To achieve this purpose, was used the concepts and techniques of balance analysis, which were treated with the application of main components' analysis. The results indicate the importance of using the balance analysis in the public sector as a tool to be used in daily government administration.",Revista de Administração Pública,Nível de rua,nao identificado,,,,,,,,,,
144,Proposta de um modelo de relatório de administração para o setor público baseado no Parecer de Orientação nº 15/87 da Comissão de Valores Mobiliários: um instrumento de governança corporativa para a administração pública,"Bogoni, Nadia Mar; Zonatto, Vinícius Costa da Silva; Ishikura, Edison Ryu; Fernandes, Francisco Carlos",2010,,"This article analyzes the public expenditures of the 10 larger cities of the Brazilian Southern states, revealing the lack of transparency in the demonstrations published by the administrations. Therefore, it proposes a management report for the public sector based on the Securities and Exchange Commission's (CVM) Guidance Report n. 15/87, as a way to increase the transparency of the accounting demonstrations published by the public administration, according to the principles of good governance practices.",Revista de Administração Pública,Geral,nao identificado,,,,,,,,,,
145,Valores em serviços de policiamento comunitário: o Programa Ronda do Quarteirão sob a ótica da teoria da cadeia de meios e fins,"Pinto, Liliane Araújo; Murakami, Luiz Carlos; Pimenta, Márcio Lopes; Nunes, Natália de Sena",2012,,"The increase of violence, the more intense citizen's search for security contributed for a new model of police offered by government which is the ""community police"". This kind of police is developed in many countries in order to create a close relationship with the society. It is focused on the partnership between society and police to develop jointly an improved people's welfare. This paper's objective is to make an analysis, under the means end-chain theory, of the values structure of the users of ""Block patrol"" a community police created in a capital city of the northeast of Brazil. First, this study identifies the main attributes of the services as attendance speed, nice clothing, credibility. The second step was to relate these attributes to the consequences to the user. These main attributes perceived by these users and the relation between these and its consequences lead to the values. The laddering technique was used which allowed the construction of the hierarchical value map showing the user's behavior after the service experience. This map shows the main relationship with the attributes, consequences and values, allowing insights to an effective communication strategy. The values identified were: love, friendship, citizenship, happiness, honesty and satisfaction.",Revista de Administração Pública,Nível de rua,nao identificado,,,,,,,,,,
146,Poder e influência na agenda verde: stakeholders e coalizões de defesa no Brasil,"Oliveira, Jessica Eloísa de; Vieira, Diego Mota",2025,https://doi.org/10.1590/0034-761220240386,"Abstract This study identifies the types of stakeholders in advocacy coalitions within the Brazilian national green agenda subsystem from 2012 to 2021. Data were collected through documents and 17 in-depth, semi-structured interviews. Additionally, 41 transcripts of National Congress hearings were coded and analyzed. The Advocacy Coalition Framework (ACF) and the stakeholder analysis model served as the theoretical approaches. Results show that 143 organizational stakeholders actively participated in the subsystem’s political process, mostly classified as discretionary stakeholders who act as collaborators and legitimizers. The most influential stakeholders, classified as definitive stakeholders, act as agenda setters, regulators, and/or controllers. The four advocacy coalitions within the subsystem - enlightened technocrats, socio-environmentalists, modern developmentalists, and traditional developmentalists - seek to attract and influence these stakeholders. The coalitions with more definitive stakeholders achieved dominance within the subsystem. The studied period was divided into three phases. Phase 1 (during President Dilma Rousseff’s government’), where control was shared between socio-environmentalists and modern developmentalists; Phase 2 (President Michel Temer’s government), during which modern developmentalists took control; and Phase 3 (President Jair Bolsonaro’s administration), with traditional developmentalists as the dominant coalition. This research contributes to the field of public administration by showing how coalitions build political influence through the mobilization of organizational stakeholders. Coalition dominance within the subsystem is directly related to their capacity to mobilize definitive stakeholders, highlighting the relevance of understanding stakeholder configurations and repositioning to analyze policy change and continuity.",Revista de Administração Pública,Geral,metodos mistos,,,,,,,,,,
147,Entre a norma e a prática: um estudo qualitativo sobre a gestão de riscos no Poder Executivo federal brasileiro,"Santos, Ziana Souza; Sá, Patrícia Moura e",2025,https://doi.org/10.1590/0034-761220240418,"Abstract This study analyzed the implementation of risk management in Brazilian federal executive branch organizations with more advanced levels of maturity, according to the 2021 survey by the Federal Court of Accounts. Based on semi-structured interviews with key actors, the research investigated how institutional practices relate to the normative frameworks for risk management adopted in the Brazilian public sector. The study identified formal structures, risk policies, and senior management support as elements observed in the analyzed cases. However, the results indicate that risk management still shows a low degree of integration with strategic decision-making processes, with only one organization reporting effective coordination between the two. The evidence reveals that the practice remains largely focused on meeting regulatory requirements, with variations between direct and indirect administrations. This study presents limitations regarding the scope of the sample and its focus on high-performing organizations, which restricts the possibility of generalization. Nevertheless, it offers a relevant contribution to understanding the gap between norms and practice in risk management in the federal public sector and suggests paths for improvement.",Revista de Administração Pública,Geral,metodos mistos,,,,,,,,,,
148,Uso da tecnologia blockchain nas contratações públicas sustentáveis de obras rodoviárias,"Giamberardino, Guilherme Gonçalves; Gadda, Tatiana Maria Cecy; Nagalli, André",2024,https://doi.org/10.1590/0034-761220230073,"Abstract Governments worldwide face recurrent challenges in incorporating environmental variables into bidding processes. In this context, sustainable public procurement is an important tool for reducing the environmental impact of public organizations. Despite the emergence of digital technologies such as blockchain, which offers potential solutions to complex public sector problems, and the existing implementation of blockchain in databases by some countries, the Brazilian government has not developed the capability to adopt such instruments to improve environmental effectiveness and efficiency. This study proposes a conceptual model for the application of blockchain in sustainable public procurement of road works to facilitate the incorporation of environmental criteria into bidding procedures. Through a content analysis of 25 bidding processes related to road works, the research mapped out key activities, providing insights to propose an integrated solution for the Brazilian National Public Procurement Portal to address environmental issues in procurement processes. The study’s main contribution lies in outlining potential applications of blockchain in public procurement to embrace environmental aspects, demonstrating the feasibility of implementing this technology. Given the emergence of new perspectives to optimize bidding process management and foster environmental sustainability in public administration, the research provides evidence that blockchain can help promote a reliable, decentralized, transparent, and environmentally sustainable bidding structure.",Revista de Administração Pública,Geral,qualitativo,,,,,,,,,,
149,Liderança no processo de inovação colaborativa no setor público: uma revisão integrativa,"Paschoiotto, Waldemir Paulino; Cunha, Cristiano José Castro de Almeida; Silva, Solange Maria da",2024,https://doi.org/10.1590/0034-761220230037,"Abstract Increasingly interconnected contemporary societies face complex problems that impact people’s lives and demand collaborative innovative solutions. In the public sector, managers have shown a growing interest in collaboration to stimulate the development and implementation of innovative solutions. Despite this, the field of research on the role of leadership in this process is still incipient. This work aims to build a synthesis of the literature on the role of leaders in collaborative innovation processes in the public sector. The generation of a thematic map reveals two macro themes - roles and actions of leaders - associated with six themes: meta-governance, three-dimensional performance, observing basic requirements, restructuring the organization, overcoming obstacles, and exploring the drivers. This framework outlines how public leaders can act to engage in the development of more effective collaborative innovations for society. To review the evidence, it is also recommended that the profile of public leaders indicated to stimulate collaborative innovation processes to be more proactive and less attached to formalisms, should act as a meta-governor to convene, orchestrate, facilitate, regulate, mediate, and catalyze the processes of innovation.",Revista de Administração Pública,Geral,nao identificado,,,,,,,,,,
150,Pobreza subnacional en México y el Fondo de Aportaciones para Infraestructura Social,"Ríos, Cesar Gurrola; Molina, Paola Vázquez",2024,https://doi.org/10.1590/0034-761220240062,"Abstract Ample previous empirical evidence demonstrates that conditions of poverty and social inequality negatively affect society’s general development and economic growth. The Fondo de Aportaciones para la Infraestructura Social (FAIS) has stood out as one of the main mechanisms of the Mexican State to combat poverty. Faced with the hypothesis of FAIS’s insufficient effectiveness, this study proposes to analyze the impact of the different components of the FAIS on the poverty levels of the federative entities of Mexico. Using a model for panel data with biannual observations generated by instances of the Mexican government, the period between 2016 and 2022 was studied. The analysis shows that the resources allocated to water and sanitation and in urbanization projects significantly affect the rate of increase in the poverty level in Mexico’s states. The study results are relevant for economic agents interested in improving the living conditions of the Mexican population through the design, implementation, and monitoring of public policies aimed at combating poverty in Mexico.",Revista de Administração Pública,Geral,quantitativo,,,,,,,,,,
151,Relações interpessoais em uma corporação de bombeiros: implicações políticas e institucionais,"Coimbra, Marli Aparecida Reis; Ferreira, Lúcia Aparecida; Vedana, Kelly Graziani Giacchero",2024,https://doi.org/10.1590/0034-761220240164,"Abstract The study aimed to understand interpersonal relationships at work within a military firefighter corporation. This qualitative study, conducted in 2023 with 32 military firefighters from Minas Gerais, Brazil, used audio-recorded interviews guided by the prompt: “Tell me about what interpersonal relationships at your job are like for you.” The recorded material was fully transcribed and submitted to thematic analysis, which consists of six well-defined steps: (1) familiarization with the data, (2) generating initial codes, (3) searching for themes, (4) reviewing themes, (5) defining and naming themes, (6) producing the report. Symbolic interactionism provided the theoretical framework, as it considers aspects of social interactions. The results revealed three main categories: “Hierarchical and Disciplinary Culture,” related to vertical leadership style, punishments, and negative perspectives on the environment and system; “Barriers, Expectations, and Demands in Work Relationships,” associated with gaps and restrictions in communication, stressors with peers, and demands and expectations from the public served; and the “Complex Dynamics of (Mal)Adaptation Related to Work,” due to work-related mental suffering, coping resources, and protection within work relationships. It was concluded that interpersonal relationships signified greater perspectives of maladaptation to the firefighter work context. The study contributed to public administration by raising data to foster a deeper understanding of interpersonal relationships in a work organization with characteristics of an extreme context, especially leadership actions, leading to political implications and rethinking behaviors, as well as for the training of new professionals.",Revista de Administração Pública,Geral,qualitativo,,,,,,,,,,
152,Gerenciando paradoxos da estratégia aberta no setor público,"Bernardes, Maria Elisa Brandao; Milagres, Rosiléia; Becker, Patrícia; Wegner, Douglas",2024,https://doi.org/10.1590/0034-761220230177,"Abstract The open strategy approach advocates the inclusion of external agents, partners, and employees working at different levels in the strategy construction process. This movement toward openness and inclusion has also advanced in the public sector through collaborative governance. This development is due to changes in understanding the state’s role as a promoter of interaction between public and private actors. The central argument of this essay is that there are paradoxes inherent in the use of open strategy in the public sector that need to be managed in order to avoid or minimize damaging tensions between those involved. The essay adopts a reflexive and inductive approach based on the theoretical perspectives of both open strategy and collaborative governance. As a result, it contributes to the field of public management studies and presents theoretical and practical propositions that indicate ways of managing open strategy.",Revista de Administração Pública,Geral,nao identificado,,,,,,,,,,
153,Marco para entender y atender la corrupción sistémica en gobiernos locales,"Canales, Oliver David Meza; Pérez-Chiqués, Elizabeth; Martínez-Hernández, Aldo Adrián",2023,https://doi.org/10.1590/0034-761220220346,"Abstract The diagnoses made to justify anticorruption measures tend to minimize the complexity of the phenomenon of corruption. In line with the garbage can model (Cohen, March, & Olsen, 1972), where solutions look for problems, the corruption problem is characterized as something “addressable” by the anticorruption policy, which brings serious consequences, such as the implementation of a fallible policy. The article reviews the phenomenon of the fallibility of anticorruption policies. We argue that anticorruption policies are likely to fail when they are designed without recognizing that the type of corruption faced is embedded in a wider scheme of systemic corruption. We trace our argument along a series of implications that emerge from the Corruption Consolidation Framework (CCF) (Meza & Pérez-Chiqués, 2021). Supported by the CCF, we derive a series of implications to reorient the discussion and future lines of research around understanding and addressing the phenomenon of systemic corruption.",Revista de Administração Pública,Geral,quantitativo,,,,,,,,,,
154,Configurações explicativas do desenvolvimento da resiliência nas redes de suprimentos da administração pública,"Santos, Laysse Fernanda Macêdo dos; Martins, Ricardo Silveira; Freitas, Jonathan Simões",2023,https://doi.org/10.1590/0034-761220220209,"Abstract Social capital is an important theoretical lens for explaining interorganizational relationships and building resilience in supply networks. This study corroborates this perspective, aiming to identify which attributes of social capital contribute to explaining the development of resilience in public administration supply networks and how they combine in this explanation. A qualitative and descriptive research was carried out, using interviews with the repertoire grid technique for data collection. Data were analyzed using Honey’s content analysis and coincidence analysis (CNA). The research results indicate that social capital proved to be fundamental to developing resilience in supply networks in public administration, through the attributes of sharing technical information, precision in communication, anticipation in communicating relevant information, reciprocity, trust, transparency, and commitment. The originality of the study lies in the use of social capital theory in studies on resilience in public administration and in the adoption of a robust data collection and analysis method that has not yet been explored in research in Brazilian public administration. The main contributions of the study were: (1) to highlight social capital as a multilevel construct that influences the development of resilience, (2) to expand studies on resilience in public administration, (3) to provide information that public managers can use to avoid or minimize the risks that jeopardize the provision of public services, and (4) to adopt an unprecedented research method in the Brazilian public administration.",Revista de Administração Pública,Geral,qualitativo,,,,,,,,,,
155,"The role of IT capabilities, IT reconfiguration capability and innovativeness on organizational performance: evidence from the Brazilian public sector","Marchiori, Danilo Magno; Rodrigues, Ricardo Gouveia; Mainardes, Emerson Wagner; Popadiuk, Silvio",2023,https://doi.org/10.1590/0034-761220220221x,"Abstract The growing investments in information technology (IT) each year pushes public sector organizations to develop the ability to gather, integrate, and implement these resources to improve organizational processes. Public sector organizations have to be agile and flexible to meet society’s dynamic demands. In this sense, IT management and creating an organizational environment facilitating innovation are crucial measures. These organizations must learn to cultivate IT capabilities and innovativeness to improve their performance and create public value. Thus, this study aims to identify the existing relationships between innovativeness, IT capabilities, IT reconfiguration capability, and organizational performance in the public sector. The research analyzed data from 254 Brazilian public organizations of the most diverse sizes and sectors using structural equation modeling (SEM). The results indicated that the ability to reconfigure IT must be listed among the organizations’ IT capabilities. Also, the findings suggest that IT capabilities foster organizations’ innovativeness, and IT capabilities and innovativeness positively impact the organizations’ performance. The study contributes to knowledge of innovation and IT capabilities by testing theoretical propositions identified in the context of the private sector but insufficiently assessed in the public sector. Finally, the study points out ways for public managers to better prepare their institutions to face constantly changing environments.",Revista de Administração Pública,Geral,nao identificado,,,,,,,,,,
156,"Transparência, accountability e governance: revisão sistemática da literatura nos hospitais públicos","Nunes, Carlos; Gomes, Patrícia; Santana, Joaquim",2023,https://doi.org/10.1590/0034-761220220238,"Abstract This study develops a literature review based on bibliometric analysis on the theme of transparency and accountability within the scope of governance of public hospitals, seeking to identify research lines, theories, research methods, and existing gaps through the analysis of scientific publications until 2020. The investigation followed the theoretical lens of transparency and accountability in the public sector to understand its framework within the scope of the governance of hospitals. Using the Bibliometrix software, and after the consultation process of the articles published in the Scopus and WoS databases, a sample with 118 articles was selected. It was found that, in the period between 2017-2020, approximately 85% of the publications were qualitative, and there is a growing trend in the study of transparency and accountability within the scope of governance of public hospitals. Transparency often appears interconnected with the accountability of agents (accountability), external communication policies (public reports), internal communication policies, and their comprehensibility. The predominance of publications of North American and Chinese origin was also noted. The study also identifies the scarcity of research using quantitative models that explore dependency relationships between the dimensions studied, limiting the comprehensibility of the interdependence between transparency practices and organizations’ internal and external attributes. The study contributes to the knowledge about the interactions between transparency, accountability, and reporting within the scope of governance of public hospitals.",Revista de Administração Pública,Geral,metodos mistos,,,,,,,,,,
157,Formação de gestores públicos escolares à luz da reflexividade prática,"Alves, Thaís Lopes de Lucena; Bispo, Marcelo de Souza",2022,https://doi.org/10.1590/0034-761220210227,"Abstract This study seeks to interpret school managers’ experiences and meanings during their training in a continuing education program offered by the government of the Brazilian state of Paraíba. The study used the constituent elements of reflexive dialogue to understand school managers’ training, obtained through participant observation during a module of a continuing education program for school managers with 35 school principals and a workload of 24 hours. The results point to a dissonance between training content and the managers’ demands and reality, creating a binomial theory vs. practice. It is also possible to identify the political problems around hiring school principals and the consequences of such a process in school management. The research concludes that the training of public managers anchored in practical reflexivity can be a mechanism to contribute to democratic management.",Revista de Administração Pública,Nível de rua,metodos mistos,,,,,,,,,,
158,"Stakeholders, fatores críticos de sucesso e geração de valor em parcerias público-privadas","Menezes, David Curtinaz; Vieira, Diego Mota",2022,https://doi.org/10.1590/0034-761220200659,"Abstract This study analyzes the role of stakeholders in the value creation in public-private partnerships in Brazil, considering their motivations and the critical factors that determine the success of this type of collaboration. We analyzed partnerships between federal, state, and local governments through content analysis of documents and interviews with representatives of the public and private sectors involved in such partnerships. Stakeholders identification was conducted through the simultaneous use of models that allow demonstrating the multiple roles played by the actors, i.e. the role in public policies formulation and implementation (R. C. Gomes et al., 2010), their potential for threat or cooperation (Savage et al., 1991), and salience degree (Mitchell et al., 1997). In addition, the most recurrent critical success factors, value elements, and determining factors for cooperation in such partnerships were identified. Furthermore, an analytical model is proposed to identify such elements so that decision-makers can devise a strategy to deal with them.",Revista de Administração Pública,Alto escalão,metodos mistos,,,,,,,,,,
159,Determinantes da desigualdade salarial entre as carreiras do governo de Minas Gerais,"Bechtlufft, Rodolfo Pinhón; Costa, Bruno Lazzarotti Diniz",2021,https://doi.org/10.1590/0034-761220200879,"Abstract This research investigates the determinants of salary differences among Minas Gerais government careers using a linear regression model. Explanatory variables were raised from different theoretical approaches to determine the salaries: human capital theory, market segmentation theory, discrimination theory, and sociology of professions, in addition to considering the specificities of the public sector. The choice of the Brazilian state of Minas Gerais is justified by its relevance in the country and the fiscal crisis experienced in recent years. The hypothesis is that salary differences in the public sector not only express education and work experience, but also typical distortions of socioeconomic and political-bureaucratic structures. The results corroborate the hypothesis and suggest that the relative salary structure in the public sector constitutes a concrete manifestation of the differences in political resources available to careers, the social prestige of professions, and structural aspects of gender inequality.",Revista de Administração Pública,Nível de rua,quantitativo,,,,,,,,,,
160,Efeito de mudanças no contexto de implementação de uma política multinível: análise do caso da Reforma do Ensino Médio no Brasil,"Lotta, Gabriela Spanghero; Bauer, Marcela; Jobim, Rita; Merchán, Catherine Rojas",2021,https://doi.org/10.1590/0034-761220190159,"Abstract The article seeks to understand how exogenous changes are impacted by implementation contexts established in each place. Based on the analysis of Law 13.415/2017, which reforms High School in Brazil, it verifies how the federal changes proposed by this policy caused alterations in the states and how the local contexts also generated changes in the reform itself. The article is based on a qualitative investigation that monitored the effects of the publication of the Law and the beginning of the process of implementing the reform in the 26 states and the Federal District over two years. The empirical case was analyzed based on the variables of conflict and ambiguity that characterize the contexts of implementation. The article contributes to the literature on the implementation of public policies, reforms in public administration, and education policies.",Revista de Administração Pública,Nível de rua,qualitativo,,,,,,,,,,
161,Divergências metodológicas dos Tribunais de Contas e seus efeitos sobre as regras de despesa com pessoal,"Teixeira, Marcelo de Sousa",2020,https://doi.org/10.1590/0034-761220190310,"Abstract This article describes how Brazilian Courts of Accounts at the subnational level diverge with the National Secretariat of Treasury of the Ministry of Economy, on how to measure the personnel expenditure cap, a rule according to the Fiscal Responsibility Law of 2001. Since the Courts of Accounts can decide how to measure the personnel expenditure rule in their jurisdictions, the article describes how those decisions, presented in the Fiscal Management Report from 2016 to 2018, diverge with the federal standards described in the Manual of Fiscal Reports (MDF) and compiled in the System of Public Sector Fiscal and Accounting Information (Siconfi). It concludes that some Courts of Accounts would exceed the personnel expenditure cap if they adopted the federal standards described by the central government, which indicates the existence of fiscal accountability practices with a contagious effect upon subnational entities under its jurisdiction, increasing the risks of fiscal imbalances in the federation.",Revista de Administração Pública,Alto escalão,nao identificado,,,,,,,,,,
162,Smart cities e pandemia: tecnologias digitais na gestão pública de cidades brasileiras,"Fariniuk, Tharsila Maynardes Dallabona",2020,https://doi.org/10.1590/0034-761220200272,"Abstract COVID-19 has been affecting the way of life in cities. The pandemic curve grows significantly in some countries, such as Brazil, requiring rapid responses from the public administration. This research, conducted in April 2020, characterizes the use of digital tools in adapting Brazilian cities to the pandemic in light of the concept of smart cities, presenting a panorama of the current situation. The results indicated that 83% of the cities surveyed used digital tools in measures to fight the pandemic, such as increasing social distancing and adapting public services. The concentration of initiatives tends to follow the geographic distribution of confirmed cases, i.e., digital tools are more used in places where the pandemic curve is more accentuated. Also, cities that are historically more open to innovation demonstrated a heavier use of digital technologies and strategies to fight the pandemic. Finally, the results indicate that the largest Brazilian cities follow, at some level, the trends of digital optimization observed worldwide.",Revista de Administração Pública,Alto escalão,quantitativo,,,,,,,,,,
163,Práticas das universidades federais no combate à COVID-19: a relação entre investimento público e capacidade de implementação,"Panizzon, Mateus; Costa, Camila Furlan da; Medeiros, Igor Baptista de Oliveira",2020,https://doi.org/10.1590/0034-761220200378,"Abstract This article aims to analyze the relationship between public resources invested in federal universities and their capability to respond to COVID-19. The article presents a categorization method to evaluate the practices of combating COVID-19 organized by federal universities. Data analysis indicates a positive relationship between the level of expenditures and the ability to implement research and extension projects, mainly for the development of technologies. The discussion presents consequences for the public policies of Science, Technology, and Innovation to strengthen the Federal System of Higher Education, to guarantee the necessary infrastructure to solve complex problems such as those generated by COVID-19.",Revista de Administração Pública,Nível de rua,nao identificado,,,,,,,,,,
164,Utilização do monitoramento da Política de Prevenção à Criminalidade de Minas Gerais,"Maia, Tamiris Pires; Assis, Marcos Arcanjo de",2020,https://doi.org/10.1590/0034-761220190058,"Abstract Methods of public policy monitoring have gained relevance with the emergence of managerial reforms of the public administration. However, the use of information by managers persists as an imminent challenge. The objective of this study is to identify and categorize, based on the literature, the use of the information collected from the monitoring strategies adopted in the Crime Prevention Policy in the Brazilian state of Minas Gerais, based on qualitative research. The study observed that managers make direct and political use of information in an instrumental, procedural, persuasive, and imposed form. However, the policy does not have a structured monitoring system. The production of information is concentrated in the local units of implementation, the publicity of the data is insufficient, and the activities are seen as instruments of control and inspection.",Revista de Administração Pública,Geral,qualitativo,,,,,,,,,,
165,Eficiencia en la educación superior. Estudio empírico en universidades públicas de Colombia y España,"Ramírez-Gutiérrez, Zoraida; Barrachina-Palanca, Mercedes; Ripoll-Feliu, Vicente",2020,https://doi.org/10.1590/0034-761220190232,"Abstract In recent decades, Iberoamerican universities have introduced new quality assessment and accountability schemes, inspired by the New Public Management (NGP) model. In this context, efficiency in the distribution of public funds and obtaining the maximum possible return are a priority. Thus, measuring efficiency in the public sector, and specifically in higher education, has become a challenge for accounting science. The objective of this work is a proposal to calculate efficiency indices with Data Envelopment Analysis (DEA) models, introducing a previous step through the Analysis of Canonical Correlation (ACC). Using this technique, the aim is to improve discrimination capacity and overcome monodimensionality and lack of reliability in the representativeness of the chosen input and output variables. The study is applied in the public universities of Colombia and Spain during the years 2015 and 2016. The results obtained demonstrate the convenience of applying this preliminary step in the multivariate analysis. This reinforces the need to explore more rigorous methodologies in stages before and after the calculation of the efficiency indices. This practice increases confidence when using the indices to formulate policies and manage resources for the sector.",Revista de Administração Pública,Geral,quantitativo,,,,,,,,,,
166,Exploring shared leadership in public organizations: evidence from the educational arena,"Carvalho, Juliana; Sobral, Filipe; Mansur, Juliana",2020,https://doi.org/10.1590/0034-761220190319x,"Abstract Collective leadership, reflecting the representative and participatory character of bureaucracies, is known to have a good fit for public organizations. Despite the importance of the topic, very few studies have examined what triggers the emergence of shared or participative leadership in public organizations and how these plural forms of leadership translate into team outcomes. To fill this gap, this study explores whether the existence of an organizational climate characterized by participative safety (a climate characterized by shared purpose, social support, and voice) can facilitate the emergence of collective forms of leadership, such as shared leadership. Further, we investigate if shared leadership ultimately influences an important organizational outcome: voluntary turnover. To test our model, we conducted a field study with 96 public schools and more than 1,000 teachers of the public educational system of the city of Rio de Janeiro. Our results highlight the importance of the existence of a favorable organizational climate for the emergence of shared leadership and provide evidence of the positive effects of this type of leadership on reducing turnover ratings among public teachers.",Revista de Administração Pública,Geral,quantitativo,,,,,,,,,,
167,Governo inteligente: análise de dimensões sob a perspectiva de gestores públicos,"Melati, Claudia; Janissek-Muniz, Raquel",2020,https://doi.org/10.1590/0034-761220190226,"Abstract Recent studies show that the concept of smart government and its respective dimensions are not yet consolidated. The issue of the efficiency of public activity suggests that smart government should be recognized and better explored in public management. This study brings an original contribution to the literature, presenting an analysis of the recognition, importance, and application of the concept’s dimensions from the perspective of public managers. Adopting a qualitative and exploratory approach, operationalized through interviews with public managers in the South of Brazil, we sought to identify the dimensions of smart government that are recognized and applied by public managers. The results show the concept’s importance and its application and benefits in public administration. The findings point out the most influencital dimensions and their importance in the process, with emphasis on the organizational culture and the organization of data and public information.",Revista de Administração Pública,Geral,qualitativo,,,,,,,,,,
168,The role of internal auditing in promoting accountability in Higher Education Institutions,"Fonseca, Anabela dos Reis; Jorge, Susana; Nascimento, Caio",2020,https://doi.org/10.1590/0034-761220190267x,"Abstract This paper discusses the link between accountability and internal auditing, particularly analyzing the extent to which the latter contributes to improve the former, in Higher Education Institutions (HEIs). This study applied a questionnaire to the management boards of a sample of HEIs, to empirical analyze the relationship between internal auditing and accountability. The main focus was on internal auditing carried out by the offices or departments in those institutions. The paper contributes to understand how management boards perceive internal auditing to foster transparency and accountability in HEIs, allowing to corroborate that auditing, and particularly internal auditing, favors the institutions’ accountability. In effect, it promotes the principles underlying accountability practices. The information provided in the scope of internal audits is acknowledged as contributing to improve management effectiveness and helping in decision-making. HEIs wanting to create an internal auditing office or to enhance the role of an existing one, should develop this office’s activities so that it becomes an instrument to support accountability and good governance of the organization. The sample consisted of Portuguese public HEIs, universities and polytechnics. Despite a certain international convergence regarding this type of public sector organizations, and regarding their purposes and governance, certain contextual specificities might limit the generalization of the findings for other jurisdictions.",Revista de Administração Pública,Geral,quantitativo,,,,,,,,,,
169,Overseas influences on the development and recent innovations on public sector accounting and finance in Latin America,"Aquino, André Carlos Busanelli de; Caperchione, Eugenio; Cardoso, Ricardo Lopes; Steccolini, Ileana",2020,https://doi.org/10.1590/0034-761220200057x,"Abstract The idea for this special issue was to contribute to the international literature on public sector accounting from a Latin-American perspective, exploring which forces influence Public Sector Accounting and Finance (PSA&F) artifacts and concepts in Latin America, and how they occur. There is evidence that later influences from countries such as Italy, the United Kingdom, the United States, and New Zealand played a role in PSA&F developments in Latin-America. However, the roots and the associated effects (e.g., recent innovations, resistances, decoupling) of PSA&F are still unanswered questions. Such ‘recent innovations’ on public financial management processes include but are not limited to accrual accounting, convergence towards IPSAS, risk assessment, auditing, and budgeting. This special issue contains four articles capturing different perspectives of influences and mechanisms of PSA&F in the region.",Revista de Administração Pública,Geral,quantitativo,,,,,,,,,,
170,Escala de competências profissionais para policiais: evidências de sua adequação psicométrica,"Nascimento, Thiago Gomes; Souza, Eda Castro Lucas de; Adaid-Castro, Breno Giovanni",2020,https://doi.org/10.1590/0034-761220180285,"Abstract This research evaluated the factorial structure and psychometric adequacy of a Professional Competences Scale for Police Officers (ECPP). The development of the scale was carried out in three steps, with the participation of police officers and university professors holding PhDs in psychology and administration. The study applied a questionnaire to a non-probabilistic sample of 916 state police officers. The exploratory and confirmatory factorial analyses pointed to a bi-dimensional structure of 16 items. The first factor (behavioral competencies) regards aspects that involve complex relationships between skills related to the individual and attitudes. The second (technical competencies) refers to the knowledge and skills necessary for the good performance of activities in the police service. The results support the structure and point to internal consistency and adequate psychometric validity.",Revista de Administração Pública,Nível de rua,quantitativo,,,,,,,,,,
171,Public sector accounting reform in Latin America and Epistemic Communities: an institutional approach,"Neves, Fabrício Ramos; Gómez-Villegas, Mauricio",2020,https://doi.org/10.1590/0034-761220180157x,"Abstract Latin American countries have undergone a growing interest in international accounting standards. Several countries are making progress in the adoption of international standards driven by different internal factors as well as external dynamics. The role of experts in the design of public policies associated with international standards has been studied by the epistemic community theory, which is the theoretical framework used in this study to address the influence of different international organizations on the adoption of IPSAS in Brazil and Colombia. This paper discusses the isomorphic institutional pressure exerted over the governments of these two countries in order to meet an international standard considered to be adequate. Meanwhile, the emerging trend towards the adoption of IPSAS in Latin America continues to grow, although some obstacles to achieving the goals defined in the reform arise.",Revista de Administração Pública,Geral,nao identificado,,,,,,,,,,
172,Com quem a escola pode contar? A coprodução do Ensino Fundamental público por familiares de estudantes,"Soares, Guilherme Ferreira; Farias, Josivania Silva",2019,https://doi.org/10.1590/0034-761220170301,"Abstract This article discusses the coproduction of public education by student’s families and how it is influenced by the family members’ profile. Interviews were conducted with ten school principals, with sampling and analysis based on theoretical saturation, and a survey with 269 family members from Distrito Federal, using logistic regression as the data analysis methodology. From this, all categories of coproduction identified in Europe by Pestoff (2006) were confirmed, and another raised from the interviews, the coproduction by basic family support. Additionally, the data analysis showed significant influence of the families’ level of education and their family habits on pedagogy, social, political and economic coproduction. The research highlighted the coproduction of public services by citizen in developing countries.",Revista de Administração Pública,Nível de rua,metodos mistos,,,,,,,,,,
173,The city and the urban as spaces of capital and social struggle: notes on Henri Lefebvre’s enduring contributions,"Misoczky, Maria Ceci; Oliveira², Clarice Misoczky de",2018,https://doi.org/10.1590/0034-761220170122,"Abstract The argument of this essay is that Lefebvre’s writings contain relevant contributions to understand the contemporary phenomenon of neoliberal urbanism and, at the same time, his politics of the possible can contribute to explain the restless urban struggles and spatial practices of social movements. We value the author’s contribution from a comprehensive perspective, avoiding the usual fragmented way it has been used in the fields of public administration, organization and urban studies. Our reading follows Gadamer’s notion of “the horizon of the question”, which indicates that “we can understand a text only when we have understood the question to which it is an answer”. Accordingly, the question posed asks for the contribution of Lefebvre’s oeuvre to understand contemporary urban processes and to make visible possible futures objectively implied in processes of social struggles.",Revista de Administração Pública,Geral,nao identificado,,,,,,,,,,
174,"“Ruim com ela, pior sem ela”: o desejo de continuidade das UPPs para além das Olimpíadas","Ribeiro, Ludmila; Vilarouca, Márcio Grijó",2018,https://doi.org/10.1590/0034-761220170288,"Abstract This article uses the literature on community policing projects and logistic regression models to identify which variables explain the wish for the UPPs (pacifying police units) continuity after the Olympics. Analysis of a household and probabilistic survey carried out with 2,000 residents was conducted. In the first round, the survey was applied to 10 favelas that received UPPs in the initial phase of the program’s implementation and, in the next round, in another 10 favelas when the “pacification” process already indicated signs of crisis. The results indicate that young black and pardo individuals present a high degree of rejection to this mode of policing and that the police’s ability to rebuild the legitimacy of their actions in the communities causes individuals to endorse the continuity of UPPs, and the Olympic city project.",Revista de Administração Pública,Geral,quantitativo,,,,,,,,,,
175,"Estado, formação de gestores e a pós-graduação em administração brasileira: o caso do PNTE","Barros, Amon; Carneiro, Adéle de Toledo",2018,https://doi.org/10.1590/0034-7612174353,"Abstract This article aims to understand how the Brazilian government articulated the National executive’s Training Program (PNTE) in Brazil in the 1970s. The text discusses the importance of PNTE as a governmental effort to disseminate postgraduate studies in administration in the country. Besides offering graduate education, the program had an important role in the dissemination of management in Brazil. The focus of the FGV EAESP case is justified by the fact that it was pointed out by the Brazilian Federal Government as the leading school for the program, having participated in its design and coordinated its implementation. The data was produced using documentary analysis and semi-structured interviews. The text reflects on the use of documents and memory for historical research in administration and, consequently, to record the influence of the PNTE school agreement between the years of 1972 and 1976. Finally, this discussion tackles the difficulties caused by the reformulations promoted by the PNTE in the structure and courses of FGV EAESP, in addition to relating them to the Brazilian historical context of the time.",Revista de Administração Pública,Geral,qualitativo,,,,,,,,,,
176,From opacity to transparency? Evaluating access to information in Brazil five years later,"Michener, Gregory; Contreras, Evelyn; Niskier, Irene",2018,https://doi.org/10.1590/0034-761220170289,"Abstract How well is Brazil’s access to information (ATI) law working five years after passage? And what can be done to improve it? Drawing on official data as well as nine evaluations of compliance with ATI obligations, interviews with policymakers, and archival research, this paper provides descriptive and inferential statistics on compliance with ATI requests and indicators of implementation. Results show that less than one in every two requests in Brazil obtains a response from agencies, and more than 50% of requests exceed the time limits established in the law. Evidence of weak commitments to ATI are also illustrated by the paucity of several key indicators of compliance, including statistics on requests, declared commitments to ATI, ATI-specific platforms for making requests, and designated oversight institutions. Brazil urgently needs to invest in greater information management, empowering oversight institutions to implement and adjudicate ATI obligations.",Revista de Administração Pública,Alto escalão,qualitativo,,,,,,,,,,
177,REDES SOCIAIS NA PRODUÇÃO CIENTÍFICA EM ADMINISTRAÇÃO PÚBLICA DA SAÚDE NO BRASIL,"Allegretti, Ana Cristina Vidal; Moysés, Simone Tetu; Werneck, Renata Iani; Quandt, Carlos Olavo; Moysés, Samuel Jorge",2018,https://doi.org/10.1590/0034-7612162930,"Abstract The Brazilian administrative reform was included in the 1988 Constitution, and it has promoted decentralized policies, including the municipalization of health and popular participation. The objective of this article is to understand how the implementation of these democratic changes were studied in the international literature. The scientific production on Brazilian public health administration was analyzed by studying social networks. The search was conducted in the Web of Science database, using administration terms, delimited by “Brazil” and “health,” and using BibExcel and Ucinet software. The network of publications in administration was cohesive, containing practices of deliberative democracy and social participation. By including the term “health,” more variations were found, particularly on the Brazilian Health Reform and on the decentralization of the National Health System, with a more critical and reflexive focus, albeit with a clear gap on social accountability.",Revista de Administração Pública,Geral,nao identificado,,,,,,,,,,
178,Função compras no setor público: desafios para o alcance da celeridade dos pregões eletrônicos,"Almeida, Alessandro Anibal Martins de; Sano, Hironobu",2018,https://doi.org/10.1590/0034-7612164213,"Abstract This paper analyses the issue of delivery time in the procurement process within the Brazilian federal public administration. Based on the principle of celerity, the main goal is to analyze the factors that have influenced the implementation of the sub-phases of electronic auctions held at the Base Aérea de Natal (Bant). Based on the theoretical framework of the procurement function, four dimensions were established: Legislation and procurement processes, Structure and organization of the purchasing sector, Purchasing systems and Human resources of the purchasing sector. The methodology consisted of semi-structured interviews carried out with the public agents of Bant. The analysis by sub-phases, an unprecedented strategy, identified new factors: lack of integration between the requesting and purchasing sectors, lack of integration between the requesting sector and the auctioneer and failures in the data base Comprasnet.",Revista de Administração Pública,Geral,qualitativo,,,,,,,,,,
179,Indo além do gerencial: a agenda da governança democrática e a mudança silenciada no Brasil,"Filgueiras, Fernando",2018,https://doi.org/10.1590/0034-7612161430,"Abstract This article aims to analyze the agenda of the reform of the Brazilian State adopting an exploratory and normative perspective, observing the models of public management arising from the Brazilian historical experience. The country’s experience enables thinking about the institutional history of construction of public administration, highlighting the changes and the challenges posed in state-building processes. In addition, the article discusses the relationship between public administration and democracy, in view of the concept of democratic governance. Finally, the article analyze what we name “silent change in Brazil”, highlighting the uncoordinated way the process of change incrementally takes place, imposing challenges to the governance of the construction process in the Brazilian public sector and challenges in updating the agenda of reform.",Revista de Administração Pública,Geral,nao identificado,,,,,,,,,,
180,Diferenças nas percepções dos valores organizacionais dos gestores públicos em Portugal,"Correia, Pedro Miguel Alves Ribeiro; Bilhim, João Abreu de Faria",2017,https://doi.org/10.1590/0034-7612168818,"Abstract Empirical research in public administration have devoted little attention to the issue of values that guide management in the public sector, although much research on values has been developed both in the philosophical perspective and in the perspective of organizations and work studies. This article encircles the public values and reports the statistical analysis of perceptions about organizational values of Portuguese public managers. Contrary to the current notion about the effects of public administration reform, the results allow us to verify the existence of significant differences in perceptions about organizational values associated with the public sector compared to other organizational values, in particular, given the organizational values associated with the private sector. These results carry as implication the need to review the debate on the extent to which the Continental Europe paradigm is seen as subjugated to the common law paradigm.",Revista de Administração Pública,Geral,nao identificado,,,,,,,,,,
181,Democracia vs. eficiência: como alcançar equilíbrio em tempo de crise financeira,"Rodrigues, Miguel Ângelo Vilela",2017,https://doi.org/10.1590/0034-7612165400,"Abstract Public Administration is forced to strike a balance between efficiency and democracy in defining its agenda and course of action. One of the characteristics of Public Administration is that all decisions must reflect democratic values, in addition to being efficient. Nevertheless, administrative reform, motivated by financial stress, tends to highlight the importance of financial performance while overlooking the democratic and political aspects of public management. This research seeks to analyze the link and tension between efficiency and democracy in light of the latest global financial crisis. The paper uses a quantitative approach and collects data from Portuguese local governments to test the argument of an inverse linear relationship between financial performance and democratic procedures. Findings confirm Waldo’s argument (1948) of an inverse relationship while the evidence gathered shows that the financial crisis increased the negative effect of democratic procedures on financial performance.",Revista de Administração Pública,Geral,quantitativo,,,,,,,,,,
182,"Inovações participativas, diálogo social e construção de consensos","Santos, Priscilla Ribeiro dos",2016,https://doi.org/10.1590/0034-7612147073,"Abstract This article aims to contribute to the debate about the effects produced by participatory institutions in Brazilian public administration. It looks specifically at the experience of the Economic and Social Development Council of Rio Grande do Sul. The conclusion reached is that this particular council did indeed introduce changes to the state's public administration and contributed to both transparency and access to information. From the democratic learning point of view, the search for convergence in terms of development was the main innovation proposed by the forum. However, its criteria of composition and its capacity of agenda-setting reduced its overall deliberative potential.",Revista de Administração Pública,Alto escalão,quantitativo,,,,,,,,,,
183,"Cultura de aprendizagem contínua, atitudes e desempenho no trabalho: uma comparação entre empresas do setor público e privado","Cavazotte, Flávia de Souza Costa Neves; Moreno Jr., Valter de Assis; Turano, Lucas Martins",2015,https://doi.org/10.1590/0034-7612136534,"Abstract:This article investigates the relationship among continuous learning culture, perception of growth opportunities and individual performance, comparing companies in the public and private sectors. The paper is based on theories that propose that shared beliefs about support for learning in the organizational context are an important situational factor that can influence the attitudes of employees and their job performance. A quantitative research was conducted with survey questionnaires answered by employees of the sales force of three distinct organizations, all major competitors in the same market, being two private and one public. The results suggest that continuous learning is more present in the culture of private companies, and it is significantly related to the perception of growth opportunities and performance.",Revista de Administração Pública,Geral,quantitativo,,,,,,,,,,
184,Desafios na organização de parcerias público-privadas em saúde no Brasil. Análise de projetos estruturados entre janeiro de 2010 e março de 2014,"Barbosa, Antonio Pires; Malik, Ana Maria",2015,https://doi.org/10.1590/0034-7612136177,"Health Care is one of the service sectors that suffers intense demand pressure. The structures available in Brazilian Health Unified System (SUS) and its insufficient investment capacity have compromised the care provided. The structuring of PPP is presented as an alternative approach to reduce the service deficit. The study, based on analytical methodology using the triad thesis-antithesis-synthesis, observed the implementation of 24 PPP in Brazilian hospitals with analysis of their profiles, critical factors, limitations and trends. It was taken into consideration the observation of the processes' technical criteria, the existence of epidemiological studies that justified them, the accomplishment of legal steps and the participation of the health sector and legal bodies. In conclusion, there are 4 groups of projects with different implementation characteristics and solution measures are suggested to the situations that ensure contractual equality.",Revista de Administração Pública,Geral,nao identificado,,,,,,,,,,
185,"Cobrança do uso da água e comportamento dos usuários industriais na bacia hidrográfica do Piracicaba, Capivari e Jundiaí","Demajorovic, Jacques; Caruso, Carla; Jacobi, Pedro Roberto",2015,https://doi.org/10.1590/0034-7612137792,"This article discusses the impact of the water charge in PCJ Basin on the industrial sector behavior, regarding the implementation of practices of water rationalization in the productive process. The methodological procedure included in-depth interviews with multiple stakeholders, including representatives of industry, public sector, river basin's committee and non-governmental organizations. Findings show a low efficiency on the implementation process of the water charge, even if it results on encouragement of the rational use of water in the sector. The main factor is the reduced price of the water charge that does not encourage deep changes in the management of water resources. Besides that, the water charge generates negligible financial resources towards the investments needs for preservation of the water quality in the region.",Revista de Administração Pública,Geral,qualitativo,,,,,,,,,,
186,A administração pública na tutela coletiva da moralidade administrativa e do patrimônio público: o papel da advocacia pública,"Mazzei, Marcelo Rodrigues; Lorenzi, Marcelo Tarlá; Pazeto, Henrique Parisi; Silveira, Sebastião Sérgio da; Neto, Zaiden Geraige",2015,https://doi.org/10.1590/0034-7612130121,"This study aims to analyze the performance of the Brazilian public advocacy in the collective defense of administrative morality and public heritage. It will be superficially studied the structure of national public advocacy at local, state and federal level, with emphasis on its institutional development to its current paradigm. The major problems for the defense of administrative morality and public property by public law will also be studied, such as the lack of functional, administrative and financial autonomy, political interference in technical and formal exercise of career and the permanence of some public advocates of the old functional framework based on the submission and neglect of the problems presented. Finally, it will be presented some procedural and extra-procedural instruments available for public advocacy to promote the defense of public assets and the control of morality in administrative acts.",Revista de Administração Pública,Geral,nao identificado,,,,,,,,,,
187,A tomada de contas especial como instrumento de controle e responsabilização,"Quintão, Cynthia Magalhães Pinto Godoi; Carneiro, Ricardo",2015,https://doi.org/10.1590/0034-7612127943,"Rendering accounts is a constitutional requirement and one of the main obligations of public officials. Among other inspection and control tools, the Special Setting of Accounts (TCE) has the goal of protecting the treasury and punishing those who misuse public funds. Based on the concept of public accountability, this article examines the TCE application to agreements between the state government of Minas Gerais and municipalities. Proceedings, which were examined by the Tribunal de Contas (Court of Accounts) of Minas Gerais (TCEMG) between 2002 and 2011, were the target of this study. The results show untimely processing of the instrument and reduced range of decisions regarding the accountability of agents causing damage to the treasury. It indicates that the Court of Accounts has not been able to fulfill the purposes of its institution.",Revista de Administração Pública,Geral,quantitativo,,,,,,,,,,
188,Gestão interfederativa do SUS: a experiência gerencial do Consórcio Intermunicipal do Sertão do Araripe de Pernambuco,"Galindo, Jadson Mendonça; Cordeiro, Joselma Cavalcanti; Villani, Renata Alves Gomes; Barbosa Filho, Evandro Alves; Rodrigues, Cecile Soriano",2014,https://doi.org/10.1590/0034-76121478,"The purpose of this article was to analyze the managerial experience of the Inter-municipal Consortium of Health of Pernambuco's Sertão do Araripe (Cisape). To do it, we used a qualitative research of document analysis. The documents analyzed were reports produced by specialist consultants, involved in the implementation of regionalized and consortium management of the Unified Health System (SUS) in Pernambuco from 2009 to 2010. The results indicate that Cisape adopted the model of managerial management, ie, driven by the post-bureaucratic public management. The organizational structure of Cisape was defined as Public Law of autarchic nature. The research identified that, in Pernambuco, Cisape has been set as an important tool to encourage SUS' regionalization, but with incipient social participation.",Revista de Administração Pública,Geral,qualitativo,,,,,,,,,,
189,"The study of public administration in India, the Philippines, Canada and Australia: the universal struggle against epistemic colonization, and toward critical assimilation","Candler, Gaylord George",2014,https://doi.org/10.1590/0034-76121716,"The study of public administration has been characterized as a strong international focus, as both governments and scholars have sought to learn from the experience of other societies. While in a perfect world, one would expect a sort of pragmatic universalism, instead, many scholars tend to bring lessons from one country, or from a single cultural reality. This modest contribution lies in showing a series of national experiences rarely brought to the discourse about public administration in Brazil: Canada, Australia, India and the Philippines. Special emphasis will be given to the following: the origins and the development of public administration; the influence of ideology; and the complex tension between global theory and local practices.",Revista de Administração Pública,Geral,nao identificado,,,,,,,,,,
190,Perfil dos artigos sobre controle interno no setor público em periódicos nacionais e internacionais,"Beuren, Ilse Maria; Zonatto, Vinícius Costa da Silva",2014,https://doi.org/10.1590/0034-76121527,"This study aims to identify the profile of the articles on internal control in the public sector, published in national and international journals in Scopus database. In these articles available on Capes-BR Portal, in the area of Social Sciences & Humanities, it was researched the term ""internal control in the public sector"". A total of 133 articles published from 1983 to 2011 were identified and it was observed that it is happening an increase in the scientific literature about the subject analyzed. In contrast, there is no specific literature predominantly used in this area. The most explored themes are: a) audit, internal control, risk management and governance; b) public finances; c) public policies; d) economic development.",Revista de Administração Pública,Geral,nao identificado,,,,,,,,,,
191,A percepção dos gestores operacionais sobre os impactos gerados nos processos de trabalho após a implementação das melhores práticas de governança de TI no TRE/SC,"Klumb, Rosangela; Azevedo, Beatriz Marcondes de",2014,https://doi.org/10.1590/0034-76121651,"This study aims to understand the perception of the operational managers of the Department of Information Technology (ITS) of TRE/SC over the impacts created in the internal working processes of the body after the implementation of best practices in IT governance. In methodological terms, it is a descriptive-evaluative study case of a qualitative approach concerning the characteristics and way of investigation. As a result, it was identified that by March 2013, there were implemented eight of the 24 cases of IT governance processes based on Cobit model, Version 4.1, defined as the goal of Strategic IT Planning for 2013 model. It was concluded that the perception of managers is positive in relation to IT governance, although there are some flaws, as in the communication within and between areas, and in the centralization of information by some sectors.",Revista de Administração Pública,Nível de rua,qualitativo,,,,,,,,,,
192,Avaliação da implementação do Programa Nacional de Fortalecimento da Agricultura Familiar - novas perspectivas de análise,"Zani, Felipe Barbosa; Costa, Frederico Lustosa da",2014,https://doi.org/10.1590/0034-76121555,"This paper presents the results of Pronaf's implementation evaluation based on the following criteria: content, context, capacity, commitment and clients/coalitions. Beyond the documental analysis, the methodology has used interviews and focus groups. The results highlight the necessity of convergence between the perspectives top-down and bottom-up for the analysis of implementation of public policies and indicate technical assistance deficiencies as the most important obstacles for the success of the program. On the other hand, there are meaningful improvements on the governance structure, enabling the settlement of demands brought up by different actors and that enhances frequent updates in the scope of the program , thus ensuring the maintenance of the operational quality achieved.",Revista de Administração Pública,Alto escalão,qualitativo,,,,,,,,,,
193,O caso do PAC Embrapa: requisitos de uma gestão orientada para resultados no setor público,"Porpino, Gustavo; De Stefani, Emerson",2014,https://doi.org/10.1590/0034-76121158,"The paper analyzes the processes of management, monitoring and controlling of results adopted by Embrapa to effectively perform the 10 projects and 141 goals in Embrapa's Strengthening and Growth Program (PAC Embrapa). The qualitative approach, based in a descriptive case study strategy, discusses the literature on managing for results (MFR) coupled with the analysis of the model that emerged from this implementation. While presenting and describing the model used, considered vital for achieving objectives and for a high budget execution, the study identifies seven requirements for an effective management for results in public institutions, such as meritocracy in the formation of the management team, support from top management, autonomy and strategic communication. By presenting empirical evidence of the requirements for effective MFR, the study provides contributions to improve the management of government programs and the consequent generation of public value.",Revista de Administração Pública,Geral,qualitativo,,,,,,,,,,
194,Inovação na gestão pública subnacional: reflexões sobre a estratégia de desenvolvimento do Acre,"Brose, Markus Erwin",2014,https://doi.org/10.1590/0034-76121601,"Periodic reviews about trends of innovation in subnational public administration since democratization reiterated the need for further studies in this area. Besides the demand for studies on new services, innovative procedures and management modernization, this article seeks to reinforce the need for studies on the quality of governance. We present a description of the development strategy of Acre as a case study, aiming to highlight the role of public management in improving the quality of life in that state, and its adaptation to climate change impacts. The analysis allows us to reflect on the importance of the political and social context for innovations which arise beyond the replication of prescriptions, the habit of knowledge management being conductive to innovation.",Revista de Administração Pública,Geral,qualitativo,,,,,,,,,,
195,Autonomia para gestão estratégica de pessoas no setor público federal: perspectivas de análise e agenda de pesquisa,"Fonseca, Diogo Ribeiro da; Meneses, Pedro Paulo Murce; Silva Filho, Antônio Isidro da; Campos, Natália Gomes",2013,,"This theoretical essay aims to propose autonomy as a construct that integrates strategic human resource management models in federal public organizations. The institutional environment, structure, and culture in public organizations may pose constraints to the autonomy of human resource departments to align their processes to the organizational strategy. From this perspective, we propose the investigation of environmental factors of formal and informal nature which affect human resource management practices. A research agenda is proposed aiming to provide a more adequate approach to the reality of human resource management in the federal public sector.",Revista de Administração Pública,Geral,nao identificado,,,,,,,,,,
196,Finanças públicas no Brasil: uma abordagem orientada para políticas públicas,"Maciel, Pedro Jucá",2013,,"This paper contributes in three ways for the public finance analysis: (i) establish a practical methodology for the public finance analysis in order to indicate possible gains in allocation, efficiency and effectiveness of public policies, (ii) propose a method for public sector accounts consolidation to analyze which areas the public sector allocate its resources, (iii) conducting a general assessment of the allocative role of the Brazilian public sector through international comparisons. This work aims to indicate ways to improve the analysis and the public spending quality. The objective is to ensure that public finance perform its role as a key agent to finance the economic development.",Revista de Administração Pública,Geral,nao identificado,,,,,,,,,,
197,Inserção social como categoria de análise socioeconômica: um estudo sobre administração pública e o setor imobiliário de Florianópolis,"Spaniol, Enio Luiz; Ramos, Ivoneti; Buglione, Samantha; Delfino, Deisiane; Razerra, Maria Eduarda",2013,,"Urban management is one of the themes that has been challenging the public administration. This article analyzes the urban management and public administration from the real state market and social insertions that influences the city growth. The central thesis of the study is that the paradigm of economic rationality is not sufficient to absorb the diversity of variables present in a field such as real state, thus starts from the assumption that the study of a field from the social insertions is an efficient way to understand the social representations and their impact. That's because the real state sector represents a variety of conflicts that ultimately influence public policy. Among the achievements stands out cataloging Florianopolis in cores of real state development and initial identification of prevalent social insertions in each of these nucleus, as well as an interpretation of the meaning and role of analytical social background. The conclusion is that the new economic sociology is the most appropriate theoretical framework for the study of complex fields and that, among the social insertions, you need to include a new category called environmental insertion.",Revista de Administração Pública,Geral,nao identificado,,,,,,,,,,
198,A implementação do sistema de custos proposto pelo governo federal: uma análise sob a ótica institucional,"Borges, Thiago Bernardo; Mario, Poueri do Carmo; Carneiro, Ricardo",2013,,"The information about costs in public sector is important to an adequate analyze about management efficiency and expenditure quality. In countries identified as reference for implementation of that methodology, the process was part of a extensive reforms plan. The Institutional Theory claim the importance that changes in those work proceedings need analyze rules, values and practices in use on the organization involved in change process. This study was intended using the institutional theory to establish an analyze of how was the implementation of public sector Brazilian management instruments, and comparing that same process in Australian government. It was possible identified that Brazilian government different of the international experience and institutional theory proposals that suggest a wide cultural and institutional mobilization, it chose only the implementation of a technological system.",Revista de Administração Pública,Nível de rua,nao identificado,,,,,,,,,,
199,Controle social e políticas públicas: a experiência dos Conselhos Gestores,"Gurgel, Claudio; Justen, Agatha",2013,,"This paper examines the exercise of social control in Brazil, from the general debate that prompted him, as well as the internal context that led to the creation of institutionalized spaces for your application. The objective is to evaluate the exercise of social control through the Public Policy Management Councils. Through studies conducted by other researchers in Public Policy Management Councils, in the three levels of government, and empirical study, we found that the way it has happened to the exercise of social control in these forums, much moves away from what is expected by law. From this table, we bring contributions to the understanding of this fact and to the advancement of social control itself, understood as a necessary and a high level of democratization of public management in Brazil.",Revista de Administração Pública,Alto escalão,nao identificado,,,,,,,,,,
200,Inovação no setor público: análise da produção científica em periódicos nacionais e internacionais da área de administração,"Brandão, Soraya Monteiro; Bruno-Faria, Maria de Fátima",2013,,"This article aims to present an overview of scientific literature in national and international journals on innovation in the public sector between 2000 and 2010. The objectives of the studies, the methodological choices assumed by the authors and major contributions to the advancement of understanding were analyzed. In Brazil, the production in such journals is in its early stages, but there has been a growing number of publications in the past five years. In the international context, the scientific production is more consolidated in three main focuses of study: environmental, organizational and managerial factors influencing innovation in the public sector. Research gaps were identified in five themes: (a) innovation process, (b) drivers and barriers, (c) characteristics of leaders that facilitate innovation, (d) effects of innovation and (e) factors that contribute to the dissemination of innovations in the public sector.",Revista de Administração Pública,Geral,nao identificado,,,,,,,,,,
201,O planejamento econômico no Brasil: considerações críticas,"Mello e Souza, Nelson",2012,,"In the past thirty years, a series of plans have been developed by successive Brazilian governments in a continuing effort to maximize the nation's resources for economic and social growth. This planning history has been quantitatively rich but qualitatively poor. The disjunction has stimulated Professor Mello e Souza to address himself to the problem of national planning and to offer some criticisms of Brazilian planning experience. Though political instability has obviously been a factor promoting discontinuity, his criticisms are aimed at the attitudes and strategic concepts which have sought to link planning to national goals and administration. He criticizes the fascination with techniques and plans to the exclusion of proper diagnosis of the socio-political reality, developing instruments to coordinate and carry out objectives, and creating an administrative structure centralized enough to make national decisions and decentralized enough to perform on the basis of those decisions. Thus, fixed, quantified objectives abound while the problem of functioning mechanisms for the coordinated, rational use of resources has been left unattended. Although his interest and criticism are focused on the process and experience of national planning, he recognized variation in the level and results of Brazilian planning. National plans have failed due to faulty conception of the function of planning. Sectorial plans, save in the sector of the petroleum industry under government responsibility, ha e not succeeded in overcoming the problems of formulation and execution thereby repeating old technical errors. Planning for the private sector has a somewhat brighter history due to the use of Grupos Executivos which has enabled the planning process to transcend the formalism and tradition-bound attitudes of the regular bureaucracy. Regional planning offers two relatively successful experiences, Sudene and the strategy of the regionally oriented autarchy. Thus, planning history in Brazil is not entirely black but a certain shade of grey. The major part of the article, however, is devoted to a descriptive analysis of the national planning experience. The plans included in this analysis are: The Works and Equipment Plan (POE); The Health, Food, Transportation and Energy Plan (Salte); The Program of Goals; The Trienal Plan of Economic and Social Development; and the Plan of Governmental Economic Action (Paeg). Using these five plans for his historical experience the author sets out a series of errors of formulation and execution by which he analyzes that experience. With respect to formulation, he speaks of a lack of elaboration of programs and projects, of coordination among diverse goals, and of provision of qualified staff and techniques. He mentions the absence of the definition of resources necessary to the financing of the plan and the inadequate quantification of sectorial and national goals due to the lack of reliable statistical information. Finally, he notes the failure to coordinate the annual budget with the multi-year plans. He sees the problems of execution as beginning in the absence of coordination between the various sectors of the public administration, the failure to develop an operative system of decentralization, the absence of any system of financial and fiscal control over execution, the difficulties imposed by the system of public accounting, and the absence of an adequate program of allocation for the liberation of resources. He ends by pointing to the failure to develop and use an integrated system of political economic tools in a mode compatible with the objective of the plans. The body of the article analyzes national planning experience in Brazil using these lists of errors as rough model of criticism. Several conclusions emerge from this analysis with regard to planning in Brazil and in developing countries, in general. Plans have generally been of little avail in Brazil because of the lack of a continuous, bureaucratized (in the Weberian sense) planning organization set in an instrumentally suitable administrative structure and based on thorough diagnoses of socio-economic conditions and problems. Plans have become the justification for planning. Planning has come to be conceived as a rational method of orienting the process of decisions through the establishment of a precise and quantified relation between means and ends. But this conception has led to a planning history rimmed with frustration, and failure, because of its rigidity in the face of flexible and changing reality. Rather, he suggests a conception of planning which understands it ""as a rational process of formulating decisions about the policy, economy, and society whose only demand is that of managing the instrumentarium in a harmonious and integrated form in order to reach explicit, but not quantified ends"". He calls this ""planning without plans"": the establishment of broad-scale tendencies through diagnosis whose implementation is carried out through an adjustable, coherent instrumentarium of political-economic tools. Administration according to a plan of multiple, integrated goals is a sound procedure if the nation's administrative machinery contains the technical development needed to control the multiple variables linked to any situation of socio-economic change. Brazil does not possess this level of refinement and any strategy of planning relevant to its problems must recognize this. The reforms which have been attempted fail to make this recognition as is true of the conception of planning informing the Brazilian experience. Therefore, unworkable plans, ill-diagnosed with little or no supportive instrumentarium or flexibility have been Brazil's legacy. This legacy seems likely to continue until the conception of planning comes to live in the reality of Brazil.",Revista de Administração Pública,Alto escalão,metodos mistos,,,,,,,,,,
202,Resistência à educação a distância na educação corporativa,"Albertin, Alberto Luiz; Brauer, Marcus",2012,,"Although the resistance to the technologies is a frequent problem in enterprises, the researches in that area are fragmented, no-cumulative and rare in the literature. The objective of this research was to identify and analyze the main resistance dimensions to Distance Education (DE) in Corporate Education (CE). A theoretical structure that sought to explain the Resistance to DE in CE was developed and tested. The initial hypotheses were tested and the results showed that, in the researched sample, the dimensions Self-effectiveness and Effort Expectation influence direct and positively the Resistance to DE in CE, and the dimensions Effort Expectation, Facilitative Conditions, Interactivity and Communication are antecedent construct to the Effort Expectation. This study will help in the deployment and management of distance learning courses, especially in public sector organizations, including universities.",Revista de Administração Pública,Geral,nao identificado,,,,,,,,,,
203,"Avaliação, informação e responsabilização no setor público","Ceneviva, Ricardo; Farah, Marta Ferreira Santos",2012,,"The main purpose of this paper is to analyze the effects of standardized systems of policy evaluation on government transparency and official's accountability. More specifically it discusses the impact of program evaluation and program assessment systems in the promotion of increasing levels of information transparency and the enhancement of mechanisms of accountability in the Public Sector. The exam of Saresp (Scholl Assessment System of São Paulo State) and the Monitoring and Evaluation System of Sexually Transmitted Diseases (STD) and Aids program in the same State suggests that evaluation systems have a positive impact on transparency and accountability, but that this impact is related not only to characteristics of the policy evaluation systems - particularly to the pattern its data and results are presented to the public - but also to the participation of stakeholders in the evaluation process and in the public policy itself.",Revista de Administração Pública,Geral,nao identificado,,,,,,,,,,
204,Administração pública do setor elétrico: indicadores de sustentabilidade no ambiente residencial do estado do Pará (2001-10),"Borges, Fabricio Quadros",2012,,"This article aims to present a proposal for indicators of sustainability of electricity for public management with the residential sector in Pará that could serve as a model for the governance of the electricity sector in other states. The methodology of this study was based on the theoretical model support PER, which involves the relationship pressure-state response. The results showed that the economic aspect is the one that best reflects the input power in the home in Para. The increase in average income, reflecting the availability of electricity and the increased consumption of this resource, played an important role in the economy Para. But the social and environmental aspect presented with a decreasing average indicators.",Revista de Administração Pública,Geral,nao identificado,,,,,,,,,,
205,Palavras da diretora,"Zouain, Deborah Moraes",2012,,,Revista de Administração Pública,Alto escalão,nao identificado,,,,,,,,,,
206,Gestão estratégica: um exame de práticas em universidades privadas,"Meyer Jr, Victor; Pascucci, Lucilaine; Mangolin, Lúcia",2012,,"Strategic management is a relatively new approach in the management of Brazilian higher education institutions. This study presents an analysis of strategic practices in two private universities and contributes to the debate over the application of strategy to the field of higher education. This comparative study analyzes the realities of two private universities on the authors use questionnaires and interviews of administrators to capture strategic practices in use. Results of data analysis indicate that strategic practices in both institutions combine deliberate strategies derived from formal plans with emergent strategies from daily practices. Administrators' perceptions of strategies reinforced the existence of planned strategies inserted into formal plans presented by the central administration. At the same time administrators acknowledged the existence of emergent strategies as a result individual and group initiatives based on interactions, insights, feelings, vision, and reaction to challenges they faced during the daily activities. These strategies emerged in both institutions from micro-strategies carried out by academic administrators and professors. The conclusions reveal the existence of influential subjective factors like creativity, tacit knowledge, sensitivity and experience of administrators embedded in the adopted practices.",Revista de Administração Pública,Nível de rua,metodos mistos,,,,,,,,,,
207,Avaliação executiva de indicadores no governo do estado de Minas Gerais: análise da implementação de uma ferramenta de monitoramento e avaliação,"Gonçalves, Éber; Braga, Felipe Michel Santos Araújo; Campos, Eder Sá Alves",2011,,"The Indicators Executive Evaluation (AEI) is a methodology developed by the government of Minas Gerais, through the Program State for Results, to be systematically used to evaluate the quality of the indicators monitored in the strategic management of Minas Gerais. This tool consists in 34 questions, grouped in four thematic axes: Data Production, Indicator Production, Concepts and Methodology, and Use and Communication. Those attributes evaluated are associated with desirable indicator's characteristics, such as clarity, relevance, adequacy, timing and specificity. The methodology was applied to the set of indicators monitored in 2009 (104 indicators). The evaluation provided, for each indicator, the identification of gaps in the indicator production process, which was very useful to strengthen the portfolio of indicators. At last, this paper points out the value added by the AEI in the monitoring activity, encouraging the development of more appropriate measures for the public policies' results and helping to strengthen the performance-based contracting model of the State.",Revista de Administração Pública,Nível de rua,nao identificado,,,,,,,,,,
208,Reflexões para um framework da informação de custos do setor público brasileiro,"Cardoso, Ricardo Lopes; Aquino, André Carlos Busanelli de; Bitti, Eugenio José da Silva",2011,,"This paper summarises the proposal for a framework for the cost information from the public sector. The proposal derives from contributions provided by the Brazilian central government, on two separate occasions and from two different working teams. The first dates back to 2005 and was presented in the final report of the Interministerial Committee. The second was coordinated by the Ministry of Finance in 2008-2009. These contributions were analysed in accordance with critical papers presented to the academic audience with regards to the framework for financial accounting issued by the International Accounting Standards Board and Financial Accounting Standards Board, and through the lens of the international literature related to the adoption of cost accounting systems in the public sector. Brazilian legislation requires the adoption of such information systems since 1964, although only now it is object of a work conducted by the Finance Ministry, which first results will become available this year. In 2004 the Brazilian Court of Audit issued a decision enforcing legislation - that may improve the number entities adopting a cost accounting system. But adoption is not enough, public managers shall use the information provided by the system - the use cannot efficiently enforced by law, it is a function of the relevance identified by potential users. It is suggested that the adoption of the cost information system and the use of its information in the Brazilian public sector should be a consequence of a gradual and flexibly implementation process, based on the accrual basis of accounting and on only one framework shared by all entities.",Revista de Administração Pública,Alto escalão,nao identificado,,,,,,,,,,
209,A história do ensino em administração: contribuições teórico-metodológicas e uma proposta de agenda de pesquisa,"Fischer, Tânia; Waiandt, Claudiani; Fonseca, Renata Lara",2011,,"Debate about the importance of the field of history within the area of business administration has principally been restricted to studies about business or company history, the history of management and organizational history (Costa, Barros & Martins, 2009). In order to broaden this debate, this article presents the historiography of its teaching and proposes four research levels for the history of business administration education: a) the lives of the masters (teachers) who have constructed thematic fields, teaching modes and institutions; b) the educational legacy of these programs; c) the history of school subjects; and d) the history of institutions of education. Furthermore, it uncovers theoretical-methodological possibilities for the historiography of education and thus proposes an activity agenda towards the institutionalization of the subfield of the history of business administration education within the field of the history of business administration. It concludes with a proposal to teach the history of business administration education in Brazil - a subject practically nonexistent within the area's curricula - and specifically proposes that this topic should become a curricular component within the subjects or activities that constitute master's and doctorate education.",Revista de Administração Pública,Geral,nao identificado,,,,,,,,,,
210,Uma revisão crítica sobre cidades e mudança climática: vinho velho em garrafa nova ou um novo paradigma de ação para a governança local?,"Martins, Rafael D'Almeida; Ferreira, Leila da Costa",2011,,"Climate change and global warming have become the center of public debate as the biggest challenge of the century XXI in a short period of time. This paper aims to present a critical review on the subject of cities and climate change based on an analysis of national and international literature available. It is emphasized that the impacts of climate change are expected in urban areas affecting several sectors of urban life. Empirical evidence shows that local governments are essential to implement policies related to climate change. Overall, the response of cities focuses on mitigation and adaptation. The paper tried to understand the processes of urbanization and industrialization as a way to realize the condition and the origins of urban environmental vulnerability in Brazil, and to alert the large socioeconomic deficits and environmental impacts of Brazilian cities that make policies and responses more urgent and more complicated. Thus, it is not old wine in new bottle, but the opportunity not only to correct past mistakes, but also transform the Brazilian cities for the future in a more sustainable and just manner. For this to happen it is necessary to involve studies in public administration and local governance in these discussions.",Revista de Administração Pública,Geral,nao identificado,,,,,,,,,,
211,Uma metodologia para diagnóstico de clima organizacional: integrando motivos sociais e cultura brasileira com fatores do ambiente de trabalho do Poder Judiciário,"Villardi, Beatriz Quiroz; Ferraz, Viviane Narducci; Dubeux, Veranise Jacubowski Correia",2011,,"This paper examines the conception and elaboration process of an organizational climate diagnosis (OCD) methodology that considers judiciary organization specificity. In this direction seven organizational climate factors and three cultural characteristics of this public organization were identified. Data was generated through bibliographic research, field observation and in depth interviews which were qualitatively interpreted. Three intertwined cultural characteristics were revealed: authoritarism, centralization and personalism pervading three social motives and seven organizational climate factors. Preliminary results obtained through a pilot project results indicate that public workers self fulfillment motives deserve more manager's attention than those concerning affiliation and power motives. Although a methodology and a quantitative tool for OCD were elaborated in order to minimize managers' subjectivity during OCD conception process, it was noticed that subjectivity pervades managers perception intertwined with their organizational cultural characteristics. In this way objectivity-subjectivity intertwining was revealed as well as respondents' subjectivity mediating human resources management. Finally, recommendations for OCD implementation considering judiciary organization specificity are presented.",Revista de Administração Pública,Geral,metodos mistos,,,,,,,,,,
212,Práticas sociais estratégicas e resultados acadêmicos: o doutorado em administração na USP e na UFRGS,"Canhada, Diego Iturriet Dias; Bulgacov, Sergio",2011,,"This study aims to identify the social practices that support higher academic achievement in two doctoral programs in management: USP, UFRGS. Using as an indicator of academic achievement the Capes (2004-2007) indicators and as epistemological approach interpretationism. The theoretical background is the social constructivist with the framework known as the current strategy as social practice consisting of two topics, post-graduate and doctorate management programs in Brazil. The empirical research was qualitative and constitutes a comparative analysis of two cases. The most important results of this research shows that certain characteristics and activities of the coordination, the professors and the doctoral students are important, such as: commitment and dedication of the students; enhancement of research and be in touch with the real world of organizations as an important role of the professors, provide incentives based on metrics from Capes, by the coordination of the courses. With respect to collective practices, highlight the importance of all actors in the research groups.",Revista de Administração Pública,Nível de rua,qualitativo,,,,,,,,,,
213,A contribuição da logística integrada às decisões de gestão das políticas públicas no Brasil,"Vaz, José Carlos; Lotta, Gabriela Spanghero",2011,,"This article aims to identify and classify the logistics aspects of the management of public policies, examining how logistics decisions are essential to improve the state organizations and public services performance. Adopting integrated logistics and supply chain management point of view we seek to identify how these logistics decisions can be considered in decision making processes of public policy management as a tool to promote efficiency and significant impacts on results of public organizations management. Therefore, this article presents a series of essential decisions that concern the central idea of logistics in the public sector. It also discusses some experiences and cases that demonstrate the importance and specificity of these discussions to public policy.",Revista de Administração Pública,Geral,quantitativo,,,,,,,,,,
214,What factors of satisfaction and motivation are affecting the development of the academic career in Portuguese higher education institutions?,"Machado-Taylor, Maria de Lourdes; Soares, Virgílio Meira; Ferreira, José Brites; Gouveia, Odília Maria Rocha",2011,,"An important constituent group and a key resource of higher education institutions (HEIs) is the faculty or academic staff. The centrality of the faculty role makes it a primary sculptor of institutional culture and has implications for the quality of the institution and therefore has a major role in achieving the objectives of the institution. Demand for academic staff in higher education has been increasing and may be expected to continue to increase. Moreover the performance of academic staff as teachers and researchers determines much of the student satisfaction and has an impact on student learning. There are many factors that serve to undermine the commitment of academics to their institutions and careers. Job satisfaction is important in revitalizing staff motivation and in keeping their enthusiasm alive. Well motivated academic staff can, with appropriate support, build a national and international reputation for themselves and the institution in the professional areas, in research and in publishing. This paper aims to identify the issues and their impacts on academic staff job satisfaction and motivation within Portuguese higher education institutions reporting an ongoing study financed by the European Union through the Portuguese Foundation for Science and Technology.",Revista de Administração Pública,Geral,nao identificado,,,,,,,,,,
215,Liderança no contexto da nova administração pública: uma análise sob a perspectiva de gestores públicos de Minas Gerais e Rio de Janeiro,"Oliveira, Fátima Bayma de; Sant'Anna, Anderson de Souza; Vaz, Samir Lofti",2010,,"New schools of thought targeted at the modernization of the state and centered on the adoption of public management models designed to emphasize the notion of outcome as well as of managerial tools typical of management, leadership and the corporate world have characterized public management in Brazil. From this perspective, initiatives such as those of the states of Minas Gerais and Rio de Janeiro, with their modernization of state programs should be pointed out. Based on such experiences and movements, new issues emerge and demand to be better understood. From the analysis of the relations between initiatives associated to the movement around the so-called new public management and the category leadership, this study's main goal is to investigate, using empirical data collection conducted with occupants of key positions in the public sector of both Minas Gerais and Rio de Janeiro's governments, themes, issues and challenges that emerge from such initiatives, as well as their implications on the demand for new kinds of leadership and ways of its development. With the help of the qualitative data research software NVivo 8, it was possible to group the main issues and challenges identified around the relations between public administration and new leadership. The study also allowed us to identify a list of competency attributes required of the manager and leader of the public sector.",Revista de Administração Pública,Geral,metodos mistos,,,,,,,,,,
216,Higher education of tourism in Spain and its adaptation to the European higher education area,"Espasandín Bustelo, Francisco; Díaz Fernandez, Carmen; Quirós Tomás, Francisco Javier",2010,,"The international tourism system has deeply undergone structural changes in the last decades which not remain outside the subsystem higher education in tourism, especially in the European case. This article has two objectives: firstly, describes the European higher education area and the objectives, skills and subjects taught in the main Spanish universities that offer higher education in tourism. On the other hand, in the light of knowledge that researchers' descriptive models, provide experience of the implementation of European credit and thorough a deeply review of the literature on the topic higher education in tourism, to propose strategies that will enable other tourism higher education systems approach to the European reality. These policy proposals are aimed at agents and elements from higher education in tourism subsystem and they specifically include: the institutions providing education in tourism, the curriculum, the teaching methods, teachers and students.",Revista de Administração Pública,Geral,nao identificado,,,,,,,,,,
217,Diretrizes e modelo conceitual de custos para o setor público a partir da experiência no governo federal do Brasil,"Machado, Nelson; Holanda, Victor Branco de",2010,,"This article presents the Cost Information System (CIS) of the Brazilian federal government. It describes the taxonomic model and its main features, from its concepts to its purposes and user groups, and explores the correlation between the concepts of governmental accounting and cost accounting. It demonstrates the relationship between public policies, fund management, activities and cost objects. To this end, it uses the concepts of accumulation system, costing method and costs in the public sector, as well as government information systems. The article also presents the theoretic conceptual model and the guidelines of the design, and describes the implementation process, which is still ongoing. It finally looks into the future after the development stage of the CIS, and urges its readers to dive into the debate about measuring costs. The importance of CIS to improve the quality of spending in the public sector is highlighted",Revista de Administração Pública,Geral,quantitativo,,,,,,,,,,
218,Desmistificação do regime contábil de competência,"Borges, Thiago Bernardo; Mario, Poueri do Carmo; Cardoso, Ricardo Lopes; Aquino, André Carlos Busanelli de",2010,,"This paper presents accrual basis accounting in a straight and objective way, and how it can be applied to the Brazilian public sector. The State of Minas Gerais has been preparing itself to adopt the accrual accounting since 2001. This process has been improved since 2009 as a consequence of the joint work between the Brazilian Treasury and the National Institute of Chartered Accountants that aim to converge the Brazilian public sector accounting standards to the International Public Sector Accounting Standards. The analysis presents the incentives to the adoption of the accrual accounting, even before it becomes mandatory, and the potential effects of that adoption on decision making. The Minas Gerais public reform was a consequence of public deficits and the need to cut expenses. It drove the State to establish performance contracts that demand performance information. Although accrual accounting might provide benefits for decision making and accountability, the public sector will need to face some issues, as training, technological barriers and uncertainties related to the thresholds of the public finance legislation",Revista de Administração Pública,Geral,nao identificado,,,,,,,,,,
219,Informações de custos e qualidade do gasto público: lições da experiência internacional,"Rezende, Fernando; Cunha, Armando; Bevilacqua, Roberto",2010,,"Allocation and management of public funds can be significantly improved when good information on costs of producing and delivering public goods and services is regularly available, so that tax payers' money can bring better social benefits. Pundits diverge on which is the best way to use the information on government costs extracted from the adoption of accrual accounting in the public sector. Some argue in favor of using such information as an important tool for improving decision making during the regular budgetary process. Others support the idea of revolutionizing the whole budget by adopting the so-called accrual budgeting. This article explores this question on the basis of evidences provided by international experiences and points to important elements that should be taken into account in the ongoing debate in Brazil",Revista de Administração Pública,Geral,quantitativo,,,,,,,,,,
220,Impairment no setor público: particularidades das normas nacionais e internacionais,"Carvalho, Luiz Nelson Guedes de; Costa, Patrícia de Souza; Oliveira, Alan Teixeira de",2010,,"Little discussion on impairment in the public sector has occurred in the academic context. Standardizing bodies have published pronouncements on this issue, but many doubts arise and remain unanswered. This article analyzes the particularities of Brazilian and international standards guiding impairment in the public sector: Gasb 42, Ipsas 21 and 26 and NBC T 16.10. The aspects analyzed were related to the impairment concept, the periodicity of applying the test, what assets it should be applied to and the recognition, measurement and disclosure process of impairment loss. The main divergences between the pronouncements are: Gasb 42 is based on principles instead of rules; the criteria Gasb 42 uses to calculate the fair value are similar to the criteria Ipsas 21 and 26 use to calculate the value in use; the replacement cost is used to calculate fair value in Gasb 42 and the outflow value in both Ipsas; only Ipsas 26 uses the figure of cash-generating unit; Gasb 42 does not permit the reversal of impairment loss and the Ipsas do not apply to revalued goods. Although NBC T 16.10 is already in force in Brazil, all public assets and depreciation need to be recognized and measured before this standard is applied",Revista de Administração Pública,Geral,nao identificado,,,,,,,,,,
221,Custos no setor público,"Rezende, Fernando; Cunha, Armando; Cardoso, Ricardo Lopes",2010,,,Revista de Administração Pública,Geral,nao identificado,,,,,,,,,,
222,Percepção da avaliação: um retrato da gestão pública em uma instituição de ensino superior (IES),"Venturini, Jonas Cardona; Pereira, Breno Augusto Diniz; Morales, Ronaldo; Fleck, Carolina Freddo; Batistella Junior, Zeno; Nagel, Mateus de Brito",2010,,"University evaluation has been defended as a necessary tool to promote institutional competence and to improve teaching, research, extension programs and institutional management. In order to examine the institutional management process at the Federal University of Santa Maria (Universidade Federal de Santa Maria, UFSM, in the state of Rio Grande do Sul, Brazil), this article presents the results of a research that identified the factors that, as perceived by 263 UFSM professors, interfere in the continuity and improvement of the institutional evaluation process. Data was collected in questionnaires and analyzed using descriptive and inferential statistical techniques. Between 79.9% and 95.7% of the studied factors either facilitate or obstruct the evaluation process, the following standing out with over 70%: ""being conscious of the importance of evaluation""; ""clear establishment of the indicating criteria that will be used in the evaluation""; ""establishment and disclosure of the institution's policies""; and the ""existence of an internal evaluation commission"". To summarize, despite the exploratory nature of the study, the results revealed an adequate picture of UFSM's evaluation process.",Revista de Administração Pública,Nível de rua,quantitativo,,,,,,,,,,
223,A política de treinamento dos servidores técnico-administrativos da Universidade Federal de Viçosa (UFV) na percepção dos treinados e dos dirigentes da instituição,"Magalhães, Elenice Maria de; Oliveira, Adriel Rodrigues de; Cunha, Nina Rosa da Silveira; Lima, Afonso Augusto Teixeira de Freitas de Carvalho; Campos, Daniela Cristina da Silveira",2010,,"Since the 1990s the Brazilian public sector has made an effort to improve its performance. In a context of reforms, the human resources area is essential, because it is people who make the change. A human resource policy crucial for the reforms' success refers to training, which gives the employees the skills needed to improve his/hers performance while serving the public. This article identifies the ways in which the training of technical-administrative staff (TAS) influences the activities at the Federal University of Viçosa, UFV (in the state of Minas Gerais, Brazil), according to the trained employees and the management. The information was obtained by reviewing the literature, visiting the human resources department and by interviewing a few employees and managers. The results show that there are two factors interfering in the training process, both positively and negatively. The lack of an official improvement policy and the legislation contribute to that. Since the process is not well structured, there is no planning for the training activities, as well as no evaluation of the TAS that underwent this process.",Revista de Administração Pública,Alto escalão,qualitativo,,,,,,,,,,
224,Vínculos de negócios entre grandes empresas compradoras e pequenos fornecedores locais: implicações para políticas públicas e desenvolvimento,"Bourguignon, Milber Fernandes Morais; Botelho, Delane",2009,,"This article analyzes the conditions under which public policies promoting business linkages (BL) between large and small/medium enterprises act, assuming that the state has a fundamental role stimulating them, and those linkages generate regional development and reduce social inequalities. The empirical research, qualitative in nature, was designed to analyze actions and programs promoting BL developed in Brazil, as well as the institutions involved in it. It also verifies the benefits of those actions and identifies opportunities for public sector intervention. The results show that public policies can be created so as to complement those related to promoting development directed toward education, competence building and technology transfer, and, more generally, to those promoting favorable environment for business and foreign direct investment attraction. The paper also suggests future research, including governance systems involving the relationship between companies and their connection with the public sector.",Revista de Administração Pública,Geral,qualitativo,,,,,,,,,,
225,A utilização das informações de custos na gestão da saúde pública: um estudo preliminar em secretarias municipais de saúde do estado de Santa Catarina,"Almeida, André Graf de; Borba, José Alonso; Flores, Luiz Carlos da Silva",2009,,"This article analyzes the use of costs information in decision-making by managers of the 20 local health departments in the state of Santa Catarina, Brazil. Public managers profiles were assessed so as to verify whether they had the schooling and experience needed to produce ethical information on certain issues. The existence of costs systems in such departments was assessed through the managers' perceptions of the use of costs information in the decision-making process, and which information is actually used. The methodology used was guided interviews, and the subjects were public employees withholding managing positions in local health departments. The goals of the study were reached as 18 local health departments in the state of Santa Catarina were assessed on their use of costs information. Results show that in spite of existing a legal requirement concerning the implementation of costs systems in public departments, only two local health departments actually have this advanced tool. In the remaining ones there are attempts to obtain more detailed costs data. However, according to the interviewees, costs information is definitely crucial when managing any department.",Revista de Administração Pública,Geral,qualitativo,,,,,,,,,,
226,"Estatuto da Cidade: aspectos epistemológicos, sociopolíticos e jurídicos","Boeira, Sérgio Luís; Santos, Adriana Clara Bogo dos; Santos, Alini Giseli dos",2009,,"This article brings a contribution to the debate on the Statute of the City (SC), linking it to different approaches and underlying cleavages of the crisis of modernity. The article introduces relevant epistemological and theoretical aspects that have been neglected in this debate and briefly compares three specialized urban law approaches to articles of the SC, showing absence of consensus and the need for a comprehensive reflexion. To conclude, what is in dispute in the EC debate are the resources for the understanding of the challenges of its implementation, which involves especially three factors: the comparative approach to the views of urban law specialists; an inter and trans-disciplinary approach, with the contribution of the complexity paradigm; a democratic-participative perspective, with public policies oriented by the theories and experiences of the third way and the formation of social capital.",Revista de Administração Pública,Geral,nao identificado,,,,,,,,,,
227,Aspectos estruturais da cooperação entre pesquisadores no campo de administração pública e gestão social: análise das redes entre instituições no Brasil,"Rossoni, Luciano; Silva, Antônio João Hocayen-da; Ferreira Júnior, Israel",2008,,"This article examines, through network analysis, the relationship structure of research institutions in the field of public sector management and social management in Brazil. The relationship between research institutions is identified based on the institutional affiliations of the authors, by analyzing 549 papers published in the annals of the Anpad annual meeting, from 2000 to 2005. Aided by the Ucinet 6.0 and Pajek 1.10 software, the relationship network was established, making it possible to examine not only the structural and positional properties of the network, but also the influence of the network structure on the scientific production. It was found that, despite the network's low density, the distance between institutions is small, with a much larger central component. In most cases, it can be suggested that the institutions that have the higher number of loops are globally centered and are also important to the network's cohesion. Most loops occur between institutions in the same state. Moreover, the network structure is directly correlated with the production indicators.",Revista de Administração Pública,Geral,nao identificado,,,,,,,,,,
228,Palavras da Diretora,"Zouain, Deborah Moraes",2008,,,Revista de Administração Pública,Alto escalão,nao identificado,,,,,,,,,,
229,Administração pública e gestão social: a produção científica brasileira entre 2000 e 2005,"Hocayen-da-Silva, Antônio João; Rossoni, Luciano; Ferreira Júnior, Israel",2008,,"Over the past few years, there has been a great effort from researchers to compile a critical assessment of scientific publications from several fields of knowledge. However, public sector management and social management have not been covered as much as other fields. In order to fill the gap, this article presents a framework of the scientific production in public management and social management based on data gathered from 549 papers published in the Enanpad proceedings between 2000 and 2005. The variables analyzed in each paper were: the number of authors per paper; the institution and state of origin of the authors; the ratio of theoretical and empirical papers; the method and research strategy used. It was found that the average number of authors per paper is growing. Most of these papers were categorized as 'theoretical-empirical'. Within the theoretical-empirical papers, approximately 67% were of qualitative nature, predominantly case studies (55,7%) as the main research method, although it can be suggested there is a growth of quantitative methods. Among the authors' institutions or origin, five can be highlighted as the most productive, responsible for approximately 50% of the papers published within that time-frame, and around 56% of the papers can be narrowed down to three states in the country.",Revista de Administração Pública,Geral,metodos mistos,,,,,,,,,,
230,O princípio da participação social na gestão de políticas públicas locais: uma análise de experiências latino-americanas e européias,"Milani, Carlos R. S.",2008,,"This article is based on the key argument, praised by national and international agencies, that social participation has become, in the 1990s, one of the main organizational tenets in policy-making and democratic deliberation at the local level. Stimulating the participation of different political actors and creating a political network that informs, elaborates, implements, and evaluates public policies currently constitute an essential part in discourses of self-proclaimed progressive policy-makers. The nineties have been characterized by the institutionalization of consulting ""organized civil society"" in the processes of defining local public policy. Participation has become a criterium of good local government. Nonetheless, participatory mechanisms must respond to at least two main critical challenges: first, who participates and what inequalities remain within participation? Second, how is collective interest built within participatory mechanisms? This article analyzes, based on research undertaken in 10 experiments in Latin America (Argentina, Brazil, Costa Rica, and the Dominican Republic) and Europe (France, Germany, Italy, and Spain), how they represent innovations in the formulation, implementation, and monitoring of local public policies.",Revista de Administração Pública,Geral,quantitativo,,,,,,,,,,
231,Investimento público em educação fundamental e a qualidade do ensino: uma avaliação regional dos resultados do Fundef,"Sobreira, Rogério; Campos, Bruno Cesar",2008,,"Since 1998, public funding for basic education in Brazil has been organized by the Fund for Maintenance and Development of Basic Education and Teaching Valorization (Fundef). One of the goals of this fund is to assure resources for basic education public funding, guaranteeing its quality and thus the improvement of student proficiency. This article analyzes the effects of Fundef in student performance utilizing public data from the fund and from Saeb (basic education statistics synopsis). The results suggest that financial support and teacher qualification are important for the improvement of public education.",Revista de Administração Pública,Geral,nao identificado,,,,,,,,,,
232,Gestão de competitividade e políticas públicas de formação de mão-de-obra: o caso Centro Paula Souza,"Trevisan, Leonardo; Veloso, Elza",2007,,"Younger workers are the most affected by the incompatibility between labor offer and the demand for a medium standard qualification. There is a great need for studies on the operational workforce, which is a relevant competitiveness factor. This article's objectives are to investigate backgrounds and expectations from technical school student bodies, to identify motives for particular professional choices, and to evaluate public policies which seek a balance between school-acquired knowledge and expected knowledge in the workplace. The research found theoretical bases on previous work by Naville, Maslow and Aldefer (concerning motivation), adopting Meister's model for evaluating competitive advantages. The qualitative interviews with groups of teachers showed dissatisfaction regarding public policies of merit-based selection, while interviews with students proved that public policies for technical development do not meet their expectations. The interviews with the personnel responsible for selecting and hiring in companies which have students as their clients showed fragile ties between the schools and the companies, with precedence of electronic résumé databases over technical school clients.",Revista de Administração Pública,Geral,metodos mistos,,,,,,,,,,
233,Análisis político-institucional del sistema de gestión regional: el caso de la región de Tarapacá en Chile,"Reyes, Pablo Monje; Lues, Marcela Ferrer; Cisternas, Antonieta Surawski",2007,,"The main objective of this article is to analyze, describe and develop proposals for to the improvement of the political-institutional processes and mechanisms of the regional management system, including the regional, provincial and local levels. The objective is to reconstruct and analyze the process of implementing the regional management model, considering the relations that it establishes with the different actors involved throughout the process and its results, from local to regional prioritization. Basically, it analyzes the social process of decision making on territorial investments, the role of the different actors at the different levels, the relationship that they establish among themselves, and the factors that facilitate or obstruct the process and its results. This study focuses on human relationships in a institutional landmark, and the analysis contrasts the theoretical design with the actual implementation of the process and considers that the actors' participation is mediated by their inner conscience and their symbolic reality.",Revista de Administração Pública,Geral,nao identificado,,,,,,,,,,
234,Das pressões às ousadias: o confronto entre a descentralização tutelada e a gestão em rede no SUS,"Trevisan, Leonardo",2007,,"Taken into perspective, the implementation of the Unified Health System (SUS) has been facing managerial problems. First, because the increasing pressures for state reforms that will minimize costs affect the system's concept of universal care. Second, it is hard to balance the decentralization principle with the network concept, understood here not only as the link between different management spheres but also as how one can exercise his or her right in a network, from the planning stage on. On the other hand, operational decisions on healthcare were decentralized but the fund flow was not. Administratively speaking, the decentralization of healthcare management suffered an interruption when the Healthcare Operational Guideline n. 01/2001 came into effect. From the managerial standpoint, the introduction of the network concept, the strongest weapon against verticalization of the decision making process, faces operational and financial constraints (the implementation of electronic tokens) that keep the different organizations from 'speaking the same language', which is the most effective way to create inter-organizational 'bonds'.",Revista de Administração Pública,Geral,nao identificado,,,,,,,,,,
235,Chile y la globalización: una dependencia potencialmente peligrosa,"Duque, Fernando",2007,,"This article begins by discussing the different meanings of globalization, especially the economic, political and social ones. It then describes how Chile is greatly dependent on the current globalization process, as well as points out that this process is similar to others that have taken place in other times in history. It discusses in detail professor Ferguson's analysis comparing the current globalization with the one that occurred at the end of the 19th century and the beginning of the 20th. The article concludes that the current process is as volatile, unstable and dangerous as that of the 19th century, and that it is highly probable that it will end as that of 1870-1914. It also argues that since Chile is on the southernmost part of the southern hemisphere, it will be relatively preserved from the oncoming conflagration.",Revista de Administração Pública,Nível de rua,nao identificado,,,,,,,,,,
236,Palavras do diretor da Ebape e da diretora da RAP,"Cavalcanti, Bianor Scelza; Zouain, Deborah Moraes",2007,,,Revista de Administração Pública,Alto escalão,nao identificado,,,,,,,,,,
237,"Nomeação a cargos públicos no Brasil: um estudo comparado das pastas de Agricultura e Cultura do Executivo Federal (2011-2021),","Albrecht, Nayara F. Macedo de Medeiros; Ribeiro, Pedro Floriano",2025,https://doi.org/10.1590/0103-3352.2025.44.285564,"Abstract: The political science literature on appointments to public positions focuses on the connections between bureaucrats and political parties. However, few studies delve deeper into the internal dynamics of public organisations. This article presents novel findings from a comparative study of the federal public bureaucracy in the Ministries of Culture and Agriculture between 2011 and 2021. The study sought to identify the predominant characteristics of appointees to levels 4 to 6 positions within the key secretariats of each ministry, such as educational background, previous experience in the public sector, and associative ties. The results reveal distinct patterns between the ministries, as well as internal differences within each organisation. By incorporating new variables and constructing a comprehensive database, this study contributes to a more thorough understanding of bureaucratic profiles.",Revista Brasileira de Ciência Política,Alto escalão,nao identificado,,,,,,,,,,
238,Qualidade burocrática e desempenho educacional no Rio Grande do Sul em 2021,"Rebello, Maurício Michel; Ritter, Elizandra Sirlei Del Zotto",2025,https://doi.org/10.1590/0103-3352.2025.44.284299,"Abstract: The concept of state capacity, with a focus on bureaucratic capacity, has gained prominence in recent years. This study uses this perspective to explore the extent to which bureaucratic capacity impacts educational quality in the municipalities of the State of Rio Grande do Sul. Through statistical analysis, we explored the relation between the Basic Education Development Index (IDEB) of elementary education and bureaucratic capacity. The results indicate that higher educational levels of political appointees have a positive effect on IDEB, even though variables such as the educational level of permanent public servants, the number of appointed positions, and number of employees did not correlate.",Revista Brasileira de Ciência Política,Geral,quantitativo,,,,,,,,,,
239,O controle presidencial sobre as nomeações para a alta burocracia federal: as regras formais de provimento e o papel da Casa Civil (2003-2019),"Lameirão, Camila Romero",2024,https://doi.org/10.1590/0103-3352.2024.43.279071,"Abstract: The president’s prerogative to appoint top bureaucrats, understood by some authors as politicization, consists of a strategic power resource that can enable presidential control over policy production and over the government’s administrative structure, while rewarding political allies and supporters. Considering the multiple interests that influence appointments to hundreds of positions in the Executive, the first step is to investigate how the president controls bureaucratic appointments. Looking through an analytical lens that is still little explored in studies on political appointments in Brazil, which highlights the role of the presidential advisory structure in the appointment process, this paper aims to systematically analyze documents to describe and examine the process through which the Brazilian president nominates high-level federal appointees. In in the effort to understand how presidents can control nominations, we detail the scope of this decision-making attribution in different governments, exploring the formal rules and the different stages of this process. We conclude that presidents, over time, have established a greater ability to control the nomination process, favoring their capacity to scrutinize and assess them before proceeding with the appointment. At the same time, this capacity remains susceptible to presidential discretion.",Revista Brasileira de Ciência Política,Alto escalão,quantitativo,,,,,,,,,,
240,The impact of the Covid-19 pandemic on the performance of street level bureaucrats in Brazil,"Lotta, Gabriela Spanghero; Magri, Giordano Morangueira; Nunes, Ana Carolina; Benedito, Beatriz Soares; Aliberti, Claudio; Ribeiro, Erika Caracho; Silva, Fernanda Lima; Thomazinho, Gabriela; Pereira, Guilherme; Miranda, Juliana Rocha; Corrêa, Marcela Garcia; Silveira, Mariana Costa; Krieger, Morgana G. Martins; Barcellos, Taciana; Santos, Alexsandro",2021,https://doi.org/10.1590/0103-3352.2021.35.243776,"Abstract: Dealing with the Covid-19 pandemic requires that the State make hard decisions that involve the action of bureaucrats who interact with the population through the implementation of public policy, the street-level bureaucracy (SLB). In this paper, based on a mixed- method exploratory study, we analyze how the daily performance of street-level bureaucrats in different policy areas- health and social care, access to the justice system, public security and education - has changed during the pandemic. We also explore the repercussions of those changes. Based on the analysis of the perceptions of bureaucrats, changes in their work and in their relationship with the public, we identify three categories that illustrate the dynamics of SLB work during the pandemic: the SLB who faces the crisis on the front lines; the SLB who suffers the effects of the pandemic, but whose work does not require her to face it directly; and the SLB who began to work remotely. We conclude that, during the pandemic, SLB suffered in varying degrees an aggravation of structural problems, such as their removal from decision-making processes - now restricted to the highest government level - and the exacerbation of already existing conflicts and ambiguities.",Revista Brasileira de Ciência Política,Alto escalão,quantitativo,,,,,,,,,,
241,Caminhos teórico-metodológicos para a análise da burocracia de nível de rua,"Fernandez, Michelle Vieira; Guimarães, Natália Cordeiro",2020,https://doi.org/10.1590/0103-335220203208,"Abstract: The purpose of this paper is to present theoretical-methodological strategies for the study of street-level bureaucracy. Starting with a literature review, we present the different generations of research on public policy implementation, the role of bureaucracy as an actor in the implementation process, the place of street-level bureaucrats in policy implementation, and bureaucratic discretion as a category of analysis. Finally, we propose a set of theoretical-methodological research strategies for analyzing the role of street-level bureaucrats in policy implementation.",Revista Brasileira de Ciência Política,Nível de rua,nao identificado,,,,,,,,,,
242,O que influencia a atuação de burocratas de nível de rua do Sistema Único de Assistência Social?,"Assis, Marcos Arcanjo de",2025,https://doi.org/10.1590/0103-3352.2025.44.290142pt,"Abstract: This article analyzes three groups of factors that influence the practices and public categorization schemes of street-level bureaucrats (SLBs) in the Service for the Protection and Care of Families and Individuals: (i) professional and relational factors of SLBs; (ii) organizational factors; and (iii) client characteristics. The research studied 11 SLBs working in Belo Horizonte, employing intensive observation of daily routines and services provided, interviews, and analysis of follow-up records, coded using Atlas.ti. The findings suggest that individual characteristics of SLBs and organizational aspects are less significant than client attributes in shaping street-level work. Client demands influence referrals and assistance, while SLBs’ motivation and capacity to modify behavior impact user categorization. These attributes generate unique cases, leading to personalized actions and a flexible, adaptive service implementation.",Revista Brasileira de Ciência Política,Nível de rua,qualitativo,,,,,,,,,,
243,Mapeando escolhas: emendas parlamentares e alocação de recursos ao Sistema Único de Saúde (SUS) em tempos de impositividade,"Leal, João Gabriel R. P.; Lima, Luciana Dias de; Bertholini, Frederico",2025,https://doi.org/10.1590/0103-3352.2025.44.289431pt,"Abstract: This study contributes to the ongoing discussion of how legislators allocate amendments to the federal budget, focusing on their preferences concerning government public policies. The article aims to analyze the distribution of state caucus, committee, individual, and rapporteur amendments by allocation area, mainly focusing on health, and to examine the profiles (female, nonwhite, right-wing, health professional, pro-government bloc, parliamentary health caucus, centrist bloc) of representatives with a specific interest in this sector. Public and unrestricted data from the Treasury Portal and the Superior Electoral Court Repository were collected from 2015 to 2022 (the 55th and 56th Legislatures). The methodology adopted a descriptive analysis followed by a beta regression model. The findings indicate that health is the preferred sector for allocating amendments, exceeding the minimum threshold of 50% of individual amendments as mandated by federal regulation. Even without specific constitutional provisions, health emerges as the primary destination for resources from other parliamentary amendments. The most significant positive association with spending is belonging to the centrist bloc. The rationale behind this preference is strategically grounded in politics: allocating resources to health is an effective means to maximize electoral visibility, which is because health is a central concern for the electorate, the bureaucratic procedures involved in the release of funds, and the constant demand from municipalities for discretionary funds for this public policy, creating a favorable environment for political alliances with mayors.",Revista Brasileira de Ciência Política,Geral,quantitativo,,,,,,,,,,
244,Desmonte da Política de Assistência Social no Brasil pós 2016: uma tragédia anunciada,"Bronzo, Carla; Araújo, Edgilson Tavares de",2024,https://doi.org/10.1590/0103-3352.2024.43.278905,"Abstract: The article analyzes the process of dismantling social assistance policies in Brazil, since 2016 and, more intensely, since 2019, identifying how it occurred and the strategies employed. In addition to a review of secondary sources, the study involved a focus group with three federal public servants working in the federal policy management body during the period. The results indicate that the dismantling was programmatic and, at the same time, intended to systemically affect policies. The four types of dismantling strategies were used and affected social assistance policies and services, both in terms of density and intensity, with perverse consequences for municipal service provision, in a context of the increased hunger and social vulnerability.",Revista Brasileira de Ciência Política,Geral,qualitativo,,,,,,,,,,
245,"Coalizões promotoras, sistemas de crenças e fatores de mudança em políticas de integridade pública para governos subnacionais do Brasil: um estudo de casos comparativo","Bona, Rodrigo S. De",2026,https://doi.org/10.1590/0103-3352.2026.45.295115pt,"Abstract: Beyond a principle of conduct, integrity is embodied in the public sector as a policy and as an organizational system, and the short-term results of a public integrity policy can be assessed through the outputs it generates. Policies are produced through policy processes, and integrity policies are analyzed here using the advocacy coalition framework (ACF), a unique feature of this research. This comparative and explanatory multiple-case study investigates how the outputs of an integrity policy designed by a federal agency and voluntarily implemented by Brazilian subnational governments has been influenced by factors associated with policy processes. Content analysis was used on 840 documents and 21 interviews, and the results allowed for the mapping of policy subsystems, actors, coalitions, and belief systems, as well as the main sources of change that influenced the policy: policy-oriented learning, local context, and external and internal events. The research led to a proposal of classes, typologies, and procedures that could be replicated in future research. Most importantly, the article proposes an adaptation of the ACF flowchart for the subsystem under study, considering the policy intervention (Time), which can be explored further in other empirical cases.",Revista Brasileira de Ciência Política,Geral,qualitativo,,,,,,,,,,
246,Judicialização da educação infantil: efeitos da interação entre o Sistema de Justiça e a Administração Pública,"Ximenes, Salomão Barros; Oliveira, Vanessa Elias de; Silva, Mariana Pereira da",2019,https://doi.org/10.1590/0103-335220192905,"Abstract The judicialization of education is a widespread phenomenon in Brazil. So many studies that analyze the content of judicial decisions, their relationship with the right to education and its impact on Public Administrations have already been produced on the subject. However, research that seeks to understand the influence of this phenomenon on the public policy process is rare. Aiming to fill this gap, the article analyzes the judicialization for early childhood education in the municipality of São Paulo between 2010 and 2016, based on the public policy cycle literature. It marks the landmark in 2013 of a paradigmatic Public Civil Action that, in addition to determining the increase of 150,000 new vacancies, produced significant institutional effects on the organs of the justice system, as well as direct and indirect effects on the policy. We analyzed quantitative data on vacancies in children’s education, obtained from the Municipal Department of Education of the Municipality, and the institutional evolution of the case in justice and municipal management, through qualitative data. We show that as relevant as the effects on specific educational policy are the direct and indirect effects that can be identified in the public policy of access to justice.",Revista Brasileira de Ciência Política,Alto escalão,metodos mistos,,,,,,,,,,
247,"Federalismo e execução dos serviços públicos de atendimento do governo federal: a experiência brasileira nas políticas sociais,","D’Albuquerque, Raquel Wanderley; Palotti, Pedro Lucas de Moura",2021,https://doi.org/10.1590/0103-3352.2021.35.232504,"Abstract: The redesign of Brazilian federalism after the 1988 Constitution resulted in the reorganization of federal action. There was a shift from the Union as a direct executor of many public policies to the role of formulator and maker of guidelines for the actions of subnational entities. This arrangement was designed in various areas of government activity, especially social policy. The question that arises is whether this pattern of federative action can be also observed in relation to public services under the direct responsibility of the federal government. Based on an original database of 1740 public services implemented by the federal government, the presence of services performed for or in partnership with states and municipalities is shown to be relevant for the social area. The results corroborate the understanding of the literature that in Brazilian federalism, subnational entities are highly important for the implementation of public policies and that the institutional arrangements of the public policy sectors condition a more or less decentralized pattern of action by the federal manager.",Revista Brasileira de Ciência Política,Geral,nao identificado,,,,,,,,,,
248,Os diretórios partidários municipais e o perfil sociodemográfico dos seus membros,"Cervi, Emerson Urizzi; Borba, Felipe",2019,https://doi.org/10.1590/0103-335220192803,"Abstract This article is part of a wider body of research investigating Brazilian local politics. It is based on two objectives: first to describe the presence of parties in Brazilian municipalities by type of organization; second to investigate the political and social profile of local party leaders who were in office as of 2016 and who have run for election in the 2016, 2014 or 2012 elections. To this end we used the registration records of municipal party directories provided by the Superior Electoral Court. The results indicate that municipal party bodies mostly consist of provisional commissions, followed by permanent municipal directories and intervention committees. Regarding profile, leaders are predominantly male, with average schooling, average age of 48 years and low level of political professionalization.",Revista Brasileira de Ciência Política,Alto escalão,nao identificado,,,,,,,,,,
249,"Covid-19, Fundeb e o populismo do governo Bolsonaro nas relações federativas","Vazquez, Daniel Arias; Schlegel, Rogerio",2022,https://doi.org/10.1590/0103-3352.2022.38.255785,"Abstract: The article analyzes Brazil´s federative dynamics in the first three years of president Jair Bolsonaro´s administration, using analytical tools from the policy design approach and the comparative literature on contemporary populism. Actions and inactions in two key areas of intergovernmental relations- the Covid-19 pandemic and the renewal of the Fund for Basic Education (Fundeb) -reveal inconsistencies among policy goals and the instruments adopted by the government. Non-design has proved to be the prevalent form of policy making. The analysis also demonstrates how the administration has engaged in a dichotomous and confrontational rhetoric that is typical of populist politicians, in its interactions with subnational officers, the Constitutional Court, and other members of the political elite. Both trends help us understand Bolsonaro’s populist stance toward federative relations in the implementation of social policies.",Revista Brasileira de Ciência Política,Geral,quantitativo,,,,,,,,,,
250,Hybridism as a national policy style: paths and dilemmas of the majoritarian and consensus approaches in Brazil,"Grin, Eduardo José; Abrucio, Fernando Luiz",2021,https://doi.org/10.1590/0103-3352.2021.35.234516,"Abstract: This study reviews the literature on politics and public policies in Brazil arguing that the dominant national policy style may be characterized as hybrid, since it combines majoritarian and consociational traits. This public policy style was mainly hegemonic between the two presidential impeachment processes (1992-2015). This arrangement has two main characteristics: presidential dominance over Congress, albeit also marked by broad negotiation with this branch and greater federative cooperation led by the Union, alongside with subnational entities, and the implementation of social participation arenas. There are dilemmas and problems in this institutional hybridity, but it has been difficult to evade this combination when trying to maintain minimum standards of political governance and public policies. It is concluded that incremental improvements are more effective than the complete modification of the model.",Revista Brasileira de Ciência Política,Geral,nao identificado,,,,,,,,,,
251,"Muita tinta, pouco resultado. A Ciência Política consegue responder quem ganha o quê, quando e como?","Marenco, André",2023,https://doi.org/10.1590/0103-3352.2023.41.269334,"Abstract: The starting point of this article is the international debate maintained by Sartori (2004), Laitin (2004), Colomer (2004), Rothstein (2015), Stoker, Peters and Pierre (2015), among others on the public relevance of Political Science. The argument that guides the study is that the answer lies in the articulation between polity, politics, and policies, and between rules, processes and their results. In order to evaluate the development of Brazilian Political Science in relation to these ideas, data were extracted from the Sucupira Platform, referring to a) the scientific production of professors and students, and b) the profile and professionalization of Brazilian Political Science graduates. The results showed a concentration of the research agenda around politics and an endogenous pattern of professionalization of graduates.",Revista Brasileira de Ciência Política,Nível de rua,quantitativo,,,,,,,,,,
252,A configuração da composição burocrática importa? O papel da burocracia na transformação digital dos municípios brasileiros,"Lui, Lizandro; Barbosa, Samuel de Melo; Ten Cate, Lidia Nicole",2025,https://doi.org/10.1590/40040/2025,"ABSTRACT: This study investigates the extent to which the composition and qualifications of the bureaucracy influence the digitization process in Brazilian municipalities. Based on the debate about state capacity and the digital transformation process, we empirically test the impact of the type of bureaucracy and its qualifications on municipal digital transformation using a fixed-effects regression, based on data from the ICT Electronic Government survey, compiled by CETIC, and data on the quality of municipal bureaucracy, produced by IBGE. The findings indicate that the composition and qualification of the municipal bureaucracy have heterogeneous and low-magnitude effects on digital transformation, technological structure, and the provision of digital services. The presence of appointees in direct administration showed a positive association with the technological structure, while municipal revenue was positively related to digital transformation and technological infrastructure but negatively associated with the provision of digital services.",Revista Brasileira de Ciências Sociais,Geral,quantitativo,,,,,,,,,,
253,Agenda gerencial nos municípios brasileiros: difusão ou contexto?,"Marenco, André; Bruxel, Marília",2023,https://doi.org/10.1590/3811028/2023,"Abstract This work seeks to analyze the diffusion of managerial reforms in the 5,570 Brazilian municipalities. Although managerial reforms involve a broader agenda of innovations, the article considered only 1) proportion of civil servants “without a permanent contract” in direct municipal administrations, and (2) the existence of indirect administration in local management, inferring incentives for decentralization and incorporation of procedures derived from private administration. The data were obtained from the Munic/IBGE database and from the Municipal Policy Atlas/UFRGS. The central argument is that the expansion of managerial mechanisms in municipalities is less a result of political factors or ideological preferences than a combination of increased spending on education, limited municipal fiscal capacity and reduced local development.",Revista Brasileira de Ciências Sociais,Nível de rua,nao identificado,,,,,,,,,,
254,Entre o vínculo e o distanciamento: desafios na atuação de Agentes Comunitárias de Saúde,"Martins, Maique Berlote; Carbonai, Davide",2022,https://doi.org/10.1590/3711001/2022,"Abstract Community Health Workers (CHW) are street-level bureaucrats who play a key role in the implementation of Primary Health Care (PHC). Their function involves establishing a bond with the families assisted by this health service, which allows knowing the reality of the territory and the vulnerabilities of the population. This article aims to analyze the configuration of CHW interactions in PHC implementation, focusing on the consequences caused by recent changes in this policy and by the Covid-19 Pandemic. An ethnography was conducted in a PHC Health Unit in the city of Porto Alegre. During four months, we observed the work of six CHW, analyzing their main activities and changes in their routine. Furthermore, six semi-structured interviews were held to compose the analysis. It was possible to identify that the internal organization of the Health Unit is not oriented to community work and to the identification of demands in the territory. The CHW are losing the bond with the population and limiting themselves to bureaucratic functions. The most vulnerable territories and families are the most affected by these changes, as their problems are no longer recognized by this public policy.",Revista Brasileira de Ciências Sociais,Nível de rua,qualitativo,,,,,,,,,,
255,UM JUDICIÁRIO PARA UM REGIME AUTORITÁRIO: os projetos de reforma judicial na década de 1930,"Guerra, Maria Pia",2022,https://doi.org/10.1590/3710806/2022,"ABSTRACT Authoritarian regimes often rely on the judiciary for the organization of power. This makes the judiciary not only an object of their control, but an integral part of their projects of state and social reorganization. This article analyzes three projects for reforming the judiciary in the 1930s to understand how judiciaries served in Brazil to consolidate authoritarianism. Oliveira Vianna proposed a broad transformation of both the separation of powers and the liberal legal hermeneutics. This resulted in a judiciary autonomous from local pressures, but ultimately submitted to the head of the executive branch. Themístocles Cavalcanti, a jurist and spokesman for bureaucratic demands, proposed technical efficiency in conflict management, political centralization and even depoliticization. This resulted in an autonomous judiciary in relation to local politics, still close to the liberal model. Castro Nunes, finally, a jurist and judge, proposed a transformation of the separation of powers and of legal hermeneutics, but, unlike Oliveira Vianna, only insofar as it led to a strong judiciary present in the political scenario. In this dispute, both jurists won in the short and medium terms, but a shadow of Oliveira Vianna remained for the Brazilian law and judiciary in the following years and regimes.",Revista Brasileira de Ciências Sociais,Geral,nao identificado,,,,,,,,,,
256,Juizados especiais criminais: uma abordagem sociológica sobre a informalização da justiça penal no Brasil,"Azevedo, Rodrigo Ghiringhelli de",2001,,"Through a case study of the implantation of the Juizados Especiais Criminais (Special Criminal Courts) in the city of Porto Alegre, confronting legal previews with empirical reality of a new model of criminal justice, this article aims to understand the meaning and the limits of the informalization of the criminal justice in Brazil, since the enactment of the 9.099/95 law. By taking away from the police the exercise of selectivity, and giving to the victim the possibility of participating in the process, the informalized criminal system opens up new possibilities, changing punishment by mediation and violence by dialog, even though it collides with the bureaucratic and authoritarian dynamics of the institutionalized vigilance and social control mechanisms.",Revista Brasileira de Ciências Sociais,Geral,qualitativo,,,,,,,,,,
257,"BANCADA SINDICAL, POLÍTICA PREVIDENCIÁRIA E PROCESSO DECISÓRIO NO GOVERNO DILMA","Silva, Sidney Jard da",2018,https://doi.org/10.1590/339810/2018,"This study looks into the participation of unionist parliamentarians in the decision making process for the establishment of the Fundação de Previdência Complementar do Servidor Público Federal, during the first mandate of the Dilma Rousseff government. We formulated the research problem in the following manner: in a political institutional context in which the unionist bloc is part of the government coalition, how do unionist parliamentarians position themselves in law propositions that negatively affect the interests of important parts of their social representative base? The research findings reinforce the thesis of partisan preponderance in the Brazilian decision-making process. The majority of unionist parliamentarians, including those originally from the public sector, defended and voted favorably for passing the Bill 1992/2007, which established the Funpresp. This was the case even under strong opposition from federal public servants from the Executive, Legislative, and Judicial branches.",Revista Brasileira de Ciências Sociais,Geral,nao identificado,,,,,,,,,,
258,Estado e desigualdade de renda no Brasil: fluxos de rendimentos e estratificação social,"Medeiros, Marcelo; Souza, Pedro Herculano G. Ferreira de",2013,,"The authors examine the contribution of public transfers and direct taxes to income inequality in Brazil. We apply a factor decomposition of the Gini to the POF 2008-9 data to measure the contribution to inequality of direct taxation, wages of public and private sector workers, cash transfers, pensions and other incomes. State payments worsen income inequality but not all State actions are regressive. Wages and pensions for current and retired public sector workers have profound inequality-generating effects, whereas direct taxation and welfare transfers are pro-poor, although their positive influence is limited. The net contribution of all direct monetary flows between the State and individuals is regressive and contributes to approximately one third of the inequality in per capita net income.",Revista Brasileira de Ciências Sociais,Geral,nao identificado,,,,,,,,,,
259,Companheiros servidores: o avanço do sindicalismo do setor público na CUT,"Silva, Sidney Jard da",2001,,"Since its foundation in 1983, CUT has increasingly counted on the participation of workers on both its deliberative and organizational levels. The paper describes in detail how and by what means the specific demands of public sector workers have an influence over CUT. The public and state employee's relative clout with CUT is presented through an analysis of their participation on the entity's national congresses, in State and national director's board levels, and through their relative weight inside the CUT's unionism, both in number of affiliations and paying members. In addition, at the same time that the article focuses on the influence of public sector unionism over CUT's political decisions concerning State reform, it also analyzes CUT's position in the debate about the constitutional reform implemented on Fernando Henrique Cardoso's first mandate (1995-1998). In this section the article tries to identify the main reasons for the breakdown of the negotiations between the government and the union confederations concerning the Brazilian social security system.",Revista Brasileira de Ciências Sociais,Geral,nao identificado,,,,,,,,,,
260,Reforma administrativa e relações trabalhistas no setor público: dilemas e perspectivas,"Cheibub, Zairo B.",2000,,"The article examines the limits and possibilities for building cooperation between public managers and politicians attempting to promote administrative reform during the first Cardoso government and the public servants unions and associations. The main argument is that cooperation was limited and constrained by the under-institutionalization of communication/interaction channels among the actors, and by various internal organizational and political processes within both the government agencies and employee associations. This argument is illustrated through a case study of the interactions between the Ministry of Administration and State Reform and the Forum of Typical State Careers.",Revista Brasileira de Ciências Sociais,Alto escalão,qualitativo,,,,,,,,,,
261,SISTEMAS NACIONAIS DE POLÍTICAS PÚBLICAS E SEUS EFEITOS NA IMPLEMENTAÇÃO O caso do Sistema Único de Assistência Social (Suas),"Bichir, Renata; Simoni Junior, Sergio; Pereira, Guilherme",2020,https://doi.org/10.1590/3510207/2020,"National Systems of public policies define the macro parameters for the implementation, with the potential to influence agendas, distribute institutional capabilities, and generate certain convergence on the provision patterns in the subnational level. In this paper, we test whether these effects of coordination also occur in an area just recently structured as public policy: social assistance. In light of the coordination instruments defined by the Unified System of Social Assistance (Suas), the present work has a twofold objective. Firstly, we analyse the general levels of implementation of the basic protection services offered by the units of the Reference Centre of Social Assistance (Cras), the more capillary units for service delivery, checking whether the national parameters increased the general level of implementation and reduced inequalities. Secondly, we verify whether local institutional capabilities are related to the implementation. From that point on, we advance empirically, based on the available literature, developing original indicators to measure the implementation of services. Based on the data from the Suas census from the period between 2011 and 2016, we generated indicators to characterize the provision of services and benefits, just as the human resources and physical structure of the Cras units. The results indicate that there was indeed an increase in the levels of implementation over time, with a tendency to convergence between these types of equipment throughout Brazil and between regions and municipalities of different sizes. Part of this variation is explained by local capabilities. Although positive, this association is weak, which underscores the importance of studies about implementations contexts and multilevel governance.",Revista Brasileira de Ciências Sociais,Nível de rua,nao identificado,,,,,,,,,,
262,"As Ações Diretas de Inconstitucionalidade no controle constitucional brasileiro: uma análise dos atores, temas e frequências de acionamentos ao STF entre 2012 e 2021","Souza, Lorraine Saldanha Freitas Xavier de; Brasil, Felipe Gonçalves",2023,https://doi.org/10.1590/3811301/2023,"Abstract This paper proposes an approach to the literature of Constitutional Law and Public Policy, especially agenda-setting studies, by examining the dynamics of Direct Actions of Unconstitutionality as an instrument of attention and veto of the agenda of the actors holding legitimacy to propose it before the Federal Supreme Court. The study innovates by analyzing the dynamics of the pre-decisional process, adopting the proposal of the action as the object of analysis, regardless of its outcome. Using a theoretical and methodological framework specific to the field of Public Policy, based on the international data structure of the Comparative Agendas Project, this article categorizes all the contested actions between 2012 and 2021, according to the type of sectoral policy to which they refer, expanding the analytical capacity of the data, consequently demonstrating the frequency of actions over the years and the proposing actors. As a result, this article demonstrates that among the 2.300 actions analyzed, three major themes, representing 66% of the total ADI proposed, stood out: Government and Public Administration; Judiciary, Justice and Violence; and Macroeconomic. In addition to these results, we demonstrate the peak use of this instrument during the COVID-19 pandemic.",Revista Brasileira de Ciências Sociais,Geral,nao identificado,,,,,,,,,,
263,"Lugares e sujeitos da escrita: antropologia, literatura e universitárias não-brancas","Carneiro, Ana",2025,https://doi.org/10.1590/40029/2025,"Abstract What happens when an anthropological text circulates among people whose thought has been the object of its reflections? Which reconstitutions does this circulation impose to subjects (it means, authors) and ethnographic writing? I explore these questions by engaging different fields of discussion: canons of anthropology; reflections published by contemporary novelists; interpelation of two non-white students in the Anthropology Bachelor's program at the Federal University of Southern Bahia (UFSB); and the research and outreach relationships established through my own anthropological practice with shellfish gathering women in the municipality of Belmonte, close to the city of Porto Seguro. This reflection is situated, that is, it is constructed from the perspective of a white professor, immersed in the salutary and still incipient effects of affirmative action policies in Brazilian universities. The objective is to reflect on the effects of the act of ethnographic writing and its circulation regarding the constitution of the subjects and places of enunciation of anthropology. The article seeks to tension, dynamize or even blur the “us/them” division implied in canonical ethnographic narratives.",Revista Brasileira de Ciências Sociais,Nível de rua,qualitativo,,,,,,,,,,
264,CRIMINALIDADE NA CIDADE DO RIO DE JANEIRO (RJ) As influências das políticas públicas e as relações a curto e longo prazos,"Pio, João Gabriel; Brito, Ana Carolina Santos; Gomes, Alexandre Lopes",2021,https://doi.org/10.1590/3610601/2021,"The Rio de Janeiro (RJ) municipality presents one of the highest crime rates in Brazil. However, since the 2000s, a significant reduction of lethal crimes has been observed. Given this scenario, the aim of this study is to analyze the factors that determined this phenomenon. Among them, it seeks to assess the effects of the Pacifying Police Unit (Unidade de Polícia Pacificadora - UPP). To this end, the statistical error correction vector (ECV) method was used. This study allowed for the analysis of short- and long-term relationships between crime rates and variables associated with economic activity and police action. The applied dataset comprises the period between April 2002 and August 2019. The main results indicate that UPP implementation contributed to lethal crime reduction in the municipality of Rio de Janeiro. Furthermore, the results show that coercive police action tends to increase crime rates.",Revista Brasileira de Ciências Sociais,Nível de rua,nao identificado,,,,,,,,,,
265,Conselhos municipais de esportes e a provisão de bens e serviços da temática esportiva: uma avaliação de impacto,"Barddal, Fabiana Marissa Etzel; Pessali, Huáscar Fialho; Guimarães, Raquel Rangel de Meireles",2025,https://doi.org/10.1590/40016/2025,"Abstract The paper identifies possible effects of active Municipal Sports Councils—CMEs (treatment group) on the provision of goods and services (outcome variables) in their municipalities. It has been done by comparing them to municipalities without CME or with inactive CME (control group), using policy impact assessment methodology (Theory of Change and Results Chain). The results show that CMEs have had a modest and confined effect on the provision of sports goods and services when treatment and control groups are compared. Other policy areas work under a national system that integrates all government levels and includes participatory components. Such a lack of integration in the sports area makes it difficult for active CMEs to have positive effects on the supply of those considered outcome variables.",Revista Brasileira de Ciências Sociais,Geral,qualitativo,,,,,,,,,,
266,"Parties, ideology and social composition","Rodrigues, Leôncio Martins; Dentzien, Plinio",2005,,"The article analyzes the relationship between the ideological orientations of the main six Brazilian parties and the occupational composition of their rank-and-file. Two right-wing parties, two from the center and another two left wing ones were selected, defined according to the standard concept used: PPB, PFL, PMDB, PSDB, PDT and PT, respectively. The relationship between the social composition and the ideological orientation of these parties was done by investigating the profile of the parties'members for the 51st Legislature in the Lower House, elected in 1998. The analysis showed a marked difference in terms of occupational composition and in the patrimony dimension of the members. The parties classified as right wing recruited their rank-and-file mainly from managerial segments and high ranked public administrators whereas the left wing parties, among the liberal professionals, intellectuals, teachers, white and blue-collar employees (the latter being generally former trade union members). For the parties considered to be centerist, the presence of managers is important but they form a minority inside these parties and, at the same time, there are no members from the popular classes. The article shows, on the other hand, that the present Brazilian political class in the current legislature comes, in its almost totality, from four occupational segments: managers, liberal professionals, teachers and former public servants.",Revista Brasileira de Ciências Sociais,Geral,nao identificado,,,,,,,,,,
267,"Partidos, ideologia e composição social","Rodrigues, Leôncio Martins",2002,,"The article analyzes the relationship between the ideological orientations of the main six Brazilian parties and the occupational composition of their rank-and-file. Two right-wing parties, two from the center and another two left wing ones were selected, defined according to the standard concept used: PPB, PFL, PMDB, PSDB, PDT and PT, respectively. The relationship between the social composition and the ideological orientation of these parties was done by investigating the profile of the parties'members for the 51st Legislature in the Lower House, elected in 1998. The analysis showed a marked difference in terms of occupational composition and in the patrimony dimension of the members. The parties classified as right wing recruited their rank-and-file mainly from managerial segments and high ranked public administrators whereas the left wing parties, among the liberal professionals, intellectuals, teachers, white and blue-collar employees (the latter being generally former trade union members). For the parties considered to be centerist, the presence of managers is important but they form a minority inside these parties and, at the same time, there are no members from the popular classes. The article shows, on the other hand, that the present Brazilian political class in the current legislature comes, in its almost totality, from four occupational segments: managers, liberal professionals, teachers and former public servants.",Revista Brasileira de Ciências Sociais,Geral,nao identificado,,,,,,,,,,
268,RETÓRICA DA AMEAÇA E SECURITIZAÇÃO: A política migratória dos Estados Unidos na administração Trump,"Contrera, Flávio; Mariano, Karina Lilia Pasquariello; Menezes, Roberto Goulart",2022,https://doi.org/10.1590/3710802/2022,"Abstract: This article aims to show that Donald Trump's changes in US migration policy were driven by threat rhetoric with the purpose of securitizing immigration. Starting from the binomial “I-other” to analyze the Executive's discourses and unilateral actions, we used the method of Critical Discourse Analysis (CDA) to identify the discursive strategies that mobilized the “us against them” debate. In line with the theoretical assumptions of the Copenhagen School, we argue that Trump built a movement to securitize migration policy by employing a narrative in which Latin Americans and Muslims represent a threat to Americans and the United States. However, we conclude that this movement was incomplete, as it did not engender legitimacy before most of public opinion, encountered resistance to its implementation in the Judiciary and in state governments and did not foster the forging of a consensus in the Legislative that would result in a coherent and comprehensive reform of the migration policy.",Revista Brasileira de Ciências Sociais,Geral,metodos mistos,,,,,,,,,,
269,"Recursos, decisão e poder: conselhos gestores de políticas públicas de Curitiba","Fuks, Mario; Perissinotto, Renato",2006,,"This article investigates the political influence in institutions of enlarged participation. Having as empirical referential the social policies management councils in Curitiba, both theoretical and methodological issues are approached in relation to the concept of power/influence, seeking to identify the most appropriate analytical model for studying the political influence within such institutions. After having considered two of the main approaches (decisional and positional) commonly used in studying the practice of political power, we have concluded that each one alone proves to be unable to explain the distribution of political influence within the councils. The authors suggest the elaboration of a model capable of integrating the virtues of each one of the perspectives and, at the same time, incorporating variables of contextual nature.",Revista Brasileira de Ciências Sociais,Geral,nao identificado,,,,,,,,,,
270,Redes sociais e instituições na construção do Estado e da sua permeabilidade,"Marques, Eduardo Cesar",1999,,"The article describes the relationship between state and society in the formulation and management of public policy in Brazil, through a study of the sanitation policy in Rio de Janeiro between 1975 and 1996. The author identified the professional community's social network surrounding this policy and analyzed its structure through a study of the patterns of relationships between individuals, groups and organizations in the community, as well as of the temporal and spatial distribution of public sector investment and the characteristics of the companies contracted in public action. Through this network, the author analyzed the consolidation of Cedae, the state agency responsible for handing out the contracts, its internal power dynamics and its standing within the surrounding political environment, and explained the contracting of the private sector companies who execute the public works. The article concludes that this pattern, based mainly on relationships between individuals built up steadily over the years, is characteristic of the Brazilian state and is an analytical key to the understanding of the implementation of its policies. Its dynamics give rise simultaneously to the consolidation of state agencies and their permeability.",Revista Brasileira de Ciências Sociais,Geral,nao identificado,,,,,,,,,,
271,Cooperação internacional para difusão de políticas públicas: articulação e implementação de inovação com foco na agricultura familiar no Nordeste,"Lima, Alexciane Assis de; Pase, Hemerson",2025,https://doi.org/10.1590/40006/2025,"Abstract This study examines the cooperation between the Consórcio Nordeste in Brazil and China aimed at mechanizing family agriculture in Northeast Brazil, identifying the key mechanisms of diffusion involved. Employing a descriptive and qualitative approach, based on bibliographic and documentary research, the paper is grounded in the theory of public policy diffusion. The results indicate that cooperation, translation, and networking mechanisms, along with individual circulation, are most prominent in this process. Cooperation is formalized through a Memorandum of Understanding between the parties; the translation occurs in the adaptation of Chinese machinery to the conditions of the northeastern soil, while the networking and circulation of individuals are operationalized through the exchange of knowledge between researchers and institutions, inherent in the agreement signed. The Brazilian federalism framework, characterized by political and administrative decentralization, plays a crucial role by enabling regions to establish such international partnerships autonomously, thereby facilitating the implementation of these cooperative agreements.",Revista Brasileira de Ciências Sociais,Nível de rua,qualitativo,,,,,,,,,,
272,Implementando ações afirmativas na pós-graduação: o processo de decisão colegiada na UFMG,"Mendes, Bianca Drielly; Assis, Lilian Bambirra de; Karruz, Ana Paula; Costa, Bruno Lazzarotti Diniz; Paula, Carolina Riente de Andrade",2025,https://doi.org/10.1590/40013/2025,"Abstract This article’s goal is to analyze the opportunities and challenges brought about by the collegial decision-making process in the implementation of the race-based quota policy in stricto sensu graduate programs at the Federal University of Minas Gerais (UFMG). This is an extremely relevant topic, yet still scarcely explored in a society marked by inequality and increasingly in need of becoming more participatory and collaborative. To this end, a descriptive, qualitative case study was conducted, drawing from content analysis of eighteen semi-structured interviews with members of the university community involved in the implementation of the quota policy. The results indicate that the decentralization of decisions related to affirmative action in UFMG’s stricto sensu graduate programs allowed program committees to adapt the quota system according to their specific contexts, raising the perception of legitimacy and the receptiveness to the policy. Nevertheless, this decentralization also led to unique processes and outcomes, and this openness enabled the maintenance of the horizontal stratification already present in this institution’s graduate education.",Revista Brasileira de Ciências Sociais,Geral,qualitativo,,,,,,,,,,
273,OS SENTIDOS DA PARTICIPAÇÃO PARA O PARTIDO DOS TRABALHADORES (1980-2016),"Bezerra, Carla de Paiva",2019,https://doi.org/10.1590/3410016/2019,"At the 1982 election, the Workers’ Party (PT – Partido dos Trabalhadores) released the motto: “to govern with popular participation and inversion of priorities”. These ideas would accompany the party throughout its history, although with substantial changes in the way they were perceived by its militants and leaders. These changes were made explicit by the priorities given to different public policy instruments, ranging from the proposal to govern by Popular Councils in the 1980s to the constitution of a National System of Participation in the federal government in 2014. We argue that there is a relational dynamic, in which the adoption of different public policy instruments for the implementation of the participation guidelines simultaneously shapes and reflects party ideological preferences. Based on the experimentalism of its municipal, state, and federal administrations, successful experiences were incorporated into the party program as examples to be followed by other PT governments. From the systematic analysis of party resolutions and publications, we present how the meanings attributed to the term participation and its various adjectives gradually change, together with the choice of priority instruments for the implementation of participatory policies.",Revista Brasileira de Ciências Sociais,Alto escalão,quantitativo,,,,,,,,,,
274,"NOVOS SABERES, NOVAS HIERARQUIAS: DISPUTAS CONTEMPORÂNEAS EM TORNO DA PROFISSÃO ACADÊMICA","Carlotto, Maria Caramez; Garcia, Sylvia Gemignani",2018,https://doi.org/10.17666/339604/2018,"This article takes the creation and implementation of USP-Leste as a case study to analyze the current process of reproduction and change in the academic profession as an expression of the struggles over teaching and research control that are shaped by the emergence of new areas of knowledge. It gives continuity to an earlier work about the recent changes to the university and theirs impacts on academic professors’ labor. The data from semi-structured interviews with various participants of the project and the reconstruction of the trajectories of two coordinators involved in the implementation of the new university unit support the following argument: that the growing legitimizing of new specialized knowledge on the conception, organization and control of higher education and scientific research is the origin of new professional hierarchies. During the last decades, said hierarchies been pressuring the traditional model of the academic profession and institution. The analysis intends to contribute to the understanding of the social dynamics that underlie the current debates on knowledge production and reproduction by focusing on the impact of new specialized knowledge on organization of teaching and research and the role of the disputes over the autonomy principle of academic work.",Revista Brasileira de Ciências Sociais,Nível de rua,qualitativo,,,,,,,,,,
275,A reconstrução de capacidades estatais: um estudo da política ambiental e climática brasileira,"Pereira, Ana Karine; Apollo, Gustavo; Targino, Yasmin Oliveira; Lima, Luiza de Moraes Tavares de; Mota, Mariana; Lopes, Wallace; Rosim, Daniela",2026,https://doi.org/10.1590/1807-0191202632104,"Abstract What are the main environmental and climate policies of the Lula III administration? Have they led to a rebuilding of state capacities? And how does politics influence this process? Based on documents, budgetary data, personnel data, and interviews, this article identifies 23 policies and programs focused on climate change and people and forests—and efforts towards recomposition and innovation. Institutional, participatory, and budgetary advances have been made but deficits remain, such as a lack of civil servants, their attrition, poor infrastructure, and career frustrations. Politics conditions these capacities, with resistance in Congress, tensions in the governing coalition, and pressure from agribusiness. There has been substantial reconstruction, but its consolidation requires technical, political, and social coordination.",Opinião Pública,Geral,qualitativo,,,,,,,,,,
276,"Distribuição de cargos, contexto político e presidencialismo brasileiro: uma análise institucional do sistema de livre provimento cargos brasileiro","Albrecht, Nayara F. Macedo de Medeiros",2022,https://doi.org/10.1590/1807-01912022283828,"Abstract This paper analyses the development of the discretionary system of bureaucratic positions in Brazil. On the one hand, the research literature relates the allocation of public offices to the coalitional presidential system. On the other hand, this literature pointed out initiatives aiming to professionalise the bureaucracy and strengthen state careers. In this context, the presidential dilemmas refer to choosing between seeking support from the coalition by appointing party members and controlling public policies by nominating individuals aligned with the president’s preferences. In this article, theories of institutional change are the main theoretical framework for analysing the progression of rules on appointments to public offices and their impacts on the portraits of nominees. Through a case study of Brazil, the paper assesses the congruence between theoretical predictions and empirical evidence regarding the relationship between institutions and the distribution of public sector posts. The methodology comprises bibliographic research, documental analysis, and descriptive statistics. The documentary search concentrated on the rules regarding the presidential coordination bodies and compulsory percentages of appointed career civil servants. The results demonstrated that the laws were not effective as federal public bodies did not comply with the rules. Furthermore, the quantity of career civil servants in discretionary public offices was already high before the establishment of compulsory percentages. The role of coordination bodies varied across the different administrations. Despite the centralisation of presidential power, evidence points out that public managers are partially free to choose their staff and only sometimes comply with the legal requirements. Thus, the conclusions reinforce the need to include informal institutions in further analysis. Besides promoting a contextual description of Brazil, the paper contributes to theory-testing and theory-building on the relationship between institutions and the distribution of public offices. Brazil hand careers context presidents president s preferences article nominees posts analysis statistics Furthermore administrations power requirements Thus theorytesting theory testing theorybuilding building",Opinião Pública,Geral,metodos mistos,,,,,,,,,,
277,Jogando luzes sobre os determinantes burocráticos e de gestão da política de assistência social nos municípios brasileiros,"Sátyro, Natália Guimarães Duarte; Cunha, Eleonora Schettini M.",2019,https://doi.org/10.1590/1807-01912019252401,"Abstract The existing empirical research is insufficient to explain the variation in bureaucratic and managerial capacity at the local level and its consequences for the implementation of social policies. This article analyzes the perception of technicians and municipal managers of social assistance regarding the problematic factors in the implementation of the policy. The research design uses grounded theory to generate knowledge about the field, as well as a survey, in an attempt to analyze how representative the qualitative findings are of the whole. The results show the centrality of budgetary constraints in policy implementation, but put at the center of the discussion technical and administrative factors such as the major stumbling blocks in managing social assistance policy at the local level. The results also suggest the use of informal strategies for solving problems of this nature.",Opinião Pública,Geral,metodos mistos,,,,,,,,,,
278,Análise espacial da burocracia da assistência social nos municípios brasileiros: notas para uma reflexão sobre a capacidade de implementação dessa política,"Sátyro, Natália Guimarães Duarte; Cunha, Eleonora Schettini Martins; Campos, Járvis",2016,https://doi.org/10.1590/1807-01912016222286,"Abstract This paper presents and describes data related to the implementation capacity of social-assistance policy and its spatial distribution. It seeks to understand whether—and to what extent— certain characteristics of municipal bureaucracy can influence results. This paper relies on the Taxa de Execução Financeira Ajustada do Fundo de Assistência Social to present a spatial analysis of variation in the profile of social assistance bureaucracy, according to its roles, types of connections, and educational levels, as well as its implementation capacity and policy management. We use Suas Census indicators from 2010 to 2014, as well as data from the Annual Report on Social Information (Rais) of 2013 and from the Research on the Municipalities of IBGE (Munic). Analysis shows the existence of distinct regional and state patterns concerning employment relationships, as well as the professionalization of bureaucracy, which reveals important variations in bureaucratic capacity. However, the data indicate that the capacity of implementation and management of social assistance policies in municipalities is not related to the type of connections that the bureaucracy's personnel have to stability and professionalization. Rather, these capacities seem to be more directly connected to demands for social assistance than to bureaucratic capacity.",Opinião Pública,Nível de rua,quantitativo,,,,,,,,,,
279,What factors influence the quality of local governments' digital transparency? Evidence from the Brazilian case governments transparency,"Herman, Fellipe; Marques, Francisco Paulo Jamil; Miola, Edna",2022,https://doi.org/10.1590/1807-01912022283857,"This article investigates the factors associated with the quality of transparency of the websites of Brazilian local governments. We also question the extent to which external control institutions have pressured municipal governments to improve their online transparency. Through multiple regression models, we discuss whether and how socio-demographic, political, and economic variables are relevant to explain the differences in e-transparency in 5,563 cities. The results show that, despite an institutionalization process of public transparency led by federal regulatory evolution, experiences at the local level remain heterogeneous. Population size, GDP per capita, education levels, and voter turnout are statistically important to explain the quality of e-transparency experiences. The main conclusion is that external regulators play a crucial role in shaping digital transparency due to the possibility of imposing legal penalties. Effective use of digital media to foster democratic practices involves pressure from external monitoring agencies willing to challenge a bureaucratic culture resistant to openness. models sociodemographic, sociodemographic socio demographic, demographic socio-demographic political etransparency e 5563 5 563 5,56 cities evolution heterogeneous size capita levels penalties openness 556 56 5,5 55 5,",Opinião Pública,Geral,quantitativo,,,,,,,,,,
280,"Dispersão decisória, centralidade política e entropia burocrática: mitigando custos transacionais na gestão públic","Vaz, Alexander Cambraia N.",2018,https://doi.org/10.1590/1807-01912018243622,"Abstract This article investigates the effects of bureaucratic and sociopolitical capacities on the processes of formulating and implementating public policies. This work carries out a comparative study of four institutions at the level of the federal executive power in Brazil. By tracing the institutions’ respective historical paths, this work seeks explanations for their current situations in terms of their aforementioned capacities. In addition, a study of programs developed by these institutions is carried out, investigating how each institution’s current capacity tends to influence the development of these programs. The analysis shows that the thematic area of action of the institutions has an important influence on their potential development of capacities. In addition, the joint development of these capacities seems generally to lead to satisfactory results in the institutions’ development of policies.",Opinião Pública,Geral,nao identificado,,,,,,,,,,
281,Entropias burocráticas no processo de recrutamento e seleção e sua influência na gestão de carreiras do setor público em Moçambique,"Santos, Júnior João Samuel dos; Januário, Francisco Maria; Molide, Abacar",2022,https://doi.org/10.1590/1807-01912022282533,"Abstract This article explores the view of Mozambican public servants on bureaucratic entropies in the recruitment and selection process and its effects on career management. The investigation involved 20 participants, and semi-structured interviews were conducted. The grounded theory method was used to analyze the collected narratives. The findings obtained highlight the occurrence of four bureaucratic entropies, namely: weaknesses in human resource management, inefficiency in career management practices, patronage in recruitment, and centralized decisions. However, the views expressed by the interviewees reach a consensus on bureaucratic entropies negatively affecting career management.",Opinião Pública,Geral,qualitativo,,,,,,,,,,
282,A demanda como determinante na execução dos serviços socioassistenciais nos municípios brasileiros,"D'Albuquerque, Raquel; Sátyro, Natália",2020,https://doi.org/10.1590/1807-01912020262246,"Abstract The purpose of this article is to explore the general configuration of the delivery of basic social assistance services in Brazilian municipalities. It is located in the debate on the implementation of social policies in the municipalities, but focusing on major trends in service delivery at the local level. The focus is on the criterion of service delivery at the national level, but taking into account that this criterion is not given by the central Executive, but by local and discretionary actions. In the absence of knowledge about these major trends, the work adopts a grounded theory design and quantitative analysis to test the exploratory hypothesis that the execution of social assistance services in the municipal public network is also due to the expression of demand from the recipient or potential beneficiary. The main results suggest that, given the size of demand, there is a discretionary action that shapes the type of service that is offered, since regions with high demand prioritize collective services while in places with lower potential demand there is a greater presence of individual care.",Opinião Pública,Geral,metodos mistos,,,,,,,,,,
283,"Identidade, oposição e pragmatismo: o conteúdo estratégico da decisão eleitoral em 13 anos de eleições","Balbachevsky, Elizabeth; Holzhacker, Denilde Oliveira",2004,,"Based on survey results conducted in the Brazilian Presidential elections of 1989, 1994, 1998 and 2002, and the local election of São Paulo in 1996, the authors analyse the electoral behavior as a result of a strategy pattern made of three possible choices: the vote as an expression of identity with the candidate; as a belief in the candidate´s opposition capacity and as a belief in the candidate´s administrative capacity. The authors point out the link between the vote strategy as an expression of identity with the candidate Luís Inácio da Silva, Lula, in all the period. The article is based on the Brazilian Electoral Study results.",Opinião Pública,Geral,quantitativo,,,,,,,,,,
284,A reconfiguração do sindicalismo brasileiro nos anos 2000: as bases sociais e o perfil político-ideológico da Conlutas,"Trópia, Patrícia Vieira; Galvão, Andréia; Marcelino, Paula",2013,,"This article aims to contribute to the understanding of social and political-ideological profile of Conlutas, a trade union and popular organization created in 2004 as a CUT's dissidence, with the participation of different social movements. The analysis is based on a survey conducted during the Conlutas First National Congress, occurred in 2008 July in the city of Betim (MG//Brazil). The results show that Conlutas mainly represents non-manual workers from the public sector, particularly from education, who earn up to 3 minimum wages and have stable working conditions.",Opinião Pública,Geral,quantitativo,,,,,,,,,,
285,Inframunicipalismo y clientelismo. Aproximaciones al fenómeno desde sus prácticas asociadas,"Pantín, José Manuel; Rama, Jose",2018,https://doi.org/10.1590/1807-01912018243596,"Abstract This article maintains that, from the institutionalist perspective, the characteristics of a political system and the local public administration condition the development of clientelistic practices. This research aims to shed light on the controversial relationship between vote buying and the district`s size in Spain as well as to prove how the population size has implications beyond the financial and administrative dimension. In this sense, the objective is to introduce to the debate the effects of inframunicipalism on the quality of democracy. Toward that end, some practices associated with clientelism are identified that are related to the size of the habitat in a series of surveys by the Center for Sociological Research (CIS). Thus, regression techniques have been used to determine what these practices are and what impact they have. The main finding emphasizes that the likelihood of clientelistic relationships (measured by several indicators) increases as the size of the habitat decreases.",Opinião Pública,Geral,quantitativo,,,,,,,,,,
286,A evolução do sistema partidário brasileiro: número de partidos e votação no plano subnacional 1982-2006,"Ferreira, Denise Paiva; Batista, Carlos Marcos; Stabile, Max",2008,,"The article analyzes the process of implementation and development of the Brazilian party system. In order to do so we analyze the electoral offer in the Brazilian federation from 1982-2006. The following variables will be considered: parties age, effective number of parties (ENP), and votes for Senate, Low Camber, State Governor and State Level Assembly. These procedures allow us to have a broad panorama of the Brazilian party system as well as of its development throughout almost three decades.",Opinião Pública,Geral,nao identificado,,,,,,,,,,
287,The Social Participation on the Other Side of the Counter: Bureaucracy Perceptions in the Social Assistance*,"Direito, Denise do Carmo; Almeida, Debora Rezende de",2024,https://doi.org/10.1590/1981-3821202400020006,"This paper proposes an analytical and empirical shift to identify the meanings that state actors mobilize regarding social participation. It innovates by focusing on the perceptions of bureaucrats about participatory institutions and by proposing the dialogue between two sets of literature: the approaches of Participatory Institutions (PI) and of the Sociology of Public Action (SPA). From the former, it takes up the debate on the meanings of participation, while from the latter it takes on an understanding of bureaucrats as actors who mediate between the state and society and of the role of interaction in defining state action. It carries out a case study in the middle-echelon bureaucracy of the National Secretariat for Social Assistance, covering the period of political-institutional changes after the presidential impeachment. The main technique is qualitative and content analysis of 44 semi-structured interviews with DAS 04 and 05 bureaucrats. It concludes that there are multiple meanings of social participation among bureaucrats, influenced by attributes such as professional and management links, subnational experiences in politics and PIs, and academic background. It identifies a gradual decrease in the relevance of non-state actors for decision-making and the redefinition of participation as listening, which becomes both formal and uninterested.",Brazilian Political Science Review,Geral,qualitativo,,,,,,,,,,
288,Activism Among Bureaucrats: Creative Social Housing Work in a Conservative Institutional Setting,"Silveira, Mariana Costa",2022,https://doi.org/10.1590/1981-3821202200030002,"How can activist bureaucrats unexpectedly influence policy outcomes? What strategies do these actors adopt in order to defend and implement public policies in institutional settings unfavorable to their ideas? How do the individual trajectories of activist bureaucrats influence their strategies and repertoires of action? Drawing from the literature on institutional activism, this article shows how bureaucrats worked as activists to create and institutionalize participatory arenas in slum upgrading projects, within an institutional setting adverse to popular participation. Our research was carried out through interviews with bureaucrats and local community actors, as well as participant observation. The main results of our study were: the identification of four distinct profiles of bureaucrats and four main activist strategies used by them, as well as the identification of bureaucrats’ profiles more associated with the adoption of certain practices - so that specific profiles of bureaucrats have influenced the policy-making process in different ways, according to their relational skills, previous trajectories, and worldviews. These findings suggest that the individual characteristics of bureaucrats are important to understanding the variations in bureaucrats’ activist strategies within the state, as well as how bureaucrats can influence policymaking in heterogeneous ways.",Brazilian Political Science Review,Geral,metodos mistos,,,,,,,,,,
289,"State-Level Implementation of the Secondary Education Reform in Brazil: Between Conflict, Ambiguity, and Heterogeneity","Lotta, Gabriela Spanghero; Segatto, Catarina Ianni; Abrucio, Fernando Luiz",2025,https://doi.org/10.1590/1981-3821202500030006,"This paper seeks to contribute to the understanding of variations in subnational policies and the factors that explain them. Some studies attribute these differences to the uneven distribution of state infrastructure and capacity at the subnational level, while others emphasize the role of policy legacies, actors, ideology, ideas, and networks to explain subnational policy variations. This study, analyses variations in policy changes in secondary education across Brazilian states and the factors that influenced them through a qualitative and comparative approach based on data collected through document analysis, survey, and in-depth interviews. The findings indicate that the high level of ambiguity and conflict in national guidelines led to significant variations in state policies. Subnational policies resulted from an intersection between horizontal cooperation, policy legacies, political leadership, and bureaucratic activism, though the influence of these factors varied across states.",Brazilian Political Science Review,Alto escalão,metodos mistos,,,,,,,,,,
290,"Multilevel Governance of Social Policy: Social Services in Metropolises,","Bichir, Renata; Aranha, Adriana; Lara, Maria Fernanda Aguilar",2024,https://doi.org/10.1590/1981-3821202400030003,"This article looks into the explanatory dimensions of social services governance in São Paulo and Belo Horizonte. It considers the vertical axis of the interconnections between levels of government and the horizontal axis of interactions between state and non-state actors. We argue that it is necessary to advance in integrated explanations on how these multilevel interactions restructure local governance patterns over time in order to fill a gap in the literature on multilevel governance. Cases are compared based on the triangulation of methods: literature review, document analysis, and in-depth interviews. We argue that four dimensions are essential to understand the effect of the intersection between axes: 01. municipal political organization; 02. mobilization of policy communities; 03. civil society actors’ profile and work; 04. types of state capacities. Our case analysis reveals, in São Paulo, a pattern that is less constrained by federal rulemaking and more focused on conflicts between civil society organizations (CSOs) and bureaucratic actors, and highly dependent on local political dynamics and ways of building regulatory capacities. In Belo Horizonte, in turn, we observed a greater influence of federal rulemaking and greater weight of policy communities, which are constantly mobilized to build capacities for policy provision, and not only for the regulation of services.",Brazilian Political Science Review,Geral,qualitativo,,,,,,,,,,
291,The Governance of Public Budgeting: a Proposal for Comparative Analyses - the Cases of São Paulo and London,"Peres, Ursula Dias",2022,https://doi.org/10.1590/1981-3821202200020003,"This paper aims at understanding the governance of public budgeting in large metropolises with the use of comparative analysis. The analysis is focused on budgetary governance in London and São Paulo and uses qualitative and quantitative data from 2008 to 2019 to understand whether analytical categories such as incrementalism of expenditures, complexity of budgetary rules, bureaucratic hierarchy, bargaining, and muddling through are useful to compare two metropolises, especially to determine the discretionary power of mayors in making budget allocation decisions. The analytical categories are derived from the studies of theorists of economics and political sociology, notably Wildavsky (1975, 1969), Wildavsky and Caiden (2004), Schick (2009, 1976), Caiden (2010) Lascoumes and Le Galès (2005), Baumgartner and Jones (2005), and Fuchs (2012, 2010). The main argument of the paper is that, despite the administrative and political differences between London and São Paulo, similar dimensions can explain decisions about budget allocation and the political discretionary power of mayors. The study shows that mayors have little discretionary power, particularly in contexts of fiscal austerity; it also highlights the importance of property tax as a means to protect such power.",Brazilian Political Science Review,Nível de rua,metodos mistos,,,,,,,,,,
292,The legislative work in an authoritarian regime: the case of the São Paulo administrative department,"Codato, Adriano",2014,https://doi.org/10.1590/1981-38212014000100001,"This article describes the legislative process of the Administrative Department of the state of São Paulo (DAESP) during the Estado Novo dictatorship and seeks to answer three questions: i) what were its real attributions? ii) what was its place among the state-level government agencies? iii) what was its role in the dictatorial regime's public decision-making structure? Ordering and interpreting information on the DAESP's deliberative process will allow us to establish whether or not it exercised power (understood as the capacity by those who controlled it to impose their preferences), what was the magnitude of this power, what type of power was exercised, over what and whom. The frequency of its meetings, the coordination of the agendas of the dictatorial State's apparatuses involved in the decision chain, the activism of each councillor of DAESP and a sample of the legal opinions produced by it between 1939-1947 were all analysed. The findings can be summarised into three propositions: i) DAESP was not a decision-making arena per se as it did not make important decisions, but instead produced a huge amount of decisions regarding the formal aspects of the decree-laws issued by the Interventoria Federal (appointed governors); ii) therefore, the president of the DAESP did not have greater political or bureaucratic power than the interventor, and iii) although the Department mimicked some legislative routines, it cannot be considered a substitute of the state legislature.",Brazilian Political Science Review,Geral,quantitativo,,,,,,,,,,
293,"Business, Government and Foreign Policy: Brazilian Construction Firms Abroad","Rego, Bernardo Frossard Silva; Figueira, Ariane Cristine Roder",2017,https://doi.org/10.1590/1981-3821201700010005,"This article analyses the interaction between Brazilian companies and government in the context of foreign policy, observing the state's support for the internationalization of large Brazilian civil construction firms. The results show that over the years these companies had privileged access to the Federal Executive, including civil service agencies. One consequence of this system of channelling demands through the Executive was to demote the Legislative branch to a secondary role. This pattern of interaction changed following the restoration of Congress's decision-making capacity, prompting the sector to diversify its areas of influence, focusing in particular on the Congress. To expand internationally, construction firms interact with the government primarily through the Executive, specifically via the Ministry of Foreign Affairs (Itamaraty), which provides technical and diplomatic support, and the Banco Nacional de Desenvolvimento Econômico, which supplies funding. The main argument of this article is that foreign policy should be examined through the relations between state and non-state actors in a multitude of decision-making arenas, taking into consideration both domestic and international factors.",Brazilian Political Science Review,Alto escalão,nao identificado,,,,,,,,,,
294,"Unionism, the Decision-Making Process and Social Security Reform in Brazil","Silva, Sidney Jard da",2016,https://doi.org/10.1590/1981-38212016000200002,"Despite the vast literature on social security reform there are relatively few studies that analyze the participation of representatives coming from the union movement in the decision-making process. This article aims to fill part of that gap in Brazilian academic production on unionism and public policy. In situations in which unionist representatives support the ruling party, does the union bloc tend to defend the specific interests of their base of social representation or to follow the guidance of the party coalition of which they are part? The study addresses this research problemby analyzing the participation of the union bloc in the decision-making process of a social security reform, Proposal of Amendment to the Constitution, Article 40 (PEC 40), during the first term of Luiz Inácio Lula da Silva's government. The main findings of the study confirm the thesis of party predominance. In an institutional political scenario in which party discipline prevails, unionist representatives and senators tend to follow the guidance of the party coalition even under contrary pressures from their electoral base. The research sheds light on the relations involved between the Executive and Legislative branches, in the process of changing public policy, in which a government considered to be allied imposes losses for specific sectors of the union base, notably the active and inactive public servants of the federal government, states and municipalities.",Brazilian Political Science Review,Geral,nao identificado,,,,,,,,,,
295,Public Policy Instruments and Their Impact: From Analogue to Electronic Government in the Bus Services of São Paulo,"Campos, Marcos Lopes",2018,https://doi.org/10.1590/1981-3821201800010003,"This article deals with the relations between public policy instruments and production practices of objects related to government action. It demonstrates that the materiality of the instruments built to make a public policy object legible to its operators has independent effects on the relations among private operators, bureaucrats, and the public sector. Based on the bus service provision policies in the city of São Paulo between the 1980s and the 2000s, it shows that transportation policies are structured around the dilemmas and conflicts associated with the production of reports and databases. This article suggests that everyday practices and instruments, especially those associated with the documentation of operational performance, are key dimensions to understand the limits and potential of both state capacities and the regulation of companies’ profits. Because of its materiality, documentation practices and document pathways, operate as devices and artifacts which structure opacities, asymmetries of information, and power struggles between the state bureaucrats and private companies in the construction of service legibility. This article concludes that the transition from the governance through analogue instruments to the governance through electronic instruments is characterized by more transparency and greater regulatory potential over the private sector.",Brazilian Political Science Review,Geral,quantitativo,,,,,,,,,,
296,Multi-level governance in federal contexts: the Social Assistance Policy in the City of São Paulo,"Bichir, Renata; Brettas, Gabriela Horesh; Canato, Pamella",2017,https://doi.org/10.1590/1981-3821201700020003,"This article examines the governance of social assistance in the City of São Paulo by considering the interplay between the federal normative acts that conform to the Unified System of Social Assistance (SUAS) and the decisions taken at the municipal level, in order to better understand multi-level governance in federal contexts. We demonstrate that federal-set policy parameters matter but they are not sufficient to understand how policies are implemented at the local level. Hence, the article revises some established assumptions about the local implementation of social policies in federal contexts. We argue that the governance of social assistance at the municipal level can be understood by the combination of the following aspects: 01. the power resources, capacities and constraints available for state and civil society actors; 02. the interactions and disputes between these actors in formal and informal arenas; 03. the main ideas supported by relevant actors and the instruments they use to transform ideas into policy actions. Our results show that agency at the local level matters even for nationally regulated policies. Moreover, the historical process of capacity building matters not only to state actors, but also to civil society organizations.",Brazilian Political Science Review,Geral,quantitativo,,,,,,,,,,
297,"Accountability, Corruption and Local Government: Mapping the Control Steps","Aranha, Ana Luiza Melo",2017,https://doi.org/10.1590/1981-3821201700020004,"The central purpose of this paper is to map out the Brazilian web of accountability institutions and observe how institutions establish links with each other in order to control corruption cases that reach them. Focus is on institutions that are part of the Brazilian anti-corruption agenda, which include the Federal Public Prosecutor's Office, the Federal Police, the Office of the Comptroller General, the Federal Court of Accounts, the Federal Justice and the Ministries. In the literature, the most widespread argument is that, despite recent institutional improvements, the result produced by this web in terms of coordination is still weak. This article tests this claim by looking at the program called 'Inspections from Public Lotteries'. Through a longitudinal approach, I observed the flux of control activities among the institutions, especially the establishment of investigative and judicial proceedings. Not only I explored the extent to which corruption impacts the establishment of interactions, but I also investigated how the interactions affect the speed of judicial proceedings – using logistic regressions and survival analysis. The conclusion is that the Brazilian web is able to articulate itself in order to hold public officials accountable (something new in this recent democracy), but not in a homogeneous way across all institutions (something the literature has missed). Furthermore, I demonstrate that the entire web of accountability institutions is unable to arrive at a decision in a timely manner.",Brazilian Political Science Review,Geral,quantitativo,,,,,,,,,,
298,Social Scientists and Public Administration in the Lula da Silva Government,"D’Araujo, Maria Celina; Lameirão, Camila",2009,https://doi.org/10.1590/1981-3850200900010001,"Abstract We focus here on a new theme among studies on the Social Sciences in Brazil, namely, the presence of social scientists in high-level office in the federal government, whether as directors or advisers. In general, studies on the social sciences in Brazil are devoted to examining the academic profile of their founders, the contents prioritized in the disciplines, processes of institutionalization and methodologies adopted, among other aspects. However, there has never been an examination of the place of the social scientist in the division of labour of the state bureaucracy, in the market and close to those in power. By means of empirical research, we have ascertained that individuals with this academic background have a notable presence in the Lula da Silva government (2003-2006; 2007-). Our hypothesis is that this presence cannot be explained chiefly by the specificity of the knowledge produced by this set of disciplines. Instead, one has to look at other variables, especially social scientists’ link with the public service.",Brazilian Political Science Review,Alto escalão,nao identificado,,,,,,,,,,
299,Implementation of a Climate Policy Monitoring System in Brazil: Political Challenges for Coordination on Multilevel Governance Arrangements,"Maia, Mariana; Serafim, Lizandra; Alves, Elia",2024,https://doi.org/10.1590/1981-3821202400020007,"After the failure of the Kyoto Protocol, a new architecture of international climate governance gradually emerged in the Paris Agreement establishing a division of roles for climate governance: states, which are formal members of the United Nations Framework Convention on Climate Change (UNFCCC), set goals and incentives, while non-party actors’ action conditioned implementation. As the UNFCCC framework remained state-based, less attention has been given to how non-party actors interact with national governments to enable multilevel governance arrangements for implementing climate policies. This work contributes to filling this gap by investigating the unsuccessful Brazilian initiative to implement a monitoring, reporting, and verification (MRV) system, part of the UNFCCC framework, led by the Federal Climate Articulation Group (NAFC, in Portuguese). The NAFC was a venue for subnational participation within the governance structures of federal climate policy, whereas non-state actors provided technical knowledge. We consider the MRV system to be a public policy instrument and non-party actors to be border agents supporting capacity building through the translation of technical issues into policy options. Based on qualitative analysis of documents and interviews, we found that such influence did not enable capacity building due to the limited decision-making power of federal agents, which led to the non-implementation of an MRV system.",Brazilian Political Science Review,Alto escalão,metodos mistos,,,,,,,,,,
300,GÊNESE DA RELAÇÃO DE PARCERIA ENTRE INCRA E MOVIMENTOS SOCIAIS COMO MODELO PARA IMPLEMENTAÇÃO DE POLÍTICAS DE REFORMA AGRÁRIA,"Penna, Camila",2018,https://doi.org/10.1590/0102-115148/105,"Abstract This article aims at explaining how the current format of partnership that characterizes the implementation of agrarian reform policies by Incra has been built over time. Proposing a dialogue between the most recent literature on institutional change and the literature on assemblage, I analyze three key moments in the rearrangement of relations between social movements and the State: democratization, the massacre of Eldorado dos Carajás, and the transition to the Lula government. I conclude that the genesis of the current partnership results from a gradual process of stabilization of different assemblages that combined macro events at the national level with creative projects of different actors to solve local problems.",Brazilian Political Science Review,Nível de rua,nao identificado,,,,,,,,,,
301,Gestão pública e a questão social na grande cidade,"Raichelis, Raquel",2006,,"The article presents some points to the analysis of new expressions of the social and urban issues in today’s large metropolis, especially Sao Paulo, aiming at identifying conflicts, challenges and new demands for the democratic administration of the city and for public social policies. It also seeks to debate the multilateral agencies’ discourse on poverty and social inequality, exploring public policy proposals conceived to target those issues, particularly the ones focused on the urban question in large cities.",Brazilian Political Science Review,Geral,nao identificado,,,,,,,,,,
302,Interdependência e autonomia na gestão pública da saúde,"Nascimento, Vânia Barbosa do",2001,,The decentralization principle is found both in the federative organization of the national State and in the basic directions of the health system in Brazil. How does it present itself in each of these dimensions and how are they connected? On the basis of an examination of this question the author analyses the Brazilian national Unitary Health System (Sistema Único de Saúde - SUS) taking account of its politico-institutional context and of its functioning. Basic categories of her analysis are interdependence and autonomy.,Brazilian Political Science Review,Geral,nao identificado,,,,,,,,,,
303,"Dinâmica político-eleitoral, burocracia e gasto social estadual","Borges, André",2010,,"This paper analyzes the effects of decentralization of authority and fiscal resources on processes and results of public policies. It seeks to trace the connections between electoral politics, bureaucracy, formulation and implementation of social policies in the sphere of states. It focuses on the political construction and renovation of state schools in Bahia over two terms (1999-2002 and 2003-2006). This paper concentrates on the impact of electoral and party politics over the allocation of investments in the Secretary of Education between the municipalities of the state, and also examines the role of appointments of senior positions in the sectorial bureaucracy in the construction of public policy. The analysis relies on a multimethod strategy, which combines multivariate statistical models and traditional techniques of case studies.",Caderno CRH,Nível de rua,quantitativo,,,,,,,,,,
304,Sistemas produtivos tradicionais e imersão de interesses econômicos em relações sociais,"Silva, Gustavo Melo; Neves, Jorge Alexandre Barbosa",2012,,"The municipality of Resende Costa (MG) has had a tradition of domestic textile production since the 18th century. However, since the end of the 20th century it has been a market of traditional weaving. This article analyzes the social construction of this municipal market based on records from the 18th and 19th centuries, research from late 20th century and also preliminary data gathered in 2009 from 664 domestic producers and 69 businesses. This market was made up of uneven production in the homes, the division of labor, and the commercial bureaucratic organization which controls their production services to meet consumer demands and solidarity among individuals with economic interests immersed in family relationships, which make up the density and moral discipline of this municipal market of traditional weaving.",Caderno CRH,Geral,quantitativo,,,,,,,,,,
305,A CIÊNCIA ENTRE INDIVÍDUOS E ORGANIZAÇÕES: como capacidades analíticas individuais e organizacionais se combinam para a utilização de evidências científicas nas políticas públicas?,"Palotti, Pedro Lucas de Moura; Koga, Natália Massaco; Lins, Rafael da Silva; Couto, Bruno Gontyjo do; Soares Filho, Marcos Luiz Vieira",2023,https://doi.org/10.9771/ccrh.v36i0.53388,"Abstract Different governmental and non-governmental actors seek to mobilize scientific evidence to support work on public policies. In recent decades, studies have emphasized analytical capacities from the point of view of individuals – mainly public servants and government managers – or organizations – ministerial structures or independent agencies. This article innovates previous investigations in seeking to understand how individual and organizational dimensions interact to expand the mobilization of evidence produced by science. The research used an extensive N survey with bureaucrats from the Brazilian federal public administration. The findings indicate that these two dimensions interact positively for greater use of scientific evidence. However, special attention must be paid to how organizational resources are conceptualized and operationalized. As a specialized unit, the interaction with the ability to identify, collect and analyze data and information related to public policy proved to be important. As a resource or organizational availability, the interaction with the education of individuals proved to be a relevant dimension. Finally, as an organizational relationship opportunity with academia, the interaction with the level of formal education was also significant. Future research should seek to explain why other forms of interaction between individual and organizational capabilities are not relevant, in addition to seeking to understand the causal mechanisms that explain the identified findings.",Caderno CRH,Geral,quantitativo,,,,,,,,,,
306,PROGRAMA MAIS MÉDICOS DO BRASIL: a centralidade da relação médico-usuário para a satisfação com o programa,"Telles, Helcimara; Silva, Arthur Leandro Alves da; Bastos, Camila",2019,https://doi.org/10.9771/ccrh.v32i85.23470,"The article examined the factors associated with the satisfaction of the communities served by the Mais Médicos do Brasil Program (PMMB), based on quantitative research carried out by the Ministry of Health and the Federal University of Minas Gerais in 2014, the year in which this program started. The approach occurred through face-to-face interviews, conducted with samples of users and non-users and residents in municipalities registered, but not yet covered. The interviews were carried out in more than 700 cities, segmented into 7 subgroups according to the criteria: 20% of poverty, capital, G100, low income and high economic vulnerability, the metropolitan, quilombolas, special indigenous sanitary district (DSEI) and other locations, totaling more than 18,000 informants. For the analysis of the variables related to evaluation of Mais Médicos, were elaborated descriptive statistics and inferences. Demonstrates, in the initial phase of the program, the majority presence of doctors cooperated (Cubans), the high experience of professionals involved with the basic attention to health, the good quality of medical care and your more Humanized, with the decisive relation between doctor and user to the positive assessment of the program.. It is concluded that the Mais Médicos reached the goals of bringing service to the municipalities of high social vulnerability, where there was still no doctors or your number was small, and that the program has potential for the reconstruction of the concept of the basic attention to health.",Caderno CRH,Alto escalão,metodos mistos,,,,,,,,,,
307,DEMOCRACIA EM AÇÃO: indo além das eleições para melhorar o bem-estar,"Touchton, Michael; Sugiyama, Natasha Borges; Wampler, Brian",2020,https://doi.org/10.9771/ccrh.v33i0.33273,"How does democracy work to improve well-being? In this paper, we disentangle the component parts of democratic practice—elections, civic participation, expansion of social provisioning, local administrative capacity—to identify their relationship with well-being. Our analysis of an original dataset covering over 5,550 Brazilian municipalities demonstrates that competitive elections alone do not explain variation in infant mortality rates, one outcome associated with well-being. We move beyond elections to show how participatory institutions, social programs, and local state capacity can interact to buttress one another and reduce infant mortality rates. The result is a new understanding of how different aspects of democracy work together to improve a key feature of human development.",Caderno CRH,Geral,nao identificado,,,,,,,,,,
308,"DIMENSÕES DA CAPACIDADE DECISÓRIA LOCAL, DESENHO INSTITUCIONAL E MECANISMOS DE COORDENAÇÃO: os espaços de autonomia dos municípios brasileiros","D’Albuquerque, Raquel",2023,https://doi.org/10.9771/ccrh.v36i0.53666,"The article examines how institutional dynamics and the configuration of public policies in the Brazilian federal context affect the autonomy of municipalities in formulating their local agendas. It investigates how institutional arrangements and aspects related to policy management and implementation determine whether municipalities have greater or lesser leeway to decide on the adoption and prioritization of policies, taking into account the incentives and coordination power exercised by the federal government. The analysis identifies three groups of policies implemented locally: policies adopted through federal induction, policies with autonomous municipal action, and policies under the primary jurisdiction of other entities. For each group, the degree of autonomy in agenda-setting varies. Finally, in addition to the institutional design of policies, it emphasizes the importance of considering municipal capacities and sensitivity to local demands in determining municipal decision-making autonomy, in order to provide a comprehensive analysis of the role of local governments in Brazil and highlight the complexity of the dynamics involved in shaping the local agenda.",Caderno CRH,Médio escalão,nao identificado,,,,,,,,,,
309,AÇÃO PÚBLICA SOCIOAMBIENTAL EM QUESTÃO: desafios da cogestão de uma Resex Marinha na Amazônia brasileira,"Oliveira, Marcelo do Vale; Ribeiro, Tânia Guimarães; Teisserenc, Maria José da Silva Aquino",2022,https://doi.org/10.9771/ccrh.v35i0.34542,"The object in question is participation in the construction of a Management Plan, a device required by the implementation of environmental public political instrument such as Resex. The territorial reference involves the Caeté-Taperaçu Marine Resex, located in the municipality of Bragança, state of Pará. The objective is to understand how the Management Plan was co-produced, relating it to a context of environmentalization and participation, to demonstrate the relationships between the actors involved, their knowledge, practices and interests in confrontation. From a sociological approach to public action brings a perspective of public policies, where the state has its centrality challenged and where the participation of different actors in the discussions and management of its territory has not been evident, but also constitute as a horizon of governance to be sought in local dynamics and mobilizations, expressed in the capacity of the actors and their performance in collective actions.",Caderno CRH,Geral,nao identificado,,,,,,,,,,
310,POLÍTICAS SOCIALES Y ORGANIZACIONES POPULARES EN ARGENTINA (2003-2011): mediación social y movilización política en los barrios periféricos de Buenos Aires,"Trenta, Arnaud",2017,https://doi.org/10.1590/s0103-49792017000300009,"Incorporated in the debates about ruptures and continuities between Argentine governments of the last decades, the article analyzes the social policies focused on the fight against poverty. The paper examines in particular the relationship between the State and grassroots organizations during first Kirchnerist governments (2003-2011) and the implementation of a social inclusion program called “Social Income with Labor”, which aims to create worker cooperatives in high-poverty neighborhoods. On one hand, the results show a continuity of social policies design and implementation during the 1990s and 2000s through the model of conditional cash transfers programs, that grant a discretionary power to the brokers. On the other hand, the research illuminates the reconfiguration of working class relations with the State through the political alliance between the national government and grassroots organizations. The methodology is based on interviews and observations of a local organization of the Evita Movement that manages numerous cooperatives of the program “Social Income with Work” in a district of Buenos Aires suburb.",Caderno CRH,Geral,qualitativo,,,,,,,,,,
311,Política habitacional no Brasil e Programa de Locação Social paulistano,"D'Ottaviano, Camila",2014,,"This article presents a brief analysis of the Brazilian housing policy, using as a case study the Social Rent Program, which was created in the city of São Paulo in 2002. São Paulo's Social Rent Program is the main rent-based housing program implemented in Brazil recently. Created by Resolution 23 of the Municipal Housing Fund Council, it sought to meet the demand of families whose income was up to three minimum wages, which until then had excluded them from existing housing funding programs. After 10 years of implementation, the main limitations found are a lack of social guidance for the demand covered and a lack of guidance in the management of common areas. Another unsolved social rent issue is the maximum period of permanence of families in the rented properties, as well as managing a demand that is much larger than the program's capacity.",Caderno CRH,Geral,qualitativo,,,,,,,,,,
312,"O PROGRAMA TRANSCIDADANIA: conquistas, representatividade e disputas narrativas TRANSCIDADANIA conquistas","Pinheiro, Carlos Vinícius Silva; Martinez, Elias David Morales",2023,https://doi.org/10.9771/ccrh.v36i0.31048,"The temporal scope begins with the implementation of the Transcidadania Program by the Town Hall of São Paulo, from 2015 to 2022. The locus is limited to the LGBTQIA+ Citizenship Centers in the city, with a greater focus on the central region of the city, the migration focus of this population from Brazil. It follows the decentralization of the Program to other regions of the city and the exponent representativeness of transgender people in spaces of institutional power. The situational associative ethnographic methodology and discourse analysis are used because they are tools to encompass the heterogeneity of variables and make them palatable for the scientific translation of this unique and unprecedented public policy and its consequences. The aim is to show the resourcefulness of the program, in a qualitative perspective, as well as to situate, within the transition of different social political contexts, its relevance and the influences dialogued with the program and developments/social transformation. It is concluded that the narrative disputes that circulate the Transcidadania Program generate effects in the fight against precariousness and violence suffered by the trans population. Paulo 201 2022 LGBTQIA Brazil power consequences perspective situate contexts developmentssocial developments transformation 20 202 2",Caderno CRH,Geral,metodos mistos,,,,,,,,,,
313,Ação coletiva e cooperação intermunicipal em duas metrópoles,"Lacerda, Alan Daniel Freire de",2011,,"This paper mainly aims to develop a theory of collective action relevant to the analysis of problems of metropolitan cooperation. Taking as such preliminary cases the metropolitan areas of Recife and Natal, this work also aims to establish which incentives municipalities belonging to such regions have to cooperate in solving typically intermunicipal problems. The theoretical and methodological choice of this paper leads to the conclusion that the issues related to metropolitan management can not be separated from variables related to the integration of the counties to the main city in the region.The empirical work done in the partial implementation of the model sistematizes qualitative and quantitative data from research done by others over the two regions mentioned.",Caderno CRH,Geral,metodos mistos,,,,,,,,,,
314,Cidade: mídia e arte de rua,"Ivo, Any Brito Leal",2007,,"This study tries to illustrate, starting from the Projeto Graffita Salvador, the complex relations among art, public space and their appropriations, through the mediatic dimension of the city, allowing the establishment of connections among: city, art, media and comuni-cational strategy (both from private and public sectors). The city and its appropriations are an strategic mediatic element and are part of a complex communication system. Art also communicates and persuades. Besides, the public and private sectors are investing in the creation of positive corporate images for the public opinion, aimed at strengthening their images from the constitution of cultural and collective reference symbols of the city. In a framework of public financing difficulties, alternatives and strategies based in partnerships between the public and the private sectors are favored in the administration of the cities, positively reinforcing the images both of government (idea of commitment, participation and efficiency) and private sector (social responsibility). The inquiries regarding the Projeto Grafita Salvador can help in the understanding of those dynamics and their consequences. Starting from them it is possible to establish connections among the communication strategies, the artistic expression forms, the city, the social and cultural movements, street art, and the constitution of the public space and its appropriations, in the contemporary context.",Caderno CRH,Geral,quantitativo,,,,,,,,,,
315,DISPUTAS CIENTÍFICAS E POLÍTICAS NA GESTÃO DAS ÁGUAS SUBTERRÂNEAS: perspectivas globais e locais,"Cardoso, Jéssica Pires; Martins, Rodrigo Constante",2025,https://doi.org/10.9771/ccrh.v38i0.53696,"The article reflects on the role of science in addressing environmental issues and demonstrates how this knowledge has been strategically used to (i) ensure the implementation of global and local regulations and (ii) drive the appropriation of natural resources. As a resource, the text grounds the discourses shaping the governance of the Guarani Aquifer at two levels: global and local – specifically, the Ribeirão Preto region. Through a bibliographic review, document analysis, semi-structured interviews, and participation in public hearings, the results highlight the prominence of the technical-scientific discourse in the environmental debate, positioned within the hierarchy of rationalized knowledge that operates as a regime of truth. Furthermore, it reveals the strategic mobilization of scientific knowledge by local economic agents to circumvent global regulations and achieve the appropriation of natural resources.",Caderno CRH,Geral,qualitativo,,,,,,,,,,
316,O NEXO FEDERAL: a relação entre sistemas partidários e políticas públicas no Brasil e na Argentina,"Simpson, Ximena",2017,https://doi.org/10.1590/s0103-49792017000200006,"This study highlights the role of the party systems in Brazil and Argentina as a central element for understanding the capacity of coordination of intergovernmental relations (IGRs) and, consequently, for the implementation of national public policies. The main argument is that the levels of conflict of IGRs, throughout history, are modeled by the party system, and it has direct implications in the public policies. The hypothesis is that a greater nationalization of the party system results in more cooperative IGRs, and, consequently, in a greater capacity of territorial penetration of the central state, with intertemporal public policies. It is concluded that the IGRs dynamics in such countries achieve opposite results: while in Argentina it seems to encourage a greater party territorialization, in Brazil it aims at build a more cooperative interaction framework.",Caderno CRH,Geral,nao identificado,,,,,,,,,,
317,"Transformações do modo de morar nas metrópoles contemporâneas: novos discursos, velhos problemas","Baltrusis, Nelson",2010,,"This paper was developed within the scope of research on the informal housing market in Salvador and aims to understand the changes in the forms of housing, particularly the poorest ones, that have occurred in large Brazilian cities. We will address the issue of structuring the living space for rich and poor, caused by the implementation of post-Fordist production method. Then we will address the issue of commercialization of living space for the poor, the slums and squatter settlements that have become commodities in an informal submarket. We will see how this type of transaction settled in cities in Latin America and Brazil, highlighting the occurrence of this phenomenon in major Brazilian cities, including São Paulo and Salvador. And finally, we will tackle the resumption of housing provision programs in Salvador. We will made a few remarks about housing policy in recent decades and the meaning of new programs to build a more just and democratic city.",Caderno CRH,Geral,nao identificado,,,,,,,,,,
318,"CORPORAÇÕES, ESTRATÉGIAS E INSTITUIÇÕES: uma análise da Nissan no Brasil","Lima, Raphael Jonathas da Costa; Dulci, João Assis",2024,https://doi.org/10.9771/ccrh.v37i0.58699,"This article analyzes the trajectory of Nissan in order to advance the construction of a model for analyzing the profit trend strategies of automotive Original Equipment Manufacturers (OEMs), which have been undergoing a profound process of manufacturing de-verticalization and business model restructuring in recent decades. The basic question to be answered is to understand how processes of innovation and product diversification are defined and included within the scope of the profit strategies of automotive corporations and how this fits in with the restructuring of the automotive market. The results show that automotive multinationals do not reorganize themselves and do not use the same action strategies, and that in contexts of institutional regulation, such as the implementation phase of the Inovar-Auto program in Brazil, demonstrate the ability to adapt to local circumstances and rules.",Caderno CRH,Geral,nao identificado,,,,,,,,,,
319,Bolsa familia y la asistencia social en Brasil: de la lucha política a la mercantilización local,"Georges, Isabel P.H.; Ceballos, Marco",2014,,"The goal of this article is both theoretical and methodological: to contribute for a reflection in sociology regarding the use of social policies by showing that the study of a particular ""policy"", like Bolsa Família, requires a multiscaled investigation model which allows the capture of the many conflicts crossing its concretization from its creation until its spreading over the country. This way, as an exercise, the trajectory of the implementation of Bolsa Família is questioned, in two different moments, as to its political technology ""over"" and ""under"": as a governmental device (Foucault, 1976), emblematic during Lula's government, and as a device for the management of territory and population through externalization or assistance outsourcing. In both these moments, the social acquires value as political merchandise in different levels. We will show how the unfolding of social assistance policies happens in them: in the scope State and public, and in the scope of private, non-governmental territory and action. As to its concretization, we will show, from a case study done in São Paulo, the importance of following the rhythm of political production. Thus, we will highlight some of the central elements of what could be called the ""PSDB"" model, active in this city, as shown at the end of the article.",Caderno CRH,Geral,metodos mistos,,,,,,,,,,
320,Família e escola na socialização de meninas,"Perosa, Graziela Serroni",2007,,"This paper discusses the forms through which the education participates in the processes of social differentiation and construction of identities. It was focused on the school experience and the social paths of a group of former students of three feminine confessional schools of São Paulo, who left school around 1960. The methodological procedures included questionnaires, semi-structured in-depth interviews with former students, directors and former teachers, consults to school files and ethnographic observations. The social origin of the families and of the nuns were linked to the characteristics of the students' academic formation and their ways of professionalization. The results suggest that the uses of private schools by the families in Brazil result in a homogeneous educational experience that potentializes the effects of the educational process on the modality of incorporation of class and gender stereotypes.",Caderno CRH,Nível de rua,metodos mistos,,,,,,,,,,
321,Igualdade de gênero na administração pública: onde estão elas,"Silva, Rosenilda Freitas da; Stocker, Fabricio",2026,https://doi.org/10.1590/1679-395120250077,"Abstract The State Court of Accounts (TCE) carried out an operational audit of the Alfa State Government to evaluate the implementation of Sustainable Development Goal 5 (Gender Equality) regarding the proportion of women in management positions. The TCE presented a diagnosis to the governor, highlighting structural disparities such as the low number of women occupying strategic leadership positions and the underrepresentation of Black and Indigenous women in management. To develop the action plan requested by the auditors, the governor delegated the mission to João Pessoa, the Secretary of People Management. Simultaneously, João faces a profound ethical dilemma: his colleague Aniela, the Secretary of Administration, has been sexually harassed for two years by the Secretary of Human Rights, a close ally of the governor. A single mother from a humble background, Aniela hesitates to file a formal complaint, fearing retaliation and the loss of the position she fought so hard to attain. João, who is nearing retirement, also fears jeopardizing his own professional stability. Within this context, he convenes a multidisciplinary team to help him make a decision: to what extent is he willing to risk his reputation, stability, and retirement for a gender equity policy? This teaching case fosters critical reflection on the challenges managers face when formulating institutional policies for gender equity, addressing intersectionalities and ethical dilemmas. Furthermore, it introduces the concept of representative bureaucracy, underscoring the vital importance of diversity.",Cadernos EBAPE.BR,Geral,nao identificado,,,,,,,,,,
322,Capacidade estatal e desempenho na percepção dos burocratas brasileiros: desenvolvimento e validação de um modelo de equações estruturais,"GOMIDE, ALEXANDRE DE ÁVILA; MACHADO, RAPHAEL AMORIM; ALBUQUERQUE, PEDRO MELO",2021,https://doi.org/10.1590/1679-395120200159,"Abstract The study specified and validated a model derived from theoretical approaches in the literature to measure state capacities. Survey data were analyzed using structural equation modeling (SEM). The findings indicate that bureaucracy’s Weberian features are still a valuable reference for state capacity studies since bureaucrats’ professionalization and skills presented a positive and statistically significant effect on the state’s perceived performance. Concerning bureaucratic autonomy, the findings indicate that its effect on state performance is indirect, mediated by professionalization. Unlike theoretical predictions, we found no significant direct effects of bureaucracy relationships with non-state actors and of organizational resources for state performance. The article contributes to the literature by using data obtained directly from bureaucrats, developing and validating a replicable model that relates the different dimensions of the concept, and using SEM to estimate the effects of each of the concept’s dimensions of state capacity on the outcomes of State action.",Cadernos EBAPE.BR,Geral,quantitativo,,,,,,,,,,
323,Planejamento governamental nos municípios brasileiros: em direção a uma agenda de pesquisa,"LIMA, LUCIANA LEITE; LUI, LIZANDRO; DIAS, GIANNA VARGAS REIS SALGADO; PAPI, LUCIANA PAZINI; DEMARCO, DIOGO JOEL",2020,https://doi.org/10.1590/1679-395177989,"Abstract Brazil’s Constitution of 1988 gave municipalities the status of autonomous federated entities. They were assigned a series of responsibilities in the field of public policies, including the duty of preparing government plans. Before the constitution, planning and the state capability regarding this task were concentrated in the federal bureaucracy. In this institutional and organizational changing scenario, the objective of this article was to investigate the scientific production regarding municipal planning. A systematized search of articles was carried out on the Portal Periódicos Capes databases for the period 1995 to 2018. The results showed that the field is incipient, lacking theoretical and analytical regularity, privileges a normative bias, and is strongly based on approaches developed in the field of business administration. This study corroborates the relevance of this research agenda. It stresses the importance of local management for the federation and the protection of rights.",Cadernos EBAPE.BR,Geral,nao identificado,,,,,,,,,,
324,The mid-level bureaucrats’ performance: determinants of their activities and work relationships,"Cavalcante, Pedro Luiz; Lotta, Gabriela Spanghero; Yamada, Erika Mayumi Kasai",2018,https://doi.org/10.1590/1679-395167309,"Abstract Although scholars have been investigating bureaucrats for a long time, mid-level bureaucrats (MLB) have been far less studied in the literature. To fill this gap, this article explores MLBs heterogeneity regarding their profile, professional background and, above all, performance. The main goal is to investigate the determinants of bureaucrats’ performance, depicted by two crucial dimensions: the degree of MLBs relationship within public bureaucracy and complexity level of their activities. These skills are valued today with increasing importance in contexts of network governance and bureaucratic responsiveness. First, a descriptive analysis was undertaken of survey data collected in 2014 from federal mid-level bureaucrats in positions filled by appointment. This was followed by formulating synthetic indexes of two dimensions: bureaucrats’ activities and their work relationships. Subsequently, multivariate models were employed to explain the determinants of these dimensions. Empirical results show that the mid-level bureaucrats’ performance is both affected by the government’s structure factors as well as by their own individual characteristics. However, the variables effects vary considerably. The empirical evidence suggests that MLBs tend to be more connected and perform more activities as they hold higher positions filled by appointment, have a higher level of education and capacity to influence decision processes and work directly with policymaking, especially in social policy.",Cadernos EBAPE.BR,Geral,quantitativo,,,,,,,,,,
325,"Gestão social e cidadania deliberativa: uma análise da experiência dos Coredes no Rio Grande do Sul, 1990-2010","Allebrandt, Sérgio Luís; Siedenberg, Dieter Rugard; Sausen, Jorge Oneide; Deckert, Cristiele Tomm",2011,,"This article discusses the practice of social management in Regional Development Councils (Coredes) experienced in Rio Grande do Sul over the past twenty years. Social management, as understood here, requires the participation of civil society in public administration and development. The study uses the interpretative approach embedded in the paradigm of critical social theory, establishing a matrix of categories and subcategories of analysis that include the principles of inclusion, pluralism, equal participation, autonomy and the common good found in the concept of deliberative citizenship. The Coredes as institutional arrangements that work to promote development are potential public spaces for the practice of deliberative citizenship. If the participatory experiences are already significant locally, as in the case of municipal councils and participatory budgeting, they remain rare at the regional and state levels, this highlights the the importance of Coredes, still active after six state government mandates. Therefore, Coredes are processes and spaces for deliberative citizenship, which produce changes, albeit slowly, in the public perspective of individuals, in the culture of civil society, in the profile of the political society and in the modus operandi of bureaucracy and governments. Moreover, it is the dialogic process that needs to be continuously constructed and reconstructed by the participants to avoid the risk of corporate, political or administrative control through cooptation and manipulation, even in these incipient social management experiences.",Cadernos EBAPE.BR,Geral,nao identificado,,,,,,,,,,
326,Abordagens da administração pública e sua relação com o desenvolvimento em um contexto regional: o caso do Meio Oeste Catarinense,"Filippim, Eliane Salete; Rossetto, Adriana Marques; Rossetto, Carlos Ricardo",2010,,"This study aims to describe and analyze the perception of public mangers from one of the regions of Santa Catarina State (Brazil) concerning Public Administration practices and their relation with three of his forms of approach: Patrimonial, Bureaucratic and New Public Administration. A qualitative research was adopted, of a descriptive nature, and semi-structured interviews and observations were used. The interviews were transcribed and were analyzed to compare the data obtained with those of the literature. The findings showed that the beliefs and preferences of the Mid-west of Santa Catarina's managers had mainly adopted the Bureaucratic approach with its characteristics. However, this approach did not appear in its pure form, presenting a combination of remaining Patrimonial practices and some nuances of New Public Administration. It was concluded that the current vision concerning public administration reflects the attempt of municipal managers to deal with the pressure of the social environment in order to gain greater control of public expenses, resulting in its adhesion to the bureaucratic approach.",Cadernos EBAPE.BR,Geral,metodos mistos,,,,,,,,,,
327,Fatores que moldam o comportamento dos burocratas de nível de rua no processo de implementação de políticas públicas,"Ferreira, Vicente da Rocha Soares; Medeiros, Janann Joslin",2016,https://doi.org/10.1590/1679-395129522,"Abstract Implementation is the transformation of public policy objectives into concrete results delivered to citizens. The study of this process may be approached from the bottom-up or the top-down, or by some combination of these perspectives. From the bottom-up perspective, the frontline implementer (commonly called ""street-level bureaucrat"" in the literature on the subject), is regarded as a key element in the implementation process, due to his direct responsibility for policy execution. Thus, this article presents an analysis that addresses the work of this public servant during the implementation process, in order to systematize knowledge on the factors that influence how this work is carried out and indicate directions for further research. This analysis, based on survey and systematization of the literature on the subject, revealed that the behavior of a street-level bureaucrat is molded by personal, professional, managerial, and policy-related factors. The discussion of these factors is organized into six subsections: discretionary action; interaction with policy users; relations with the management system; accountability; self-interest; and standards, rules, beliefs, and values. In this sense, it was found that scientific research about the street-level bureaucrat is characterized by considerable fragmentation, with theoretical approach and focus of analysis varying in accordance with the interest of the respective researcher. Therefore, the article attempts to show how all of the different elements addressed in the literature are related and how they may affect the frontline implementer's behavior and the implementation process. Based on the analysis conducted, directions for further research are indicated.",Cadernos EBAPE.BR,Nível de rua,quantitativo,,,,,,,,,,
328,A atuação dos burocratas de nível de rua na implementação de políticas públicas no Brasil: uma proposta de análise expandida,"BONELLI, FRANCESCO; FERNANDES, ANTONIO SÉRGIO ARAÚJO; COÊLHO, DENILSON BANDEIRA; PALMEIRA, JAMILI DA SILVA",2019,https://doi.org/10.1590/1679-395177561,"Abstract This article analyzes the multiple dimensions of street-level bureaucrats’ action in the implementation of public policies in the Brazilian context. The study aims to contribute to understand the subject with an expanded analytical approach. Bibliographic research was carried out in academic digital databases, identifying and selecting national and international works, according to methodologically defined criteria. The publications were analyzed and organized according to the following conceptual categories: discretion, structures, individual action, and relations. From the tension regarding rules and discretion in public administration, the analysis and interpretation of these works showed: a) the need to compare, separately and jointly, three different perspectives of street-level bureaucrats’ action (structural, individual action and relational perspectives); b) the need to understand the relationship of these perspectives in the implementation process itself. After the bibliographic review, hypotheses were formulated for an expanded analysis of the policy implementers’ action, suggesting lines for future research on the subject. This article contributes to the debate on the subject with an unprecedented theoretical construct that seeks to integrate the three different analytical perspectives presented in a dialectical synthesis of the central concepts of the literature on street-level bureaucrats’ implementation of public policies.",Cadernos EBAPE.BR,Nível de rua,quantitativo,,,,,,,,,,
329,Valorização do tema “Responsabilidade Social” em Instituições de Ensino Superior? Análise de cursos de Administração no estado do Rio de Janeiro,"Serao, Luiz Antonio Jucá; Oliveira, Fátima Bayma de; Pires, Mirian Albert; Sant’Anna, Anderson de Souza",2017,https://doi.org/10.1590/1679-395160284,"Abstract This paper aims to analyze the recognition of the theme “social responsibility” in undergraduate courses in Business Administration offered by higher education institutions (HEIs) in the State of Rio de Janeiro, from the viewpoint of course coordinators, students and student organizations that undertake social practices. A qualitative survey was conducted by applying 14 (fourteen) in-depth interviews with the coordinators, directors, professors and representatives of students social organizations. In addition, 15 (fifteen) questionnaires were completed by students who worked in the surveyed social organizations. The empirical results reveal that there is still a long way to go for Social Responsibility to be effectively included in the mandatory study program of the surveyed courses in Business Administration. In most cases, disciplines addressing social responsibility are optional (in private HEIs) or non-existent (in public HEI). Nevertheless, there is a notable increase in the number of students working in student organizations and engaged in social practices, which represent an opportunity for students to get work experience in the subject. However, this is still a small percentage, considering the amount of students registered on undergraduate courses in Business Administration. The findings also reveal that the main causes of this poor involvement of students in social entities are associated with bureaucracy as well as with the low recognition HEI give to social organizations.",Cadernos EBAPE.BR,Nível de rua,metodos mistos,,,,,,,,,,
330,Why is it so hard to belong? The difficulties of refugees in their integration processes within Brazilian society and labor market,"TEIXEIRA, ANA CHRISTINA CELANO; SILVA, ELIANA CRISTINA MOTTA DA; BALOG, DANIELA LONGOBUCCO TEIXEIRA; SÁ, BIANCA",2021,https://doi.org/10.1590/1679-395120200016,"Abstract The world has recently witnessed a social phenomenon that has been present during the entire history of humanity, but has now taken on greater proportions and impact: the large population displacements of refugees. According to the United Nations, more than 75 million people were in this situation worldwide at the end of 2017, a figure never observed before (UNHCR, 2017). Since 1951, more than 147 countries, including Brazil, have signed the United Nations Refugee Convention, which established obligations for signatory governments to provide refugees with legal and safe working conditions. Considering this context, this study aims to investigate the perceptions of refugees of different origins regarding the processes and difficulties of integrating into Brazilian society and labor market. The processes deal with bureaucratic barriers, cultural differences, ethnic-racial issues, and language, among others. The study uses a qualitative approach consisting of eight interviews in the city of Rio de Janeiro with refugees of a variety of nationalities and both genders. The results show that these respondents perceive a gap between public policies and practices involving refugees in the workplace, and also discrimination by the population, employers, and authorities, describing a multicultural rather than an intercultural context. Despite these challenges, respondents say they intend to continue living and working in Brazil.",Cadernos EBAPE.BR,Geral,metodos mistos,,,,,,,,,,
331,Os desafios do controle interno governamental diante da reforma do estado: o caso do programa de modernização do controle interno do estado da Paraíba (Promocin),"Toscano Jr, Eudes Moacir; Leitão, Carla Renata Silva",2006,,"The present research aims to make a comparative study between the activities defined in the component Auditing and Internal Control of the Program of Modernization of the Internal Control of the State of Paraíba - PROMOCIN, coordinated by the Secretaria do Controle da Despesa Pública, and the defined guidelines launched by the process of Reform of the Brazilian State for implanting the paradigm of the Managerial Public Administration in the Public Sector. The work was carried out through bibliographical and documental approaches concerning the chosen theme, which evidenced the existent compatibility between the mentioned activities carried out by the PROMOCIN, and the international and national current tendency established by the Reform of the State, for the profile of the auditing and internal control entities of the government sphere, which tend to establish a pattern of ex post internal control management, clearly focused on the evaluation of the results of the application of public resources rather than on the mere accomplishment of insufficient bureaucratic formalities, in order to reinforce the efficacy and efficiency in the administration of the public finances.",Cadernos EBAPE.BR,Geral,nao identificado,,,,,,,,,,
332,Escala de competências gerenciais para o setor público,"FREITAS, PABLO FERNANDO PESSOA DE; ODELIUS, CATARINA CECÍLIA",2022,https://doi.org/10.1590/1679-395120210050,"Abstract The people management area lacks instruments to carry out valid and accurate diagnoses. Many available tools to measure managerial competencies in the public sector are limited to a public segment or neglect important managerial aspects, or still do not present items in the observable behavior format (verb + object + criterion or condition), making difficult diagnoses and comparisons. In view of this gap, this study aimed to develop a managerial competence scale for the public sector and present evidence of its validity. The scale was developed based on a literature review, content analysis with a posteriori categorization, evaluation made by judges, pre-test, two data collection from 1,376 subjects, from which 724 were civil servants of different bodies and another 652 specifically of the Superior Court of Justice (STJ), besides the validity and trustworthiness verification in three studies: one using exploratory factorial analysis (EFA) and two using confirmatory factorial analysis (CFA). The EFA presented three factors: Processes and Results; Human Relations and Innovation; and Public Interest, with a Total Variance Explained of 83.93%. The CFA, in the general context and in the STJ, had good rates of adjustment after some changes that made the instrument more parsimonious, with 29 items. The reliability analysis showed an average α of 0.953. The factors are backed by the literature and value the singularities of the public sector. From a practical point of view, the study allows diagnoses and research on the competencies of public managers from different Powers, segments, positions, and hierarchical levels, enabling inter-institutional comparisons.",Cadernos EBAPE.BR,Geral,metodos mistos,,,,,,,,,,
333,Consciência política e participação dos representantes da sociedade civil no Conselho Municipal de Assistência Social de Vitória - ES,"Dau, Arthur Gomes; Palassi, Márcia Prezotti; Silva, Marta Zorzal e",2019,https://doi.org/10.1590/1679-395169859,"Abstract This article aims to understand the political awareness and the participation of members and deputy members representing civil society in the Municipal Council of Social Assistance of Vitória (ES). The discussion is based on the political awareness model for understanding participation in collective actions developed by Sandoval (2001). It is a qualitative research, with data obtained through analysis of documents, non-participant observation in the council’s plenary sessions, and semi-structured interviews with eight members and deputy members representing civil society in the Municipal Council of Social Assistance. The data collected was then submitted to content analysis (BARDIN, 2004). The subjects studied represented three different segments of civil society and the results revealed different forms of political awareness between them: representatives of social services users were more sensitive to aspects such as collective identity, political efficacy, and justice and injustice. Representatives of nonprofit showed to be more sensitive to aspects such as collective identity, antagonistic and opposing interests, and political efficacy. Representatives of the workers in the field of social services demonstrated sensitivity toward political efficacy and justice and injustice. The conclusion is that different political awareness influences how: representatives of workers participate in a limited way to the plenary sessions, and more on thematic commissions and providing technical support to nonprofits. Representatives of service users participate more comprehensively in social movements, neighborhood associations, and demanding for social services from the public administration. Representatives of nonprofits participate in social movements, in activities related to the public administration and in activities involving the nonprofits’ beneficiaries.",Cadernos EBAPE.BR,Geral,qualitativo,,,,,,,,,,
334,Governance arrangements for socio-environmental sustainability in the implementation of large infrastructure projects in the Brazilian Amazon,"PEREIRA, ANA KARINE; GOMIDE, ALEXANDRE DE ÁVILA; MACHADO, RAPHAEL; IBIAPINO, MARCELA",2023,https://doi.org/10.1590/1679-395120210073x,"Abstract This article explores governance arrangements’ conditions to attend socio-environmental demands from local communities in the context of megaprojects. Specifically, we investigate how the causal conditions “social participation effectiveness,” “political entrepreneurs,” “governmental coordination,” “public budget,” “political priority,” and “administrative capacity” are mobilized in sustainable territorial development plans - governance arrangements to attend socio-environmental demands - in the context of infrastructure megaprojects in the Brazilian Amazon. We applied Mill’s method of difference to compare the role of these conditions in processing five socio-environmental demands claimed in the context of the implementation of the Belo Monte hydroelectric plant and paving BR-163. The results indicate that the relevance of these conditions depends on context, and only the condition “social participation effectiveness” was shared by all the successful cases.",Cadernos EBAPE.BR,Alto escalão,nao identificado,,,,,,,,,,
335,Capacidade institucional: uma revisão de conceitos e programas federais de governo para o fortalecimento da administração pública,"Fernandes, Fabiana Silva",2016,https://doi.org/10.1590/1679-395128311,"Abstract This article is a review of concepts on institutional capacity and some federal programs deployed to strengthen the institutional capacity of states, municipalities, and public administration bodies. For preparing this paper, a bibliographic and documentary survey was made on, respectively, the concept of institutional capacity and the programs and actions taken by the federal government to strengthen its institutional capacity. It was found that the concept has a polysemic and pragmatic nature and it was designed to measure and devise strategies to strengthen the capacity of institutions. Similarly, the existence of close ties between institutional capacity and planning and management capacity with regard to public policies was noticed.",Cadernos EBAPE.BR,Geral,quantitativo,,,,,,,,,,
336,Cultura organizacional e avanço do management na Marinha do Brasil,"Santos, Maria de Fátima Bandeira dos; Fonseca, Ana Carolina Pimentel Duarte da; Sauerbronn, Fernanda Filgueiras",2014,,"This article addresses the advance of the North-American managerialism and its reflections on the Brazilian public administration. More specifically, the focus lies on introducing management culture by means of the new system of costs, presented by the Federal Government as a way to support decision-making and effective allocation of public spending. The Brazilian Navy and Military Organizations Providing Services (MOPS) are immersed in this context that reproduces in an uncritical way management models and disregards aspects related to organizational culture. Therefore, the research aims to investigate how the cultural characteristics of a MOPS get close to or far from those required for adopting the variable cost method. The study was conducted through field research, with in-depth interviews. Subjects' speeches underwent content analysis and, in order to avoid a monolithic and simplified approach to organizational culture, they were grouped according to the multiparadigm approach proposed by Meyerson and Martin (1987). The results suggest that professionalism and creativity have been promoted within the organization. However, these characteristics, which are in line with the cult of excellence aligned to management, oppose some peculiarities of MOPS, such as observing hierarchy and discipline. Hierarchy and discipline hinder decentralization, delegation, and implementation of the result assessment and control culture. Finally, it is argued that a result control approach, in line with the management principles, shows up as not suited to MOPS, and there is a need to retrieve alternative rationality notions that observe local knowledge.",Cadernos EBAPE.BR,Geral,qualitativo,,,,,,,,,,
337,Gestão de políticas sociais: a importância das articulações institucionais e setoriais em programas de segurança alimentar e nutricional,"Mafra, Luiz Antonio Staub; Naves, Flavia Luciana",2009,,"The decentralization of both responsibilities and power for the cities to implement some of the policies that were exclusive responsibility of the federal government before shows that this process, even when bringing advances in what is related to the democratization, resulted in difficulties for local governments, especially when considering the complexities that are inherent to social policies. The formulation and implementation of programs of food and nutritional safety, a matter that has been increasingly emphasized in the realm of public policies, especially of city government, generates many challenges, forcing the governors to create specific articulations among government's sectors and parts, civil society and private sphere. The objective of the article is to contribute for the discussion about the importance of the construction of these arrangements from a case study carried out in the city of Belo Horizonte.",Cadernos EBAPE.BR,Geral,qualitativo,,,,,,,,,,
338,A administração pública e a educação ambiental no Programa de Gestão Integrada de Resíduos Sólidos: uma reflexão de uma experiência local,"Vieira, Jane Eyre G.; Echeverría, Agustina Rosa",2007,,"This study discusses the Program for the Integrated Management of Solid Residues (PGIRS) starting from anexperience in Quirinópolis (Goiás), which was accompanied by the Caixa Econômica Federal. It proposes Environmental Education as a strategy for improving results. The PGIRS Brazilian Federal Government's aims at contributing to the Public Administration of the Municipality in its efforts to solve environmental problems generated by urban waste. It also hopes to promote the participation of local agents in setting up the program, while at the same time, presenting the limitations involved in carrying it out.",Cadernos EBAPE.BR,Geral,nao identificado,,,,,,,,,,
339,Conselhos gestores de políticas públicas: aspectos teóricos sobre o potencial de controle social democrático e eficiente,"Gomes, Eduardo Granha Magalhães",2015,https://doi.org/10.1590/1679-395123196,"Abstract:The proliferation of management councils of public policies gives rise to assessing their potential to deepen the democratic contents of the public management and increase the effectiveness of public policies through social control. With this purpose, this theoretical essay opposes the representative and deliberative dimensions in democracy to criticism against the representative system and the democratic method of aggregating preferences, and it also analyzes the propensity for government accountability as for the signalization of policies processed by the council. Argumentation relies on significant international studies about the models of representative and deliberative democracy and on dialogue with Brazilian studies addressing the theme social control. It is concluded that the councils have potential to foster a democratic deepening in management of public policies, particularly by strengthening conditions that enable an egalitarian decision-making process. Nevertheless, such potential is closely related to the geographical domain and the sectoral scope: municipal participatory bodies with an only scope have greater democratic potential than national bodies having a broader range of themes. In any case, making this potential a reality is conditioned to institutional arrangements that enable incentives to ensure the legitimacy of representatives both of the civil society and the government, the egalitarian decision-making process, and the availability of tools to enforce council's decisions. This article hopes to contribute to developing the analytical tools needed to study the councils and build effective institutional arrangements of these bodies vis-à-vis their democratic and effectiveness goals.",Cadernos EBAPE.BR,Geral,quantitativo,,,,,,,,,,
340,Participação social na Conferência Municipal de Olinda: mito ou realidade?,"Pacheco, Flávia Lopes; Silva, Ana Beatriz Nunes da; Nogueira, Alessandra Cabral",2007,,"The manifestations occurred in Brazil, at the end of the 80's, symbolized the interest in promoting a new meeting between State and society. The government of Lula brought new hopes for society and developed a new model of societal management in Public Administration. The objective of this paper is to analyze whether these practices developed by the Brazilian Ministry of Culture (through the I Cultural Municipal Conference of Olinda, occurred in 2005), can characterize a bigger social participation in the management of the politics of national culture. We tried to understand whether these practices are being developed from the participation of both the federated beings and society for the development of a national public politics. We concluded that, although the current government possesses a different speech, not seeming to focus on economic neo-liberalism and searching to accomplish society action, is still far from promoting a full social participation. It's necessary to analyze the Brazilian democratic process carefully, since it is not easy to share power.",Cadernos EBAPE.BR,Alto escalão,nao identificado,,,,,,,,,,
341,Ranking de transparência ativa de municípios do Estado de Minas Gerais: avaliação à luz da Lei de Acesso à Informação,"ALVES, JOSIAS FERNANDES; MIRANDA, ADÍLIO RENÊ ALMEIDA; TEIXEIRA, MARCO ANTONIO CARVALHO; SOUZA, PAULO ROBERTO RODRIGUES DE",2021,https://doi.org/10.1590/1679-395120200135,"Abstract Active transparency is a dimension of public transparency provided for in the Right to Information Act, which provides for the disclosure of non-confidential information by public agencies, regardless of requests. This article aims to evaluate the online portals of a random sample of 197 municipalities in the 13 geographic regions of the state of Minas Gerais, with over 10,000 inhabitants, using the General Active Transparency Index (GATI), calculated based on the law and the principles of open government data. The Evaluation of Active Transparency for Public Entities, developed by the Public Transparency Program of Fundação Getulio Vargas was adapted and used for the study. The ranking shows that 72% of the portals are rated below 50, on the maximum scale of 100. There is also a large disparity between scores and the trend of greater transparency in the most populous cities, equal to or greater than 60. The results confirm previous studies that indicate high levels of opacity in the local public administration, mainly in smaller municipalities. The study contributes to the still relatively scarce literature about transparency at the municipal level, in the light of the principles of open government data, in the Brazilian state with the most municipalities.",Cadernos EBAPE.BR,Alto escalão,nao identificado,,,,,,,,,,
342,Os programas de integridade pública no Brasil: indicadores e desafios,"BARRETO, RODRIGO TAVARES DE SOUZA; VIEIRA, JAMES BATISTA",2021,https://doi.org/10.1590/1679-395120200069,"Abstract This article describes the public integrity programs implemented by the Brazilian direct public administration, to compare their practices with the international anti-corruption regime. The study analyzed 12 public integrity programs implemented by federal, state, and municipal governments. Following the practices provided for in the national and international anti-corruption regime, each program was analyzed using 36 indicators, grouped into 9 guidelines. The results indicate that, although there is still a small number of programs, on average, 70% of the practices provided for in these regimes are observed at least partially. The evidence points out that the main challenges for improving these programs are the adoption of prior checks, the appropriate combination between the channels of complaints and internal investigations, and the promotion of institutional capacities. The study describes the practices that public integrity programs adopt through a set of indicators that can be compared and replicated in future research on the topic.",Cadernos EBAPE.BR,Geral,nao identificado,,,,,,,,,,
343,"El nuevo municipalismo y la gestión de lo común: la experiencia de la Red de Municipios Cooperativos (República Argentina, 2016-2022)","García, Ariel Oscar; Tarsia, Aldana García",2024,https://doi.org/10.1590/1679-395120230022,"Abstract This article aims to present an experience of public policy generation, elaborating on the exchange between local bureaucracies and the cooperative sector under the precept of generating an economic dynamic associated with cooperative local purchases, in which credit is a relevant dimension for the generation and maintenance of local sources of employment and the strengthening of the municipal economic structure. The new municipalism as a theoretical approach allows the conceptualization of the Red de Municipios Cooperativos of the Argentine Republic as a tool for community governance and urban management. Through primary sources (semi-structured interviews and field observations) and secondary sources (academic bibliography and official reports), the history of the Red de Municipios Cooperativos is reviewed (from 2016 to the present) and its limitations and potentialities are analyzed regarding the improvement of the sustainability of the associative experiences that access the financing for local purchases within the framework of the network. Regarding the conclusions, the capacity of initiatives at the local level to strengthen municipal economies autonomously from national public policies stands out.",Cadernos EBAPE.BR,Alto escalão,qualitativo,,,,,,,,,,
344,Processos urbanos e gestão local: os casos de Ribeirão Preto e Piracicaba entre o empresariamento urbano e o Estatuto da Cidade,"Terci, Eliana Tadeu",2018,https://doi.org/10.1590/1679-395166549,"Abstract This article is the result of a comparative study of urban processes in municipalities in the interior of the state of São Paulo since the City Statute (Federal Law 10,257 of 2001, which regulates articles 182 and 183 of the Federal Constitution of 1988, related to urban policy). The main variables in the study are: (i) the urban impacts of the production restructuring of the sugarcane agroindustry and (ii) the actions of the public and private actors in the urban configuration and city management. The process of financialization of the world economy since 1990 imposed the reduction of the State, intensified international competitiveness, promoting a broad process of production restructuring and the internationalization of the Brazilian agribusiness, impacting the territories integrating the commodities production chains. The cities became protagonists and their advantage in terms of location has been used by the public and private sectors in order to attract business characterizing urban entrepreneurism. Concomitantly, the implementation of the City Statute subordinated urban dynamics to the social function of property and to urban inclusion. This contradiction is analyzed using as reference two municipalities located in two sugarcane regions of the state of São Paulo: Piracicaba (older city) and Ribeirão Preto (more dynamic) analyzing data from the last decades. Through the analysis of demographic, socioeconomic and public spending data, it was found that urban entrepreneurism has been the hallmark of municipal management, ignoring the City Statute and the regulation established by the master plans, which have been systematically modified to meet the economic imperatives and real estate expansion.",Cadernos EBAPE.BR,Geral,nao identificado,,,,,,,,,,
345,Isomorfismo e variação da gestão escolar na rede pública brasileira de Ensino Fundamental,"Versiani, Ângela França; Monteiro, Plínio Rafael Reis; Rezende, Sérgio Fernando Loureiro de",2018,https://doi.org/10.1590/1679-395165934,"Abstract This article discusses the homogeneity and variety of the network of the public education network of Brazilian elementary schools. The theoretical background is based on the contemporary institutional perspective debate about the homogeneity and variation of the organizational field. The study addresses a gap in the literature by focusing on how much structural forms are isomorphics in one organizational field as well as identifying their social consequences. From this, two propositions are presented. The first assumes that there is one educational management model spread in the public education network and the second points to variations related to the performance of schools. A survey was applied to 551 teachers from the municipal network of education of Belo Horizonte (MG). The results show that there is isomorphism in the educational management model based on values of dialogue and participation. However, there are also variations in this model, which are associated to the performance of schools. The article’s main theoretical contribution is the identification of the institutional logics present in an organizational field and its consequences to the organization.",Cadernos EBAPE.BR,Nível de rua,quantitativo,,,,,,,,,,
346,"Quando ""feds"" e ""locals"" não falam a mesma língua: uma análise sobre dissonâncias na cooperação federativa","Grin, Eduardo José; Abrucio, Fernando Luiz",2017,https://doi.org/10.1590/1679-395164940,"Abstract The article discusses the problems that may appear in the federative cooperation between the central level and municipalities and generate divergence around offered programs. Empirically, we analyze the National Program of Support to Fiscal and Administrative Management of Brazilian Municipalities (PNAFM) turned to modernize municipal management because it permits to evaluate the contrasting viewings between federal agencies (Department of the Treasury (MF)/Caixa Econômica Federal (CEF)) and municipalities. Theoretically, the argument to be discussed is that the existence of contradictory positions between federal agencies offering programs and local governments as recipients may create federative dissonances that result in low performance in terms of adhesion from subnational governments. This is a qualitative (we did interviews and documentary analysis) and quantitative research (we applied a survey in Brazilian municipalities and compiled information of the signed contracts according to reports obtained with the CEF. It was found that the federative dissonance expressed through numbers of municipal adhesion and by the opposed viewings of the feds and locals as the interviews with representatives of MF, CEF and municipalities. In terms of intergovernmental cooperation to promote municipal state capacities the analyzed case evidences as the optimism and capacities of enforcement from federal managers can approach the ambition of goals of a program with the failures of implementation and timidity of reached results.",Cadernos EBAPE.BR,Nível de rua,metodos mistos,,,,,,,,,,
347,Os conselhos gestores municipais como instrumentos da democracia deliberativa no Brasil,"Silva e Oliveira, Virgílio Cézar da; Pereira, José Roberto; Oliveira, Vânia A. R. de",2010,,"The collective management of public policies requires new relationships, both democratic and dialogical, between society and the State. It also requires the construction of institutional structures that are capable of sustaining it and of strengthening non-state public spaces. In municipal boundaries, the management councils are important players in these processes. From these considerations, this essay discusses some assumptions so that they are, in fact, foundations of deliberative democracy - understood as a method for formation of collective decisions by means of dialogue between politically equal individuals. In order to organize the argument, the conditions of effectiveness were divided into three categories. The first concentrates on elements related to the formal organization of councils. The following discusses aspects relating to their deliberative process. Issues concerning the connection of councils with social groups and local powers lie within the latter category.",Cadernos EBAPE.BR,Geral,nao identificado,,,,,,,,,,
348,Sistema Nacional de Cultura: a tradução do dinâmico e do formal nos municípios da região Sul,"Carvalho, Cristina Amélia; Silva, Rosimeri Carvalho da; Guimarães, Rodrigo Gameiro",2009,,"The trajectory of public policy culture in the country since the Vargas era to the present time to institutionalization of the National Culture System (CNS), highlights the struggle that confronts the social agents who struggle to preserve the hegemony of an exclusionary model and those who defend the culture as a social right. The construction and implementation of the system by its own logic, can only come from the national mobilization of state and local leaders of culture and civil society. The CNS involves organizational and institutionalized systems in 3 federal levels, a joint institution governed by regulations, instruments, apparatus and negotiations. Our reflection on the construction of the CNS considers the information on the dynamics, the cultural apparatus, and the institutional culture in the municipalities, collected by the IBGE. We interpret and discuss data from the South Region to identify the potential of cities and the needs that come to the realization of a complex system of management and public policy. This discussion allows us to some projections about the size of the task to mobilize the vast majority of municipalities in the country in the deconstruction of traditions rooted in governance. In this sense, is from the pedagogy of the oppressed and education as a practice of freedom of Paulo Freire, that planning situational Matus could act as a critical approach to social reality, and appropriation of planning as a tool of political struggle in the social policy culture. We believe that this is an opportunity to experience the creative dialogue that co-produce knowledge from a counter-hegemonic position and to escape the naturalization of concepts from the area of management, are not suitable to a dynamic reality that does not need to repeat the dominant models business and management.",Cadernos EBAPE.BR,Geral,nao identificado,,,,,,,,,,
349,Proposição de um modelo de gestão sustentável e competitivo para o artesanato,"Leite, Anderson Aquiles Viana; Sehnem, Simone",2018,https://doi.org/10.1590/1679-395164057,"Abstract The purpose of this article is to identify the essential characteristics necessary to the proposal of a model of sustainable and competitive management for the crafts managed by the Brazilian municipality of Chapecó, Santa Catarina. It is aligned with the theoretical precepts of Administration which have been structured as dimensions of analysis: Management, Crafts, Sustainability and Competitiveness. The methodology used is based on a qualitative approach with the support of descriptive statistics, which has been applied to a survey of 156 accredited artisans, managers and employees of a city government organization that coordinates this craftwork. This study analyzes artisans to explore their profiles and the organization’s characteristics to address aspects of the way in which artisans perform their crafts and evaluates the way that they are managed from the point of view of the artisans. The results make it possible to construct the proposed management model using the following dimensions: values, relationships, processes, actions and results. Our survey of sustainable and competitive elements includes management, its implementation and the monitoring process. Thus, we conclude that utilizing this model with support from the science of Administration can contribute to professionalizing craft management to raise its competitiveness and address aspects of sustainability.",Cadernos EBAPE.BR,Geral,metodos mistos,,,,,,,,,,
350,Cooperação internacional e desenvolvimento: análise da atuação de agências internacionais em Duque de Caxias (Rio de Janeiro),"Milani, Carlos R. S.; Loureiro, Julio Cesar de S.",2013,,"Considering that international development cooperation is a political field whose main philosophical tenets (the belief in progress, hope as endeavor or policy imperative, the development goal) bring about relationships of asymmetry, hierarchy and dependence, this article presents and discusses the results of an empirical research conducted in Duque de Caxias between September 2010 and January 2012 in order to answer two major questions: what do practices of international agencies currently active in Duque de Caxias reveal in political and institutional terms? What does the local context of this municipality situated in the metropolitan region of Rio de Janeiro illustrate about the trends analyzed by the more critical literature on the role of development cooperation agencies? Building upon the work of critical analyses of international agencies' political role (such as B. Cooke, W. Easterley, A. Escobar, T. Hayter or G. Rist), this qualitative research describes and analyzes modes of actionof these agencies, be they bilateral or multilateral governmental organizations, private foundations, charitable organizations or voluntary associations in the definition and implementation of development strategies in Duque de Caxias. This article concludes that international agencies seldom act at the city level, limiting themselves to participation in the design of specific development projects and exercise of their power to influence public policy agendas at the local level.",Cadernos EBAPE.BR,Geral,metodos mistos,,,,,,,,,,
351,Desenvolvimento local e estratégia de pequenos empreendimentos agroindustriais - a lógica da cooperação e do associativismo: o Pacto Fonte Nova,"Sausen, Jorge Oneide; Patias, Ivete Aparecida; Allebrandt, Sérgio Luís",2011,,"This study is about the Fonte Nova enterprise, which is an associative organization linked to a local development project instituted from a cooperative work involving the local government, strategic leadership of the city of Criciumal-RS and the productive forces of this local. The objective of this study is to analyze and understand the process of creation and development of this enterprise and the relationships between this project and the local and regional process of development. The analysis was based on a methodological research guideline - the longitudinal, historical and contextual approach - which seeks to understand the evolutionary process of structuration and change of an organization, considering three fundamental elements: the contents of change, its context and its implementation process. Thus, this is a qualitative study. The results reveal that the Fonte Nova agreement was an interesting initiative of local development, since it instituted a process of articulation between the leaderships and the economical and political forces of a city that was economically stagnant and inert, concerning alternatives that could reverse the incredulity and prostration that was commonplace among the population. However, this agreement, which was an important project to revitalize local development and which allowed a new dynamic of agreement between the political and economical agents of the city, also presented a number of problems and obstacles that prevented an even more expressive result of this initiative of development, conceived from an action centered on the purpose of cooperation, solidarity and association.",Cadernos EBAPE.BR,Geral,qualitativo,,,,,,,,,,
352,Desenvolvimento territorial sustentável e desafios postos por megaempreendimentos: o caso do município de Itaguaí - RJ,"Santana, Jeferson Simões; Guedes, Cezar Augusto Miranda; Villela, Lamounier Erthal",2011,,"This article aims to study the role of local authorities and civil society in building territorial sustainability in the implementation processes of mega-projects in the town of Itaguaí-RJ. Therefore, it describes the impact of changes brought about by large enterprises in the territory under study. It examines the role of local governments when it comes to mitigating the undesirable effects and giving a boost to those aspects of growth that help to improve living conditions and the sustainability of the town. As a result there is a lack of instruments for dealing with technical and political interests and strategies of the central government and capital involved, especially regarding the ability to monitor actions involving issues such as discrepancies between the duration of mandates for mayors and maintained long-term planning by firms. The study also found a shortage of trained local organizers to promote actions in support of governance, participatory social management, social and territorial cohesion, sustainability, inclusion and the economic well being of the territory in question.",Cadernos EBAPE.BR,Geral,quantitativo,,,,,,,,,,
353,Gestão social dos territórios da cidadania: o zoneamento ecológico-econômico como instrumento de gestão do território noroeste de Minas Gerais,"Pereira, José Roberto; Ferreira, Patrícia Aparecida; Boas, Ana Alice Vilas; Oliveira, Elias Rodrigues de; Cardoso, Raquel Finamor",2011,,"The territorial approach has become a reference for studies on development and social management, as it breaks with the anachronistic idea that development is restricted to economic growth, since it incorporated other dimensions such as the social, political, institutional and environmental. Thus, the aim of this paper is to show that the results of Ecological-Economic Zoning (EEZ) is an instrument of social management for the northwest territory of Minas Gerais state, Brazil. The EEZ is expressed by the Ecological-Economic Index (EEI), formed by integrating two indices: the social potential of cities and natural vulnerability. For this article, we present the results of the social potential of the cities in the form of tables, charts and maps. The Potential Social Index (PSI) is formed by 36 institutional and socioeconomic indicators grouped into four components: production, natural, human and institutional resources. The results of EEZ-MG do indeed show that it is an instrument of social management of citizenship because they represent public accountability and transparency, and the construction of a social pact for development through socioeconomic indicators. The EEZ-MG is a tool for the third sector, public sector and the market to integrate public decision-making at the municipal, regional, state and federal levels.",Cadernos EBAPE.BR,Geral,quantitativo,,,,,,,,,,
354,Inovação na perspectiva dos inovadores: a experiência do Programa Gestão Pública e Cidadania,"Spink, Peter",2003,,"The Public Management and Citizenship Program was set up in 1996 as a joint initiative of the Ford Foundation and the Getulio Vargas Foundation with the added support of the BNDES. Its objective is to identify and disseminate information about innovative practices in sub national governments in Brazil that improve the quality of public services and produce a positive impact on the construction of citizenship. In the programs eight years to date, some 6,200 different experiences have been identified coming from state and local governments and the governments of the indigenous peoples. In this paper the theme of innovation is discussed using as a basis the answers of the different programs, projects activities to the same question. The result offers a new perspective of the discussion of the differences between innovations and ""best practices"".",Cadernos EBAPE.BR,Geral,nao identificado,,,,,,,,,,
355,Ethos do trabalho no Agreste das Confecções,"Santos, Elisabeth Cavalcante dos; Pereira, Ana Márcia Batista Almeida; Helal, Diogo Henrique",2022,https://doi.org/10.1590/1679-395120210034,"Abstract This teaching case, adapted from the documentary “I’m saving myself for when the carnival arrives,” directed by Marcelo Gomes and launched in July 2019 in Brazil, has the main objective of discussing the different ethos of work existing in the clothing industry in the region of Agreste Pernambucano from the narratives of male and female workers in the city of Toritama-PE. The teaching case also allows analyzing the repercussions of the absence of the government and the fragmentation of the narratives about work for men and women in the region. The narratives are gathered from Léo, the main character of the documentary. The dilemma of the case refers to the question “what makes people work with jeans in Toritama?”, which Léo seeks to answer throughout the documentary. The case can be used by professors who work in the undergraduate course in administration, in the disciplines of sociology and labor relations.",Cadernos EBAPE.BR,Nível de rua,nao identificado,,,,,,,,,,
356,O estudo da Administração Pública e o despertar de Ruy Mauro Marini para o pensamento crítico,"Marini, Caio; Tenório, Fernando G.",2022,https://doi.org/10.1590/1679-395120220245,"Abstract This article seeks to relate the intellectual trajectory of Ruy Mauro Marini with his study of public administration. This relationship is delimited by the period 1955-1958, in which Marini studied at the Brazilian School of Public Administration (EBAP) of Fundação Getulio Vargas (FGV) and graduated with a bachelor’s degree in public administration. Marini’s intellectual trajectory was influenced by the subjects related to social sciences he was interested in and by the contact with the school’s professors - particularly Alberto Guerreiro Ramos. This article has no intention to offer a biography and focuses on discussing a particular moment in Marini’s intellectual life that he considered opened up a new era in his life.",Cadernos EBAPE.BR,Nível de rua,nao identificado,,,,,,,,,,
357,Resilience and permanence of public values: an analysis of administrative contracts in Brazil,"GUARIDO, FERNANDA ALVES ANDRADE; NOGUEIRA, ELOY EROS DA SILVA; SARAIVA, MAYLA CRISTINA COSTA MARONI",2021,https://doi.org/10.1590/1679-395120200199,"Abstract This article analyzes the resilience of the public values in the Brazilian public administration’s management models, considering the rules adopted in administrative contracts. This sociological research argues that such public values reflect society’s normative and cultural standards. The study’s theoretical relevance lies in its contribution to understanding the cultural dimension of Brazilian society, recognizing that the law reflects normative standards given the environment in which it is elaborated and enforced. In practice, the study seeks to foster the comprehension of rules, their purposes, and the public ethos that gives identity to the administration. The values attributed to the management models observed in a historical framework were dialogicity, modernization, efficiency, productivity, and professionalization. Finally, administrative contracts are technologies with characteristics of historical models of public management and represent a normative standard that needs improvements.",Cadernos EBAPE.BR,Geral,nao identificado,,,,,,,,,,
358,Missionários americanos na Bahia: o bacharelado em administração da Escola de Administração da UFBA,"Bertero, Carlos Osmar; Barros, Amon; Alcadipani, Rafael",2019,https://doi.org/10.1590/1679-395164890,"Abstract This work uses historiography to analyze how the US foreign aid supported the creation of UFBA School of Administration. The FGV’s São Paulo School of Business Administration (EAESP) contributed in the initiative, and was considered as the disseminator of the American model for schools of administration in Brazil. After reading the documents produced by the American mission in Bahia, as well as other historical sources, especially the book on Bahia’s school of administration’s history (SANTOS, BARRETO and BARRETO, 2009) we concluded that the American strategy faced many obstacles. The missionaries were not aware of the idiosyncratic structures in Brazilian universities. They also had to deal with the local interests towards a program that had different characteristics from the EAESP’s model experienced before, especially the characteristics of a Bachelor’s degree in public administration and the role of the Brazilian state in regulating education and economy.",Cadernos EBAPE.BR,Nível de rua,quantitativo,,,,,,,,,,
359,Contribuição do Cadernos Gestão Pública e Cidadania para a institucionalização do Campo de Públicas no Brasil,"Farah, Marta Ferreira Santos; Martes, Ana Cristina Braga; Alves, Mário Aquino",2018,https://doi.org/10.1590/1679-395173203.,"Abstract Cadernos Gestão Pública e Cidadania was created in 1997 by the Public Management and Citizenship Program of Fundação Getulio Vargas in São Paulo in partnership with the Ford Foundation, with the purpose of identifying, disseminating and giving awards to innovative initiatives from local governments in Brazil. Initially, Cadernos’ main objective was to contribute to the dissemination of the local experiences as well as analysis of these innovations. This article analyzes the main transformations that have occurred since the beginning of Cadernos Gestão Pública e Cidadania until its effective transformation into a national academic periodical. These transformations, summarized here, cover the formal aspects, such as means of dissemination, format and periodicity, etc., through the adjustments recommended by CAPES and ANPAD, until the expansion of its objectives, in order to deepen the discussion on public administration and public policies in Brazil. The strategic objectives of the journal are presented, as well as its connection with the “Campo de Públicas” and its transition to the RAE Publications system.",Cadernos EBAPE.BR,Geral,nao identificado,,,,,,,,,,
360,Racionalidades na motivação para a participação cidadã no controle social: uma experiência local brasileira,"Sabioni, Marjorie; Ferreira, Marco Aurélio Marques; Reis, Anderson de Oliveira",2018,https://doi.org/10.1590/1679-395155420,"Abstract This work aims to understand the motivation and factors that influence active participation in social accountability, contributing to literature on public administration in a field which is not fully explored. This study provides elements to help public actors to strengthen initiatives of citizens’ engagement in public management, especially by working with civil society organizations. The main theoretical approaches are the instrumental and the substantive rationality in public organizations, as well as the motivation for citizen participation. Information was collected through in-depth interviews. Content analysis was used to examine the information, allowing to achieve the objectives of the study. The main results indicate the complementarity of both instrumental and substantive rationality in motivating citizen participation in initiatives of social accountability. The motivation to participate comes from the value given to social accountability, which is related to substantive rationality, while the instrumental rationality appears as a means of ensuring the efficiency and the effectiveness of citizens’ community actions.",Cadernos EBAPE.BR,Geral,qualitativo,,,,,,,,,,
361,EBAP e ISEB na busca por uma administração brasileira: uma imersão nos anos 1950 para iluminar o século XXI,"Wanderley, Sergio; Celano, Ana; Oliveira, Fátima Bayma",2018,https://doi.org/10.1590/1679-395161917,"Abstract Administration is currently the most offered course in Brazil, responsible for 20% of undergraduate students. Therefore, educators have a big responsibility to reflect on the content of the courses. The reflection proposed here is an immersion into the 1950’s, when the first graduation schools were created. It is a reflection based on a dialogue between documents of that time and three sources of testimonies of former students and former professors of the Brazilian School of Public Administration (EBAP): a) journals of that time; b) testimonies collected for a book published to celebrate the Brazilian School of Public and Business Administration’s (EBAPE) 50th anniversary; and c) interviews with students and professors who attended EBAP in the 1950s. The science of administration in the 1950s was associated to development. It rejected the apriorism of the scientific management received from the US, it also sought - through the social sciences - to critically promote content that fostered the adaptation of imported techniques to our reality. In this quest to represent the local context, EBAP approached the propositions of the Superior Institute of Brazilian Studies (ISEB) and the Economic Commission for Latin America and the Caribbean (ECLAC). The apprehension of the local context is critical to form good professionals. Looking at the efforts of EBAP in order to build a Brazilian administration field in the 1950s, and the contributions that ISEB and ECLAC gave to this endeavor, can help to find ways to (re)connect the science of administration to the national context and, consequently, provide relevant content to our graduates.",Cadernos EBAPE.BR,Nível de rua,metodos mistos,,,,,,,,,,
362,Interdisciplinaridade e complexidade no curso de graduação em Administração,"Amboni, Nério; Andrade, Rui Otávio Bernardes de; Lima, Arnaldo José de; Muller, Isabela Regina Fornari",2012,,"The general aim of this paper is to discuss the bases, operationalization methodology, and results of the program for horizontal and vertical integration of syllabi implemented in the 2nd semester of 2009 in the undergraduate Management course from a State Public University at Southern Brazil. The concepts and characteristics of the traditional and emergent paradigms of science and their impacts on education are discussed, besides, the issue of interdisciplinarity, and its respective modalities and classifications, is considered in the theoretical framework. The research is exploratory, descriptive, and interpretive. Data and information were collected through bibliographical survey, participative observation, and documental analysis. They were organized and systematized according to indicatives from teaching plannings (disciplines goals, syllabi, teaching-learning methodologies, evaluation systems, and bibliographical references). Data and information were described and interpreted according to the authors' experience in the Management undergraduate course, supplemented by the theoretical and practical grounding discussed by scholars from this field. The program was operationalized through systemic and complementary integration during sensitization meetings, pedagogical meetings, and socialization meetings, as well as feedback sessions. The program revealed that: a) managers, professors, and students must be focused and committed to understand and realize the consequences of the Cartesian paradigm, as well as the relevance of the complexity paradigm foundations, in the implementation of programs concerning interdisciplinarity; b) interdisciplinarity identifies and designates a possible mediation between knowledge and skills, ensuring a creative interaction with differences, as noticed in the identification of shared themes and concepts; and c) the interdisciplinary practice represents a pedagogical possibility to instigate, investigate, and intervene, as observed during pedagogical meetings, evoking what Freire (2005) named ""epistemological curiosity"".",Cadernos EBAPE.BR,Nível de rua,quantitativo,,,,,,,,,,
363,O uso da teoria do julgamento social no estudo de políticas públicas,"Carvalho, Marcio",2005,,"Due to the complexities surrounding the analysis on the public sector policies, managers apply formal models that help them in the decision-making process and evaluating eventual impact of their propositions on the public sector as a whole. Among these models, social judgment theory has being used to evaluate not only the managers' decision-making process, but also verifying how such process can be improved fulfilling demands of the public sector. This article presents an introduction to the social judgment theory and it also comments some limitations and suggestions in terms of applying this theory in the Brazilian context.",Cadernos EBAPE.BR,Geral,nao identificado,,,,,,,,,,
364,"As ""artes do fazer"" gestão na escola pública: uma proposta de estudo","Junquilho, Gelson Silva; Almeida, Roberta Alvarenga de; Silva, Alfredo Rodrigues Leite da",2012,,"This paper aims at presenting a theoretical and epistemological proposal for the study of the ""arts of making"" management in the public school, considering the meso-level of analysis. The idea is to understand how the ""arts of making"" management in the daily social practices of the school principal and her/his school community are (re)shaped. For this, one suggests the approach by Certeau (2008), through the notion of everyday life, in which his concepts of ""place"", ""space"", ""self"", ""other"", ""strategies"", and ""tactics"" are included. As a methodological proposal, an investigation ""in/on/with"" everyday life (ALVES and GARCIA, 2002; FERRAÇO, 2007; GARCIA, 2003) was adopted, based on the work by Certeau (2008) and highlighting a need to ""dive"" into the everyday life studied by the researcher. This epistemological conception seeks a rupture with the subject-object distancing in the research relationship, as well as a contribution to an advancement in the ethnographic strategy, beyond the dense description ""on"" the other, but, instead, developing a description ""with"" the other, who is, thus, also a subject and not only a research object. It is expected, as an outcome, to contribute to the improvement of the studies on management as a practice, here approached as ""arts of making"" in the everyday life of organizations.",Cadernos EBAPE.BR,Nível de rua,metodos mistos,,,,,,,,,,
365,Gerenciamento de recursos hídricos no Brasil e no Estado de São Paulo: um novo modelo de política pública,"Gomes, Jésus de Lisboa; Barbieri, José Carlos",2004,,"Freshwater, a vital necessity to human beings and one of the most important resources to development of nations, has been either scarce or in large state of degradation in many places in the world, including Brazil. The main challenge is the sustainable management of water supplies and demand in order to allow the current and coming generations to use it as well. The supply management implies policies of identification and development of new sources of water and demand, introduction of instruments to promote its conservation and efficient use. In Brazil, regulations about this subject were created in the 30s, based on a centered model and under strong influence of electrical sector. Along with the Brazilian Constitution in 1988, a new system of management was created: integrated, democratic and decentralized, having the hydrographic basin as reference to management. This system combines the application of several different mechanisms of regulation, using command-and-control approach, economic instruments and environmental education. The planning is shared among government, civil organizations and users, with integrated decisions about development, use of water, sanitation and environment, involving a diversity of agents with contradictory objectives, which means ones interests are the others regulators. This article analyses the implementation of the system in Brazil and in State of São Paulo, discuss its basic features, delineates the differences between both models, points the main problems and how they have been treated.",Cadernos EBAPE.BR,Geral,nao identificado,,,,,,,,,,
366,Fundamentos para los estudios organizacionales: aportes del pensamiento crítico suramericano,"Chumbita, Hugo",2015,https://doi.org/10.1590/1679-395114074,"Given the dominant Eurocentric view and the influence of models from hegemonic nations on studies and public administration reforms, another perspective is introduced, having critical thinking about the historical roots of dependency and the current problems of South American societies as a basis. The continuous process of Westernization of America, through the colonial and neocolonial penetration, imposed the interests and culture of countries from the world's center, causing effects of refraction, resistance, and adaptation. The consequences of this ethnic conflict are at the origin of devaluation of legal order, marginality, and social anomy. The continental separatist revolution, which recognized rights to the majorities, was tainted by oligarchies, reproducing the inequalities and conditions of another way of dependency at the stage of capitalist neocolonialism. The national-popular political movements of the 20th century have promoted a critical consciousness, which had its counterpart among alternative currents in philosophy and social sciences, but they suffered a regression in face of the neoliberal offensive. The South American sociocultural framework shows a lack of State legitimacy, social disorder factors, and dysfunction in public sector management; this requires rethinking the theoretical framework of organizational studies, encouraging the communication of experiences among scientists and intellectuals from the region, reviewing the reform projects inspired by exogenous models, and designing new ways of intervention to promote popular participation, aiming at the horizon of integration and emancipation of our countries.",Cadernos EBAPE.BR,Geral,quantitativo,,,,,,,,,,
367,Inovando no ensino de administração: uma experiência com a aprendizagem baseada em problemas (PBL),"Escrivão Filho, Edmundo; Ribeiro, Luis Roberto de Camargo",2008,,"The goal of this article is to present an educational experiment in the teaching and learning of administration with problem-based learning (PBL) at the undergraduate and graduate levels. The experiment has taken place in a school of engineering at a public university in Brazil in several modules that covered business administration contents, especially ""general administration theory"" and ""introduction to administration"". This study intended to facilitate the replacement of traditional didactic approaches and the collective construction of this change by the teacher/tutor and students. The adoption of PBL was motivated by the increasing dissociation between the demands and dynamics of professional life and students' passivity and alienation in the classroom. The teacher in charge of the modules and 90 % of the students indicate that PBL promotes the learning of concepts, skills and attitudes.",Cadernos EBAPE.BR,Geral,quantitativo,,,,,,,,,,
368,É possível encontrar inovação gerencial e práticas de gestão de pessoas voltadas à inovação em universidades federais?,"MONTENEGRO, ADAUTO DE VASCONCELOS; PINHO, ANA PAULA MORENO; TUPINAMBÁ, ANTONIO CAUBI RIBEIRO; FEITOSA, RAQUEL LIBÓRIO",2021,https://doi.org/10.1590/1679-395120200224,"Abstract This article aimed to investigate managerial innovation and people management practices focused on innovation at two federal universities. The study was quantitative and descriptive and included field research. The main results showed that the people management practices focused on innovation with more prominence were delegation and training. In addition, 55.7% of respondents perceived managerial innovation in the researched context, notably in the area of people management. Contributions to scientific knowledge were evidenced, in the investigation of managerial innovation and practices aimed at innovation in the public sector, a theme that is still little explored in the literature; for people management, when investigating practices in the area; and for the practice of managers, when investigating such phenomena in different areas and functional categories.",Cadernos EBAPE.BR,Geral,quantitativo,,,,,,,,,,
369,Irregularidades na execução dos recursos públicos destinados ao combate do Aedes aegypti nos estados brasileiros: análise do perfil das justificativas apresentadas pelos gestores à luz da Teoria da Atribuição,"Rodrigues, Daniele Silva; Cruz, Felipe Rodrigues; Cunha, Jacqueline Veneroso Alves da; Barbosa Neto, João Estevão",2021,https://doi.org/10.1590/1679-395120200067,"Abstract This study aimed to identify the justifications presented by managers operating at the state level in Brazil for irregularities observed in the execution of federal resources destined to combat Aedes aegypti. According to the attribution theory, individuals allocate causes perceived for events based on their knowledge, beliefs, and personal motivations. The theory was used to analyze 27 reports on the inspections carried out within the scope of the Inspection Program in Federative Entities (IPFE) during 2016 in the 26 Brazilian states and the federal district. The attribution theory was adopted to analyze 27 reports on the inspections carried out within the scope of the Inspection Program in Federative Entities (IPFE) during 2016 in the 26 Brazilian states and the federal district. The reports were examined through content analysis, descriptive statistics, and the Mann-Whitney test. The results showed the frequent occurrence of irregularities classified in the categories performance, infrastructure, and public procurement and contracts. Furthermore, regardless of the type of irregularity observed, the state managers’ justification tends to point to external causes, especially if the irregularity is associated with corruption. This behavior occurs regardless of the state managers’ performance. These results indicate that managers’ self-serving bias concerning irregularities can be a challenge to achieve the objectives of the Aedes aegypti mosquito control program since internal factors affecting the program’s outcomes are not highlighted.",Cadernos EBAPE.BR,Geral,qualitativo,,,,,,,,,,
370,A rede da Política Nacional de Agricultura Familiar no Brasil,"GOULART, LUCIANA NUNES; VIEIRA, DIEGO MOTA; BITTENCOURT, DANIELA MATIAS DE CARVALHO",2021,https://doi.org/10.1590/1679-395120190125,"Abstract This paper presents a public policy network analysis carried out on the Brazilian National Family Farming Policy. The study collected data through documentary review, budget consultations, and interviews, submitting the obtained information to content analysis. The results identified the constitution of the network of actors involved in policy management, as well as the characteristics of the relationships established among them. This type of analysis is an important instrument for studies on the implementation and evaluation of public policies, as it shows how the characteristics of interactions between actors can affect the success of public policies. The National Family Farming Policy network, at the time of the research, was dense at its center and flexible at its margins, meaning that it was formed by an important set of actors concurrently working in several programs and another set of more localized actors. Nonetheless, both at the center and at the margins, it was observed that several actors are not always as active as expected. Based on the public policy networks analysis theoretical framework, it is suggested that such a situation compromises the network’s functioning and the outcome of the underlying policies. Moreover, the network characteristics reinforce the importance of the federative pact for the functioning of family farming policy in Brazil and show that the interests and demands of subnational managers should be effectively considered to achieve the expected results.",Cadernos EBAPE.BR,Alto escalão,qualitativo,,,,,,,,,,
371,"O papel dos atores na formulação e implementação de políticas públicas: dinâmicas, conflitos e interesses no Programa Mais Médicos","Macedo, Alex dos Santos; Alcântara, Valderí de Castro; Andrade, Luís Fernando Silva; Ferreira, Patrícia Aparecida",2016,https://doi.org/10.1590/1679-395117188,"Abstract Many different actors take part in the process of formulating public policies, which includes individuals, groups and organizations that exert a direct or indirect influence at different times. Thus, the specific purpose of this article has been to map the actors involved in the formulation and implementation of the 'Mais Médicos' Program and to understand the dynamics and contributions of these actors. In order to analyze this particular public policy, a theoretical and empirical study has been adopted with a qualitative approach and case study method. Among the key players in this process were the federal government, social movements, the mass media, and social networks, as well as the Councils of Medicine. With regard to the analysis of the program cycle, it was found that its processes were not continuous, but rather asymmetrical and permeated by conflicting relations. This same analysis showed that the June 2013 protests provided a window of opportunity for the 'Mais Médicos' Program, but that nevertheless, there was still considerable opposition to the program. The opposition movements involved were bound by a series of different dynamics, conflicts and coalitions that applied to both government actors as well as those from civil society. One should highlight, for example, the relationship between those parties for and those against the 'Mais Médicos' Program, in which there were conflicts and setbacks on both sides. The conclusion is, therefore, that the different actors involved in the process were motivated by a variety of different interests, ideologies and goals. Thus, conflict permeated the entire process, from the program's initial proposal, its announcement, the enactment of the Law governing it and the arrival of the different doctors to the start of their activities in hospitals throughout the country.",Cadernos EBAPE.BR,Nível de rua,qualitativo,,,,,,,,,,
372,Os Papéis dos Stakeholders na Implementação das Parcerias Público-Privadas no Estado da Bahia,"Cabral, Sandro; Fernandes, Antonio Sérgio Araújo; Ribeiro, Daniel Barroso de Carvalho",2016,https://doi.org/10.1590/1679-395147398,"Abstract This article analyzes stakeholders' roles in implementing Public-Private Partnerships (PPPs) in the state of Bahia, Brazil. The research encompassed three experiences in the fields of health, sanitation, and sport/culture and it assessed all stages in the life cycle of each PPP, from the early stage of matching the proposal to contract execution, going through the funding and construction stages. The main findings show that the various stakeholder types (deliberative, claimant, controller, and funder) have converging and diverging stake patterns over the PPPs life cycle. In the same vein, survey findings reveal that the various stakeholders seem to be less prepared for the later project stages. Such results contribute to the current debates on applying the stakeholder theory to the public sector domain by providing a prospective view of the working patterns of various stakeholder groups in innovative organizational arrangements such as the PPPs.",Cadernos EBAPE.BR,Nível de rua,quantitativo,,,,,,,,,,
373,A relação entre governo eletrônico e governança eletrônica no governo federal brasileiro,"Guimarães, Tomás de Aquino; Medeiros, Paulo Henrique Ramos",2005,,"The article explores the electronic government's contributions for the electronic governance in the Brazilian federal government's context. Electronic governance is understood as a process that aims to the political manifestation and participation of the civil society, close to the government, by electronic means, in the formulation, attendance of the implementation and evaluation of the public policies, with the objective of citizenship and democracy development. The research was based in the opinion of 27 key informers from the four sectors that constitute the e-gov stakeholders: public sector, private sector, Third Sector and Academy. The qualitative research employed analysis content technique to verify the perceptions of the interviewees on the topics considered in the study, using Atlas.ti software to help with conceptual ordering of collected data. The main results were that the electronic governance, in the federal level, is in its initial phase of development, with little participation of the citizens in the public policy formulation, that is, a weak influence of the civil society in the decision making, through the Internet, related to the public policies agenda setting.",Cadernos EBAPE.BR,Geral,qualitativo,,,,,,,,,,
374,Responsabilidade Social Corporativa: uma visão crítica a partir do estudo de caso da tragédia socioambiental da Samarco,"LOPES, JULIANA CAMPOS; DEMAJOROVIC, JACQUES",2020,https://doi.org/10.1590/1679-395173811,"Abstract Corporate Social Responsibility models in the mining industry have often used sustainability reports and practices linked to the model of the Social License to Operate as a way to ensure the legitimacy of its operations. In Brazil, the Samarco case has challenged the implementation of both strategies, after the company, which was considered an example of social responsibility practices in the mining sector, was responsible for one of the worst social environmental tragedies in the country. This research adopts a case study of the Fundão dam collapse, to enhance the contradictions of the Corporate Social Responsibility model that contributed to the tragedy. Data collection included the company’s sustainability reports, documents from public agencies, and interviews with the company’s stakeholders affected by the tragedy. The data were worked through content analysis. The results show contradictions between the company’s documents and the perception of the community about the risks. Corporate Social Responsibility adopted by Samarco prioritized monitoring the perception of image and the company’s reputation with its different stakeholders, by reaching a high level of trust between the company and population. However, this strategy, combined with the economic dependence of the municipality, hid the operational risks of the Fundão dam resulting in increased vulnerability of the local community.",Cadernos EBAPE.BR,Alto escalão,qualitativo,,,,,,,,,,
375,Mecanismos de controle na governança corporativa das empresas estatais: uma comparação entre Brasil e Portugal,"Fontes Filho, Joaquim Rubens; Alves, Carlos Francisco",2018,https://doi.org/10.1590/1679-395172454,"Abstract This study aims to identify how external and internal control mechanisms of corporate governance, typically used in the private business sector, are applied or transformed for the public sector in state-owned enterprises (SOEs). Based on a review of the agency problem and the mechanisms proposed for its mitigation in the business context, the study analyzes the governance situation of SOEs in Brazil and Portugal, with a view to comparing the solutions adopted in the two countries and the needs for development. In addition to sharing common history and cultural foundations, these countries are characterized by a low investor security environment and fragility of dispute settlement mechanisms; by concentrated ownership structures; and by capital markets still insufficient to pressure corporate behavior, conditions which weaken the market mechanisms of external control and amplify the influence of the peculiarities of SOEs’ internal governance issues. The analyses point to significant recent advances in SOEs’ governance practices, but identify challenges yet to be addressed.",Cadernos EBAPE.BR,Geral,nao identificado,,,,,,,,,,
376,A constituição da identidade dos professores de pós-graduação stricto sensu em duas instituições de ensino superior: um estudo baseado nas relações de poder e papéis em organizações,"Correa, Marcos Vinícius Pereira; Lourenço, Mariane Lemos",2016,https://doi.org/10.1590/1679-395145075,"Abstract This article aims to investigate the constitution of the identity of professors in advanced degree courses in a public university and in a private university. Research based on the qualitative approach, characterized as a study of multiple cases, and based on in-depth interviews carried out with 15 professors. Theoretical framework grounded in studies of identity, social roles and power in organizations. As a result, it evidenced that the professor identity is permeated by meanings derived from the socialization processes along the academic path, so that the choice of the teaching career and the meanings attributed to teaching and research were mainly built through everyday interaction experienced with their professors and students. It was observed that professors take on multiple roles in educational institutions, which together with the requirements for publication of scientific articles, cause a feeling of anguish in these actors, given that the time required to perform such a range of activities turns out to engage not only the space of universities, but other spheres of the professor's social life.",Cadernos EBAPE.BR,Nível de rua,qualitativo,,,,,,,,,,
377,GESTORES DE NÍVEL DE RUA: DESVENDANDO UM CONCEITO CENTRAL PARA ANÁLISE DE IMPLEMENTAÇÃO DE POLÍTICAS PÚBLICAS,"Gofen, Anat; Lotta, Gabriela Spanghero; Thomazinho, Gabriela",2026,https://doi.org/10.12660/cgpc.v31.n2.92803,"ABSTRACT Although numerous studies have explored policy implementation in street-level work within frontline organizations, the management of policy implementation has often been overlooked. To explore the managerial aspects of implementation, this study focuses on heads of street-level organizations as a distinctive tier of public management, termed here “street-level management.” The analysis used interviews with Israeli street-level managers from the education, social welfare, and policing sectors and Brazilian research about school directors and health center managers. The findings encompass a discussion of the particular dynamics and how four management functions are exercised in the relationships with subordinates and the policy clientele. The functions are translation, synchronization, mobilization, and gap resolution. The findings contribute to understanding the specificities and challenges of street-level managers.",Cadernos Gestão Pública e Cidadania,Nível de rua,qualitativo,,,,,,,,,,
378,GARANTIR LEITOS PARA SALVAR VIDAS: BUROCRATAS DE MÉDIO ESCALÃO NA RESPOSTA À PANDEMIA DE COVID-19,"Vale, Larissa Meneghini; Godinho, Letícia",2026,https://doi.org/10.12660/cgpc.v31.n2.91229,"ABSTRACT The article examines the role of mid-level bureaucracy in a context of crisis. Developed in response to the COVID-19 pandemic, the study focuses on the performance of mid-level bureaucrats within the policy aimed at expanding hospital bed capacity in the Brazilian Unified Health System (Sistema Único de Saúde - SUS), particularly in the state of Minas Gerais. Adopting a case study approach, the research draws on quantitative and documentary data, as well as semi-structured interviews. The results indicate that the actions of mid-level bureaucrats led to significant transformations in governance arrangements and institutional functioning. The findings reinforce the relational role of this segment of the bureaucracy and its importance in crisis contexts, especially in negotiations and coordination with internal and external actors. Moreover, the study highlights the central contribution of the mid-level bureaucracy to policy formulation, implementation, and monitoring.",Cadernos Gestão Pública e Cidadania,Médio escalão,metodos mistos,,,,,,,,,,
379,ESTUDOS SOBRE A BUROCRACIA NO NÍVEL SUBNACIONAL: AVANÇOS E PERSPECTIVAS,"Lopez, Felix G.; Batista, Mariana; Marenco, André",2024,https://doi.org/10.12660/cgpc.v29.90527,,Cadernos Gestão Pública e Cidadania,Geral,nao identificado,,,,,,,,,,
380,TRANSPARÊNCIA SOBRE DIRIGENTES PÚBLICOS ESTADUAIS: UMA ANÁLISE EXPLORATÓRIA,"Freitas, Matheus Nunes de; Praça, Sérgio Rodrigo Marchiori",2024,https://doi.org/10.12660/cgpc.v29.89150,"ABSTRACT Public servants play an essential role in the functioning of the state. Public leaders, in particular, are central in translating political directions into public policies and are the link between high-level and street-level bureaucrats. Yet, a pressing question remains: to what extent does government information offers insights into the characteristics of agents who hold appointed positions and are responsible for conducting public affairs? This article seeks to answer this question by analyzing the legislation governing the administrative structures of the Brazilian states and their online transparency portals, verifying the feasibility of understanding aspects such as attributions, educational background, gender, and race of these bureaucrats. The results show limits to comprehending the profile of leaders at the subnational level, either within the state or in comparative analyses across governments. The article contributes to connecting theoretical discussions on transparency and workforce composition within the public sector.",Cadernos Gestão Pública e Cidadania,Alto escalão,nao identificado,,,,,,,,,,
381,DECIFRANDO A ESFINGE DA BUROCRACIA SUBNACIONAL NO FEDERALISMO BRASILEIRO: O QUE SE ESCONDE POR TRÁS DESSA REALIDADE?,"Grin, Eduardo; Gonçalves, Danilo",2024,https://doi.org/10.12660/cgpc.v29.90377,"ABSTRACT This article addresses the topic of Brazilian subnational bureaucracies and how studies in national literature have gradually expanded the analysis of their structure and functioning in states and municipalities. After a generation of studies on local power focused on analyzing democracy and participation, the understanding of subnational bureaucracies has gained relevance in the framework of decentralization of responsibilities to states and municipalities, which demands more bureaucratic capacity. This study also maps the debate on subnational bureaucracies in international and national literature. The reality of state and municipal public service in the context of decentralized federalism is also described in comparison with the central government to highlight its expansion and the effects it has on the public administration of these spheres of government. Finally, emerging themes are suggested in this incipient research agenda for quantitative studies and case studies.",Cadernos Gestão Pública e Cidadania,Geral,quantitativo,,,,,,,,,,
382,CONEXÕES ENTRE CAPACIDADES BUROCRÁTICAS E BUROCRACIAS DE MÉDIO ESCALÃO: UMA PESQUISA DE ESCOPO,"Papi, Luciana Pazini; Santos, Gislaine Thompson dos; Seidi, Mutaro",2024,https://doi.org/10.12660/cgpc.v29.88807,"ABSTRACT The article maps the advances in the concept of mid-level bureaucracies (MLB) in Brazilian scientific literature. The study seeks to identify the definitions used in the literature, efforts made to operationalize the concept, and its relationship with bureaucratic capacities. A scoping review examined the Brazilian literature on the subject in the last 30 years. The results show that research on MLB is recent, incipient at the municipal level, and associated with bureaucratic capacities. In general, scholars conceptualize MLB as individuals occupying intermediate positions between the top and the street-level bureaucracy, with broad consensus on their technical, political, and operational roles. The findings demonstrate the need for further research on MLB at the municipal level, given the importance of local administration in shaping public policies.",Cadernos Gestão Pública e Cidadania,Médio escalão,nao identificado,,,,,,,,,,
383,TRANSPARÊNCIA DOS BANCOS DE DESENVOLVIMENTO SUBNACIONAIS BRASILEIROS: ENTRE O SIGILO DA BUROCRACIA E A DEMOCRATIZAÇÃO DA INFORMAÇÃO,"Gonçalves, Bárbara Garschagen; Zuccolotto, Robson; Souza, Frederico Pinto de; Caliman, Douglas Roriz",2024,https://doi.org/10.12660/cgpc.v29.89782,"ABSTRACT This research carried out a diagnosis of the active transparency of the development banks (DBs) in Brazil based on the Brazilian Development Bank (BNDES) Transparency Guide. The observation protocol consisted of 33 items distributed among 8 pillars, namely: Policies and guidelines; Institutional; Finance and jobs; Portfolio information; Customer data; Operations data; Impact; and Social Participation. The results show that the DBs present a process of transparency that is still insufficient and that the reality found in the institutional portals is marked by the absence of important information, which would clarify the criteria used to define the allocation of government funds. Many of the advances in the federal context were not incorporated into the subnational DBs, mainly due to complex legislation that favors secrecy in these institutions.",Cadernos Gestão Pública e Cidadania,Geral,nao identificado,,,,,,,,,,
384,A AGENDA DE PESQUISA DA BUROCRACIA DE NÍVEL DE RUA NO CONTEXTO DA PANDEMIA: UMA REVISÃO INTEGRATIVA,"Fonseca, Carlos Eduardo Guilarducci; Emmendoerfer, Magnus Luiz; Valadares, Josiel Lopes",2023,https://doi.org/10.12660/cgpc.v28.85447,"ABSTRACT The implementation of public policies during crises situations, particularly at the street level where interactions between the state and the citizen occur, remains a sparsely studied area. The COVID-19 pandemic significantly affected the autonomy of street-level bureaucrats influenced by organizational and relational factors. This study explores the literature available in the Web of Science database on street-level bureaucracy during the pandemic through an integrative review, seeking to understand the crisis’ influence on policy implementation at the street level. Additionally, the use of software, specifically the VOSviewer 1.6.17, is examined to understand its contribution to data analysis, pointing out its advantages and limitations. The main results revealed that crisis contexts, such as the pandemic, profoundly influence the implementation of public policies at the street level with negative impacts on user services. While this research has limitations due to the limited number of analyzed data, it contributes to a better understanding of the influences of crises on the street-level implementation of public policies. Furthermore, future investigations should explore the emotional consequences experienced by street-level bureaucrats and examine the approach taken during crises by professionals who regularly deal with emergency situations, such as firefighters and ambulance crews.",Cadernos Gestão Pública e Cidadania,Nível de rua,quantitativo,,,,,,,,,,
385,A ATUAÇÃO DA BUROCRACIA DE MÉDIO ESCALÃO NA PANDEMIA DE COVID-19,"Guimarães, Flávia Alves; Souza, Letícia Godinho de; Costa, Bruno Lazzarotti Diniz",2023,https://doi.org/10.12660/cgpc.v28.88138,"ABSTRACT This article explores the effects of the COVID-19 pandemic on the performance of mid-level bureaucracy. This qualitative and exploratory investigation adopted the research strategy of a case study of the bureaucracy responsible for the social assistance policy of the city of Belo Horizonte, Brazil, in 2020. The research was conducted through bibliographic and documentary research and semi-structured interviews and questionnaires. The bureaucracy’s perception of the changes in the intra-organizational dimensions of public administration caused by the pandemic was captured. It was possible to notice that the crisis affected the work system, the decision-making processes, the interactions with other actors, and the skills required for the performance of the functions of these government actors. The research showed that how the mid-level bureaucracy acted helps to understand the functioning of the service and the resilience of public policy in the context of crisis.",Cadernos Gestão Pública e Cidadania,Médio escalão,metodos mistos,,,,,,,,,,
386,INCENTIVOS À TRANSIÇÃO DE CARREIRA DOS BUROCRATAS DE MÉDIO ESCALÃO,"Vecchia, Rosangela Dalla; Faveri, Diego de; Brulon, Vanessa",2024,https://doi.org/10.12660/cgpc.v29.89025,"ABSTRACT This research aims to identify the incentives that can attract public attorneys of the National Treasury Attorney’s Office (NTAO) to managerial positions and to determine whether such incentives are currently in place in this agency. Data collection was carried out through semi-structured interviews with 14 attorneys in 2019. The mixed grid content analysis resulted in the following categories of incentives: training, financial incentive, organizational support, nature of the activity, and flexibility of work arrangements. The results indicate that the main incentives are not always present in the NTAO, which decreases the public attorneys’ interest in managerial positions at the agency. An important contribution of this research refers to the specificities of the mid-level bureaucrats (MLB) in the Brazilian public sector: the activities of these professionals are permeated by the particularities of the Brazilian public administration as a whole, which negatively affects the provision of incentives such as “training” and “nature of the activity.” The persistence of the bureaucratic ideal also challenges the incorporation of incentives in the category “flexibility of work arrangements.”",Cadernos Gestão Pública e Cidadania,Médio escalão,metodos mistos,,,,,,,,,,
387,ESTRUTURAÇÃO E DISCRICIONARIEDADE NA IMPLEMENTAÇÃO DE POLÍTICAS: UMA PROPOSTA DE FRAMEWORK,"Sousa, Jessica Rani Ferreira de; Helal, Diogo Henrique",2026,https://doi.org/10.12660/cgpc.v31.n2.92870,"ABSTRACT This theoretical essay aimed to deepen the debate about discretion in the implementation of public policies by proposing an analytical framework that considers both structuring properties and conditioning elements of the discretionary action of so-called street-level bureaucrats. Based on a structurationist approach, this essay offers an integrated perspective that goes beyond the traditional dichotomy between top-down and bottom-up approaches regarding the implementation process. The discussion and the set of propositions presented suggest that structuring properties - rules, resources, routines, and culture - not only shape discretionary action, but are also continually reshaped by discretion conditioned by the practices of agents in the field. This recursive relationship, aligned with the double hermeneutics of structuration theory (Giddens, 2009), highlights the complexity of the implementation environment and the need for an analytical approach that captures this dynamism.",Cadernos Gestão Pública e Cidadania,Nível de rua,nao identificado,,,,,,,,,,
388,INTERMEDIAÇÕES NO ACESSO DE PESSOAS EM SITUAÇÃO DE RUA A SERVIÇOS PÚBLICOS,"Pires, Roberto Rocha C.; Miranda, Juliana Rocha",2025,https://doi.org/10.12660/cgpc.v30.92447,"ABSTRACT This study analyzes the brokerage processes involved in granting access to public policies for disadvantaged social groups. It is based on field research conducted in downtown Brasília (Brazil), observing hundreds of interactions between people experiencing homelessness and the institutions providing public services for this population. The study questions the assumptions regarding direct relationships between street-level bureaucrats and users, connections often taken for granted in the literature on public policy implementation. By drawing on perspectives of policies as everyday experiences involving various third parties, the findings indicate: a) theoretical and methodological proposals for incorporating brokerage as a central object of study in policy implementation processes; and b) a deeper understanding of the underlying conditions of brokerage, the variations among brokers, and the consequences of these processes for people experiencing homelessness, offering valuable insights for actions aimed at promoting equitable access to public services.",Cadernos Gestão Pública e Cidadania,Alto escalão,nao identificado,,,,,,,,,,
389,DESIGUALDADES DE GÊNERO E COR/RAÇA ENTRE OS DIRIGENTES MUNICIPAIS E ESTADUAIS NO BRASIL (2010 e 2019),"Teles, José",2024,https://doi.org/10.12660/cgpc.v29.89163,"ABSTRACT This article analyzes gender and race inequalities in wages and career progression among state and local-level bureaucrats in Brazil. It draws upon data from the Brazilian official report on labor activities, Relação Anual de Informações Sociais (RAIS), provided by Atlas do Estado Brasileiro and applies matching and regression techniques to estimate the effects of gender and race on wages and career progression chances. Findings show that there are still strong inequalities between men and women and the White and Black populations. Considering the intersectionalities between gender and race, Black women are at the bottom of the wage and career hierarchy among both state and local-level bureaucrats. Conversely, White men earn the highest wages and occupy the most prestigious career positions.",Cadernos Gestão Pública e Cidadania,Geral,quantitativo,,,,,,,,,,
390,O Fantasma na Máquina: System-Level Bureaucracy e Coordenação Interorganizacional em Políticas Públicas,"Castro, André Luís de",2023,https://doi.org/10.12660/cgpc.v28.86094,"ABSTRACT The objective is to understand how interorganizational coordination occurs in the development of information systems in tax collection and basic education policies in the state of Paraná, Brazil. This implies the analysis of the relationships established between system-level bureaucrats (SYBs) – specialists who work in the development of information systems – and other bureaucracies in the implementation of public policies. Theoretical references on bureaucracy, information and communication technologies (ICTs) in the public sector, and coordination of public policies were mobilized. From a methodological point of view, it is a comparative study, analyzing two public policies: tax collection and basic education in the state of Paraná, and the mixed-ownership company that develops the systems, Companhia de Tecnologia da Informação e Comunicação do Paraná (CELEPAR). Such policies are distinguished by the way in which the relationships between bureaucracies occur. In both, informal learning networks, mutually dependent, allow actors to create and use coping strategies that contribute to the coordination of public policy. These strategies are related to the writing of laws and public notices, the creation of unofficial information systems and resistance to change. They generally reflect beneficial contributions to public policy. The results imply demonstrating that the decision-making processes of policies are changed according to the use of ICTs, and disputes are transferred to other locus, which information systems sometimes hide, sometimes reveal.",Cadernos Gestão Pública e Cidadania,Médio escalão,nao identificado,,,,,,,,,,
391,CORRUPÇÃO E CARGOS COMISSIONADOS: UM EXERCÍCIO QUANTITATIVO PARA ESTADOS BRASILEIROS,"Santos, Álvaro Luís Gonçalves; Moraes, Gustavo Inácio de",2026,https://doi.org/10.12660/cgpc.v31.n1.92020,"ABSTRACT This paper investigates the effect of appointed positions on corruption levels across Brazilian states. The research is motivated by a persistent controversy in Brazilian public administration regarding the relationship between state-level corruption and the proportion of appointed officials relative to the total number of tenured public employees. Using data envelopment analysis (DEA), the research analyzes data from public budgets, development indices, and the CIPM index (irregular accounts per million inhabitants) to explore the quantitative relationship between political appointments and corruption. The results demonstrate that states with a greater proportion of appointed officials tend to have higher levels of corruption, suggesting that the widespread practice of political appointments can create opportunities for the misuse of public office for private gain.",Cadernos Gestão Pública e Cidadania,Geral,quantitativo,,,,,,,,,,
392,Controle e seus desdobramentos: uma análise multidimensional,"Oliveira, Bruno Santos de; Medeiros-Costa, Caio César de",2026,https://doi.org/10.12660/cgpc.v31.n2.92251,"ABSTRACT This study analyzes control and its developments from the perspective of public servants. The theoretical framework is based on the definition of control proposed by Dahl and Lindblom (1971) and on further discussions by Anechiarico and Jacobs (1998), Kwon (2014), and Kessler and Leider (2016), among others, who address the social, administrative, and economic dimensions of the phenomenon. A qualitative analysis was conducted based on fourteen interviews with federal public servants, selected through the snowball sampling technique. The interviews were examined using deductive content analysis and sentiment analysis. The results confirm the multiplicity of control developments and the simultaneous occurrence of perceived effects across different dimensions. The study contributes to the literature by highlighting developments identified by managers, which may undermine bureaucrats’ autonomy and initiative, leading to decision-making paralysis, distortions in resource and policy allocation, and weakening social control.",Cadernos Gestão Pública e Cidadania,Geral,qualitativo,,,,,,,,,,
393,LABORATÓRIOS DE INOVAÇÃO E BARREIRAS AO INTRAEMPREENDEDORISMO EM GOVERNOS,"Silva Junior, Alessandro Carlos da; Emmendoerfer, Magnus Luiz; Lauriano, Nayara Gonçalves; Silva, Maysa Alves Correa",2024,https://doi.org/10.12660/cgpc.v29.90107,"ABSTRACT This article analyzes the potential of innovation labs to minimize the barriers to intrapreneurial behavior within the public sector. Employing a qualitative approach, the study uses bibliographical sources, documental research, and structured questionnaires applied to a sample of 22 civil servants working in 18 innovation laboratories identified in South America. The results reveal that innovation labs contribute to minimizing the barriers to intrapreneurial behavior, especially those related to the bureaucratization of processes, low flexibility, resistance to change, and arrogance. These spaces achieve this by simplifying processes, using methodologies and training courses to stimulate creativity and innovation, and fostering a closer alignment between public servants and citizen demand. This research contributes valuable insights into how innovation labs can create a culture of entrepreneurship and innovation in the public sector, given the dynamic characteristics of these spaces and the use of agile methodologies, transforming the mentality of public servants.",Cadernos Gestão Pública e Cidadania,Geral,metodos mistos,,,,,,,,,,
394,CAPACIDADE ESTATAL COMO MECANISMO DE IMPLEMENTAÇÃO DE POLÍTICAS PÚBLICAS: UMA REVISÃO SISTEMÁTICA DA LITERATURA,"Pimentel, Rosiane Graziele Rodrigues; Ferreira, Vicente da Rocha Soares",2026,https://doi.org/10.12660/cgpc.v31.n4.92445,"ABSTRACT Understanding how state capacities function as instruments for public policy implementation has drawn the attention of researchers. This study aims to contribute to the literature on state capacities in implementing public policies within complex political-institutional environments, where it is necessary to reconcile the effectiveness and legitimacy of governmental action. To present the current state of research on state capacity and public policy implementation, we analyzed a dataset from the literature using bibliometric methods and a systematic literature review. The study comprises a sample of 103 articles published in high-impact journals between 2018 and 2023. Analyses were conducted using citation network techniques, keyword and co-occurrence analysis, publication trends, co-citation analysis, and clustering. The results highlight how the two approaches to public policy relate to each other in the process of implementing public policies, as well as the possibilities for research that connect the topic of state capacities with the topic of policy implementation.",Cadernos Gestão Pública e Cidadania,Nível de rua,nao identificado,,,,,,,,,,
395,"GOVERNO ABERTO: CAMINHOS PARA TRANSPARÊNCIA, DADOS ABERTOS, PARTICIPAÇÃO, COLABORAÇÃO E ACCOUNTABILITY","Brelàz, Gabriela de; Dias, Thiago Ferreira; Reinecke, Luiz Filipe Goldfeder; Nascimento, Alex Bruno F. M. do; Rodrigues, Diana Cruz",2025,https://doi.org/10.12660/cgpc.v30.92960,"ABSTRACT Since the 1988 Federal Constitution, there have been advances in Brazilian public administration. Among the various transformations, the incorporation of the concept of democratic accountability stands out, which has led to a slow and vast implementation of new institutional practices. Thus, the concept of Open Government has emerged as an approach that integrates coordinated initiatives and policies to improve the Public Administration and its relationship with society, making democratic accountability more robust and bringing with it the discussion about opening up government data. This text begins with a brief theoretical exposition of Open Government and its foundations. It then presents the nine articles that make up the issue, which are subdivided into three groups: (i) Open Government at the National Level (ii) Open Government at the Local Level, and (iii) Open Government and its Transversality.",Cadernos Gestão Pública e Cidadania,Geral,nao identificado,,,,,,,,,,
396,CAPACIDADES ESTATAIS E IMPLEMENTAÇÃO DE POLÍTICAS EDUCACIONAIS NO NÍVEL LOCAL: A TRAJETÓRIA DA BASE NACIONAL COMUM CURRICULAR EM UM MUNICÍPIO MINEIRO,"Oliveira, Breynner Ricardo de; Alves, Maria Michelle Fernandes",2024,https://doi.org/10.12660/cgpc.v29.89154,"ABSTRACT This article analyzes the connections between the State Capacities of the Municipal Department of Education (SME) of Contagem (Minas Gerais) and the trajectory of implementation of the National Common Curricular Base (BNCC) in Elementary School. The documentary and qualitative research analyzed two dimensions in the 2017-2020 government cycle: technical-administrative and political-relational. Regarding the first, the SME coordinated, through the Training Board (DF), a training program that formulated and implemented a new curriculum aligned with the BNCC guidelines. We highlight the trajectory and institutional expertise of the SME and the profile of the implementers in the body. The second dimension highlights the SME’s difficulties in establishing partnerships with other actors and the lack of institutional cooperation with the state. The fact that Contagem manage your own education system contributed to the SME constituting its ethos and institutional capabilities, which contributed to the implementation of the base.",Cadernos Gestão Pública e Cidadania,Nível de rua,qualitativo,,,,,,,,,,
397,A INFLUÊNCIA DA DEPENDÊNCIA FINANCEIRA NA EFETIVIDADE DA GESTÃO DE MUNICÍPIOS BRASILEIROS,"Lima, Caio Raoni Pereira; Diniz, Josedilton Alves",2026,,"ABSTRACT The research is based on the premise that public administration must be effective for the provision of goods and services to society to achieve its primary goal of meeting the population’s demands for quality services. Using the lens of Fiscal Federalism Theory, the study sought to contextualize the mechanisms of fiscal decentralization and observe how the dynamics of resource distribution and responsibilities can affect outcomes. The main objective was to analyze the influence of financial dependence on the effectiveness of the management of Brazilian municipalities. A model was developed considering effectiveness (IEGM) as the dependent variable, financial dependence as the independent variable, and GDP per capita and municipal population as control variables. The results show the negative influence of financial dependence on effectiveness. The low autonomy in generating own resources exposes municipalities to volatility and uncertainties in securing funds, compromising their ability to provide services to society.",Cadernos Gestão Pública e Cidadania,Nível de rua,nao identificado,,,,,,,,,,
398,GESTÃO PARTICIPATIVA E AS INTERAÇÕES DOS CONSELHOS MUNICIPAIS COM OS MOVIMENTOS INSURGENTES EM CIDADES DO SEMIÁRIDO BRASILEIRO,"Veras, Vanessa Maria Vasconcelos; Carvalho, Hermano José Batista de; Alencar, Rafaela Cajado Magalhães de; Vasconcelos, Brena Kelle Carneiro",2025,https://doi.org/10.12660/cgpc.v30.90866,"ABSTRACT Cultural contexts shape municipalities, requiring innovative management that emphasizes citizens’ active participation. Municipal councils stand out in formulating and defining public policy priorities and are an example of participatory initiatives at the local level. However, local governments still play a leading role, which is accepted by citizens. This research investigates citizen participation models in municipal councils, analyzing the interaction between these councils and local insurgent movements, as well as how they influence the local governments in the Brazilian state of Ceará. The study observed that interactions between municipal councils and insurgent movements are still fragile, as the councils adopt traditional models that hinder co-management. Additionally, the movements are strong in terms of organization and deliberation, preferring to work closely with the community, even if this behavior jeopardizes collaboration with the local public administration.",Cadernos Gestão Pública e Cidadania,Alto escalão,nao identificado,,,,,,,,,,
399,A LUTA DE MULHERES PARA VIVEREM BEM JUNTAS! MOBILIZAÇÕES COLETIVAS E ASSOCIAÇÃO NA FRONTEIRA BRASIL-BOLÍVIA,"Santo, Anderson Luís do Espírito; Mendes, Lenita Maria Bernardo Estra; Silva, Vivian da Veiga; Voks, Douglas Josiel",2025,https://doi.org/10.12660/cgpc.v30.91299,"ABSTRACT This article aims to understand the configuration of public arenas around issues affecting women in the municipalities of Corumbá and Ladário located in the Brazilian state of Mato Grosso do Sul along the border with Bolivia. Grounded in critical pragmatism within the social sciences, the study employs a cartographic approach to the field of practices, operationalized via the Border Social Innovation Observatory (OBISFRON) platform. The research identified public actions emerging from the experiences and collective practices of different socio-state organizations operating in the public arena focused on women in this territory. The results reinforce the importance of fostering dialogue between social innovation, public policy, and public arenas to challenge and transform traditional models of city planning, management, and governance. This is particularly relevant since the local public administration has failed to directly engage with the demands and initiatives of civil society collectives.",Cadernos Gestão Pública e Cidadania,Geral,nao identificado,,,,,,,,,,
400,ESTRUTURA E MECANISMOS DA GOVERNANÇA EM REDE NA IMPLEMENTAÇÃO DE POLÍTICAS PÚBLICAS,"Cirino, Andréia Lopes; Tavares, Bruno; Pereira, Breno Augusto Diniz; Silva, Fernanda Cristina da",2024,https://doi.org/10.12660/cgpc.v29.89644,"ABSTRACT The various actors involved in the construction and implementation of a public policy interact frequently and continuously. Such interactions tend to be institutionalized, with formal and informal rules, deliberation arenas, jurisdictions, and procedures for joint decisions and actions, characterizing network governance. This study sought to understand the structure and mechanisms of network governance in the implementation of public policies for children and adolescents in Brazil. It is a qualitative research collecting data from documents and semi-structured interviews. The results point to a lightly formalized network with cooperation centralized in the Municipal Council for the Rights of Children and Adolescents (known as CMDCA). Regarding the network’s structure and governance mechanisms, it was found that the CMDCA is a central player, acting to coordinate, monitor, and motivate the actors. Coordination occurs mainly through monthly meetings; monitoring activities consist of inspecting entities registered at the CMDCA and information transfer; and motivational actions refer to support provided through grants, mediation, and information. The study contributes to the discussion about the role of network governance in policy elaboration and implementation, offering valuable insights and conceptual tools to better understand this structural arrangement.",Cadernos Gestão Pública e Cidadania,Nível de rua,metodos mistos,,,,,,,,,,
401,FATORES INTERVENIENTES NA AQUISIÇÃO MUNICIPAL DE PRODUTOS DA AGRICULTURA FAMILIAR PARA A ALIMENTAÇÃO ESCOLAR,"Silva, Sandro Pereira; Valadares, Alexandre Arbex; Alves, Fabio; Bastian, Lillian",2023,https://doi.org/10.12660/cgpc.v28.85275,"ABSTRACT School feeding in Brazil faces implementation challenges and is structured around the National School Feeding Program, which runs in all municipalities. Thus, this study aims to identify different local administrative, political, and institutional responses adopted at the local level with federal resources transferred to purchase food from family farming, according to law 11947/2009. The research explored the case of two municipalities of the Brazilian state of Minas Gerais that, despite having similar geographic characteristics, record different performances in complying with the legislation. The cases analyzed express a set of methods aimed at understanding the dynamics surrounding the state in action, demonstrating concrete aspects of the challenges and potentials associated with the insertion of this public in institutional markets.",Cadernos Gestão Pública e Cidadania,Nível de rua,nao identificado,,,,,,,,,,
402,INSTITUIÇÕES JUDICIAIS E MOVIMENTOS SOCIAIS: INTERAÇÕES PARA O COMBATE À VIOLÊNCIA CONTRA A MULHER,"Silva, Alessandra Pereira da; Oliveira, Vanessa Elias de",2026,https://doi.org/10.12660/cgpc.v31.n2.94518,"ABSTRACT This paper analyzes the interaction between feminist social movements and local political actors in efforts to combat domestic violence, as well as the role of these movements in the implementation of the Judicial Unit Specialized in Domestic Violence Against Women attached to the judiciary of the Brazilian municipality of Santo André, São Paulo (Anexo de Violência Doméstica Contra a Mulher), which is the object of the study. The research adopts a qualitative case study approach, theoretically grounded in the concept of political mobilization of justice by social movements. The analysis draws on documents such as laws, ordinances, provisions, agreements, and newspaper articles, complemented by interviews with two judges from the judicial unit, one judge from the Criminal Executions Court, four feminist activists from local social movements, and one city council member engaged in the issue. The findings reveal a strong link between social movements and local public authorities, which proved crucial to the establishment of the judicial unit, thereby contributing to the effective implementation of a judicial public policy.",Cadernos Gestão Pública e Cidadania,Geral,qualitativo,,,,,,,,,,
403,AVALIAÇÃO DA APLICABILIDADE DA POLÍTICA NACIONAL DE RESÍDUOS SÓLIDOS EM PORTO VELHO,"Santana, Tauana Cristina; Batista, Washington da Silva; Almeida, Diego Henrique de",2025,https://doi.org/10.12660/cgpc.v30.91626,"ABSTRACT The Brazilian national policy on solid waste (or PNRS) deals with the correct management of solid waste, containing important instruments for the country’s progress in terms of environmental, social, and economic problems arising from this material’s inadequate use and disposal. This qualitative bibliographic research analyzes the implementation of the PNRS in the city of Porto Velho (RO), Brazil. Studies on urban solid waste (USW) must consider its impacts on public health, due to the consequences of inadequate waste disposal that lead to numerous diseases and environmental disasters. The analysis of the literature on the PNRS implementation in Brazil revealed that the policy guidelines regarding the USW are not being implemented. This study provides an understanding of the challenges around enforcing the PNRS, a crucial environmental law for the quality of life and well-being of the population.",Cadernos Gestão Pública e Cidadania,Geral,metodos mistos,,,,,,,,,,
404,CUSTOS NO SETOR PÚBLICO: O CUSTO DO ABSENTEÍSMO NAS UNIDADES BÁSICAS DE SAÚDE,"Pacheco, Angélica de Oliveira; Souza, Ângela Rozane Leal De",2025,https://doi.org/10.12660/cgpc.v30.92013,"ABSTRACT The optimization of public resources is a recurring theme in scientific research. For this optimization, it is first necessary to know how much each process costs. Knowing the costs also implies knowing the waste. In the health area, absenteeism has been a recurring concern, as it causes unnecessary expenses to public coffers and is responsible, in some cases, for the aggravation of diseases due to lack of early diagnosis and the increase in waiting lines for care. Therefore, this study aimed to determine the costs generated by patients’ non-attendance at scheduled appointments at the basic health units of the municipality of Esteio, located in the Brazilian state of Rio Grande do Sul, in 2022. The costs involved in the process, the number of consultations offered by the municipality, and the number of absences in consultations in the year 2022 were surveyed. It was observed that absenteeism in more than 49 thousand consultations generated a cost of more than BRL 5 million. The study assists managers in decision-making and contributes to raising awareness in society of the need to be careful with public resources.",Cadernos Gestão Pública e Cidadania,Geral,quantitativo,,,,,,,,,,
405,"CONFLITOS SOCIOAMBIENTAIS E DESENVOLVIMENTO DE POLÍTICAS PÚBLICAS NO TERRITÓRIO DO JARDIM APURÁ, SÃO PAULO (SP)","Silva, Pâmela Macedo da; Neiman, Zysman",2023,https://doi.org/10.12660/cgpc.v28.88329,"ABSTRACT The development of public policies is fundamental and, currently, they need to gain sustainable contours. The Jardim Apurá neighborhood is an area characterized as an Area for the Protection and Recovery of Water Sources, located on the outskirts of the southern zone of the city of São Paulo, it houses two large facilities that directly impact the daily life of citizens residing in this territory, a scenario that results in a complexity of conflicts between the right to a sustainable environment and the right to housing. The main objective of this empirical study is to analyze the socio-environmental public policies in the neighborhood during the implementation of the Residencial Espanha project and the beginning of the implementation process of the Parque dos Búfalos, from 2017 to 2021. to identify the conflicts and the necessary conditions for the minimization of the conflicts in the studied community. As a result, we present the history of the implementation process of Parque dos Búfalos and the delivery of the apartments of Residencial Espanha, a map of socio-environmental conflicts in the territory, pointing out some eminent needs, such as intersectoriality and a social participation that allows a more adequate and fair management, as well as sustainable for the local community.",Cadernos Gestão Pública e Cidadania,Geral,nao identificado,,,,,,,,,,
406,PANORAMA DOS ESTUDOS SOBRE A RESILIÊNCIA FINANCEIRA APLICADA À GESTÃO DE RECURSOS PÚBLICOS NOS GOVERNOS LOCAIS,"Teixeira, Mariana Barros; Santos, Nálbia de Araújo; Pimentel, Liliana Marques",2025,https://doi.org/10.12660/cgpc.v30.92843,"ABSTRACT This study provides a systematic review of the literature on financial resilience applied to public resource management in local governments. It analyzed 23 articles published between 2008 and 2024, identifying geographic, theoretical, and methodological patterns, in addition to proposing research agendas. The findings highlight the importance of effective financial management for the continuity of public services during crises. Governments with greater revenue diversification, fiscal autonomy, and debt control were more resilient to economic shocks. The results improve our understanding of financial resilience, emphasizing the need for public policies adjusted to local realities and for further studies in developing countries, contributing to more effective financial management strategies and the promotion of economic and social stability. This knowledge can guide the implementation of strategies that are adaptable to different local contexts, strengthening financial resilience and contributing to more sustainable fiscal governance.",Cadernos Gestão Pública e Cidadania,Nível de rua,nao identificado,,,,,,,,,,
407,BUDGETING AND ACCOUNTABILITY IN LOCAL GOVERNMENTS ACROSS EVOLVING PUBLIC ADMINISTRATION PARADIGMS,"Padovani, Emanuele; Lino, André",2025,https://doi.org/10.12660/cgpc.v30.93532,"ABSTRACT This article explores the evolving dynamics between budgeting and accountability within local governments, emphasising the complex interplay of financial and non-financial accountability across different public administration paradigms - i.e, Traditional Public Administration, New Public Management, and New Public Governance. By critically examining how each paradigm shapes budgeting processes and accountability expectations, the paper highlights emerging tensions, particularly in contexts where these paradigms coexist. Financial accountability faces challenges from competing accounting methodologies, diverse expectations of solvency, and blurred jurisdictional boundaries due to collaborative governance and externalisation of services. Simultaneously, non-financial accountability calls for inclusive stakeholder engagement, participatory budgeting mechanisms, and comprehensive assessments of social and environmental outcomes. Digitalisation further complicates this landscape by offering innovative accountability tools yet potentially exacerbating existing inequalities. The paper advocates for an integrated, holistic approach that reconciles efficiency-driven financial practices with broader, stakeholder-centric governance demands, ultimately enhancing accountability, transparency, and the sustainable impact of local governments.",Cadernos Gestão Pública e Cidadania,Geral,quantitativo,,,,,,,,,,
408,"INSERÇÃO DE ECONOMISTAS NO CAMPO DE PÚBLICAS NO BRASIL: TRAJETÓRIA ACADÊMICA, ENSINO E PESQUISA","Valentin, Agnaldo; Mountian, André Gal; Machado, João Guilherme Rocha",2023,https://doi.org/10.12660/cgpc.v28.86801,"ABSTRACT The Public Field is multidisciplinary and potentially interdisciplinary. Economics is one of its components, along with public administration, political science, and other knowledge fields. This paper aims to understand the presence of economists in the Public Field in Brazil. An exhaustive survey was conducted on a) the academic career of professors who are economists and work in the Public Field, b) courses related to economics in academic programs, and c) articles published in conference proceedings and journals evaluated through the Qualis system developed by the Coordination for the Improvement of Higher Education Personnel (Coordenação de Aperfeiçoamento de Pessoal de Nível Superior - CAPES). The results indicate that economists have relevant participation in higher education institutions and at a level above the minimum required to teach courses related to economics. In addition, the survey identified that economists with interdisciplinary training have a greater presence in the Public Field than economists with strict disciplinary training, to the extent that they publish their articles in journals and conferences focusing on public policies.",Cadernos Gestão Pública e Cidadania,Médio escalão,quantitativo,,,,,,,,,,
409,COMPETÊNCIAS NO SETOR PÚBLICO: PANORAMA DA PRODUÇÃO CIENTÍFICA (INTER)NACIONAL,"Barros, Ana Caroline de Sousa; Hoffmann, Valmir Emil; Viana, Luiz Fernando Câmara; Silva, Morgana Siqueira da",2023,https://doi.org/10.12660/cgpc.v28.89044,"ABSTRACT This study characterized the theoretical and empirical academic production on competencies in public administration, in national and international journals, in the Spell and Web of Science databases, considering methods and themes addressed. A bibliometric analysis of the literature was applied, with methodological typification, multiple correspondence analysis, and strategic diagrams prepared based on the keywords of the 86 articles analyzed. The findings showed a distinction between national and international research because, while the former frequently employed case studies, the latter proved to be more heterogeneous. These results indicate the need for methodological and thematic diversification of Brazilian research on the topic, especially using a quantitative approach and considering different public administration sectors, to identify what influences its development and results. A research agenda was also presented for researchers and public managers, given the importance of closer ties between management activity and academia for developing knowledge on the subject in Brazil.",Cadernos Gestão Pública e Cidadania,Geral,quantitativo,,,,,,,,,,
410,A TRAJETÓRIA INSTITUCIONAL DO PROGRAMA NACIONAL DE FORMAÇÃO EM ADMINISTRAÇÃO PÚBLICA NA UNIVERSIDADE FEDERAL DE OURO PRETO,"Oliveira, Breynner Ricardo de; Pena, Maria Tereza da Silva; Fichter, Gustavo Adolf",2023,https://doi.org/10.12660/cgpc.v28.88040,"ABSTRACT This article analyzes the institutional trajectory of the National Training Program in Public Administration (PNAP) at the Universidade Federal de Ouro Preto (UFOP) and the students’ perception of the training received. Offered in the distance mode within the actions of the program Open University of Brazil through a multilevel implementation network, the program aims to train people who work or have an interest in the area. The research methodology involved: document and data analysis from the five classes offered between 2009 and 2016 and on the 2021 class; analysis of the online questionnaires sent to the 242 students in the 2021 class in December 2021 and July 2022; and interviews with four professors in management roles between July and August 2022. Data were analyzed from four dimensions: perspectives on training and insertion in the professional field; technologies and the virtual learning environment, Moodle; the pedagogical design: disciplines and curriculum; and the polyteaching team: pedagogical and academic-administrative management. The analysis revealed that the high dropout rates in the PNAP at UFOP reflect its weakening, as a result of the successive cuts in its budget and the constant changes in the rules for new offers. Despite the students having positive expectations of insertion in the field, the data revealed that the students’ perception of the course and training has worsened, which may be a reflection of budget restrictions, which reduce incentives to join and improve the institutions’ training strategies.",Cadernos Gestão Pública e Cidadania,Alto escalão,metodos mistos,,,,,,,,,,
411,"ACOLHIMENTO, DIVERSIDADE E IMPLEMENTAÇÃO DAS DIRETRIZES CURRICULARES NACIONAIS NO CAMPO DE PÚBLICAS","Campana, Carla; Abdal, Alexandre",2023,https://doi.org/10.12660/cgpc.v28.86817,"ABSTRACT In this article, we describe, document, disseminate, and reflect on our experience as professors of the Integration and Text Interpretation Workshop of the undergraduate program in Public Administration of the School of Business Administration of São Paulo, from Fundação Getulio Vargas. We show how the workshop contributes to implementing the National Curriculum Guidelines in the Public Field- with emphasis on the objectives of combating inequalities and recognizing diversity - and welcoming and integrating students in higher education. We make a detailed description of the main aspects of the workshop, based on our experience in the classroom and on the formal and informal records of the workshop, such as the syllabus, the daily schedule, bibliography, and records of didactic activities. The organization of this material implied the elaboration of five vignettes that illustrate extracts of educational experiences lived within the scope of the workshop. We conclude the article by highlighting our main lessons learned: it is necessary to listen to students, share the protagonism of the teaching-learning process, and observe the specificities of the process of entering higher education.",Cadernos Gestão Pública e Cidadania,Nível de rua,quantitativo,,,,,,,,,,
412,O ENSINO DE ADMINISTRAÇÃO PÚBLICA: ELEMENTOS PRELIMINARES DE UMA HISTÓRIA INTELECTUAL INTERDISCIPLINAR,"Magalhães, Bruno Dias",2023,https://doi.org/10.12660/cgpc.v28.87961,"ABSTRACT The analyses of Brazilian specialists are unanimous in the conclusion that the study of public administration is multidisciplinary. Although this characteristic is basic to building a transdisciplinary scholarship, it is necessary to go beyond the initial diagnosis and thoroughly explore the intellectual traditions interpenetrating this tangle of knowledge and professional practice that constitutes the so-called Campo de Públicas (Public Field). Therefore, this study aims to contribute to two problems of the field: the absence of a consolidated conceptual map and the shallow historical rooting of the field’s intellectual genealogy. The analysis focuses on teaching public administration in undergraduate and master’s programs of the Professor Paulo Neves de Carvalho School of Government at João Pinheiro Foundation in the Brazilian state of Minas Gerais. Through an analysis of monographs and theses produced over 22 years, the research seeks to understand the school’s different intellectual traditions. In general, there is a scientific emphasis (wissenschaftliche) on knowledge and practical experience, notably in the areas of public policy, public administration, and public management. Although the study is limited to analyzing one school of government, the findings offer preliminary elements for a broader agenda of writing the intellectual history of the Public field in Brazil, assuming that its interdisciplinarity requires acknowledging the identity of its disciplinary areas.",Cadernos Gestão Pública e Cidadania,Nível de rua,nao identificado,,,,,,,,,,
413,COGOVERNANÇA E ORGANIZAÇÕES NÃO GOVERNAMENTAIS NO SISTEMA EDUCACIONAL BRASILEIRO: UMA PERSPECTIVA INTEGRADA,"Santos, Saulo José Nascimento e; Carvalho, Maico Santos Wiltshire de; Mendes, Bruno Santos; Carvalho, Kleverton Melo de",2026,https://doi.org/10.12660/cgpc.v31.n1.92680,"ABSTRACT The Brazilian education system faces challenges such as school dropout and social inequality, which reveal structural weaknesses. In this context, nonprofit organizations have taken on a prominent role in educational policies, sparking debates about the co-governance of the system. This study analyzes the influence of nonprofits on the co-governance of educational policies in Brazil through an integrative review of 33 qualitative studies. The results show that neoliberal practices and new public management have led to a concerning transfer of responsibilities from the state to the private sector, impacting equity in education. The collaborative governance regime centralizes power in private actors, raising questions about the legitimacy of public-private partnerships. Collaborative dynamics face power asymmetries and communication lapses, hindering the creation of a fair environment. For co-governance to be effective, it must be equitable and participatory, ensuring transparency and the involvement of teachers, administrators, and communities. Implementing mechanisms that respect democratic participation and local specificities is essential for building inclusive public education and reaffirming the state’s role in guaranteeing the right to quality education.",Cadernos Gestão Pública e Cidadania,Geral,qualitativo,,,,,,,,,,
414,ENERGIAS RENOVÁVEIS NO CONTEXTO DO DESENVOLVIMENTO DE CIDADES SUSTENTÁVEIS: UMA ANÁLISE DO PLANO FORTALEZA 2040,"Benvindo, Janaína dos Santos; Maia, João Vitor Sales Machado; Moreira, Márcia Zabdiele; Lopes, Luma Louise Sousa; Veloso, Isabella Maria Coelho",2026,https://doi.org/10.12660/cgpc.v31.n2.90659,"ABSTRACT This study investigated the Fortaleza 2040 plan, designed for the Brazilian city of Fortaleza, focusing on the alignment between renewable energy policies and the development of sustainable cities. A qualitative and applied approach was adopted, based on secondary data and employing thematic analysis (TA) to assess the results. Although the Fortaleza 2040 plan is largely aligned with urban sustainability principles, the research found that the integration of renewable energy policies remains limited, with policymakers addressing this aspect only superficially in some cases. The study concludes that dynamic relationships among urban actors are essential for the development of a sustainable city. In the context of renewable energy, the most prominent initiatives were solar microgeneration and energy production from urban waste through biogas plants. Finally, the study identifies areas that require greater attention to optimize the implementation of renewable energy in long-term urban planning.",Cadernos Gestão Pública e Cidadania,Geral,qualitativo,,,,,,,,,,
415,O ORÇAMENTO SENSÍVEL A GÊNERO NO BRASIL: UMA IMPLEMENTAÇÃO DESCONTINUADA E INCOMPLETA (2003-2023),"Marinho, Clara; Peres, Ursula",2025,https://doi.org/10.12660/cgpc.v30.92859,"ABSTRACT This study examines the implementation of gender-responsive budgeting (GRB) in Brazil (2003-2023), using literature on GRB, transversality, and process-tracing as a methodology. It identifies fragmented and incomplete implementation, divided into two periods: during the progressive interdiction (2003-2015), the Executive ignored transparency efforts by civil society and the Senate; in the conservative resurgence (2021-2023), legislators supported GRB, and public participation increased, but institutions remained fragile and were under reconstruction. The study focuses on the recent period to update the literature. The findings highlight challenges in measuring budget performance and prioritizing gender equity. The study concludes that strengthening GRB requires a legal framework, technical capacity building, intersectoral coordination, interfederative articulation, and political commitment.",Cadernos Gestão Pública e Cidadania,Nível de rua,nao identificado,,,,,,,,,,
416,ARRANJOS INSTITUCIONAIS PARA O DESENVOLVIMENTO DE COMUNIDADES SUSTENTÁVEIS: UMA ANÁLISE SOBRE A IMPLEMENTAÇÃO DO PROTOCOLO COMUNITÁRIO DO BAILIQUE,"Oliveira, Mayra Carolina Ataide de; Garmes, Agatha de Araujo; Machado, Isabel Felipe Pontual; Castro, Sarah Amaral de",2025,https://doi.org/10.12660/cgpc.v30.90794,"ABSTRACT This article analyzes the effects of an institutional arrangement developed by non-state actors, based on the Institutional Analyses for Development (IAD) Framework. The study compares the implementation of the Bailique Community Protocol in three riverside communities in the Bailique Archipelago, located in the Amazon Delta, Brazil. Through exploratory qualitative research, 32 semi-structured interviews were conducted with local actors selected using the snowball sampling method. The analysis employed Directed Content Analysis, focusing on two attributes from the IAD Framework: rules and community attributes. The findings reveal limited local actors’ understanding of the institutional arrangement, although observed practices partially align with the protocol. This discrepancy reflects a communication gap between the issues identified by the protocol and those perceived by local actors. The article proposes the public action approach as a metatheoretical key to discussing institutional arrangements for sustainable development in future research.",Cadernos Gestão Pública e Cidadania,Nível de rua,qualitativo,,,,,,,,,,
417,A INJUSTIFICÁVEL TAXA BÁSICA DE JUROS BRASILEIRA E A CAPTURA DO BANCO CENTRAL PELO MERCADO FINANCEIRO,"Luperi, Mauricio Martinelli",2024,https://doi.org/10.12660/cgpc.v29.90286,"ABSTRACT If we observe the discussions about the high SELIC interest rate today, we will notice that the criticism of maintaining such a high level of this rate in Brazil takes shape in relation to previous historical moments. This is because the current world has specific characteristics, such as a high level of inflation, which comes from an oil shock and a post-pandemic period. Within this context, Brazilian inflation was lower and falling in relation to many advanced economies, such as, for example, the USA. And even so, our Brazilian Central Bank maintained a real interest rate of approximately 97c. It is important to highlight that behind the maintenance of this rate is the country’s option to grow with external savings defined by Professor Luiz Carlos Bresser-Pereira and which finds support in interest groups that unite around a rent-seeking gain.",Cadernos Gestão Pública e Cidadania,Alto escalão,nao identificado,,,,,,,,,,
418,CRESCIMENTO E ESTAGNAÇÃO DO BRASIL: CONTRIBUIÇÕES DO PROFESSOR BRESSER-PEREIRA,"Borghi, Roberto Alexandre Zanchetta",2024,https://doi.org/10.12660/cgpc.v29.90177,"ABSTRACT This paper seeks to discuss the issue of Brazil’s low growth in light of Professor Luiz Carlos Bresser-Pereira s contributions. The concern about sustained growth trajectories and the middle-income trap has been a source of important and original thoughts of the author in the economic debate, expanding the outreach of heterodox and developmental ideas in Brazil and internationally. These thoughts combine theoretical and normative aspects and are based, to a large extent, on the coordination between industrial support and macroeconomic policies for promoting growth.",Cadernos Gestão Pública e Cidadania,Nível de rua,quantitativo,,,,,,,,,,
419,O PAPEL DA TAXA DE CÂMBIO NA TEORIA NOVO-DESENVOLVIMENTISTA,"Feijo, Carmem; Araújo, Eliane",2024,https://doi.org/10.12660/cgpc.v29.901898,"Abstract This article highlights the relevance of Professor Bresser-Pereira’s contribution by placing the New Developmentalist Theory as the reference to guide the macroeconomic debate in developing economies and, in particular, by placing the determination of the real exchange rate as a variable- key to explaining the dynamics of growth and development over time. To this end, the article initially summarizes Bresser-Pereira’s approach to determining the exchange rate, one of his most original contributions to New Development theory. Next, it discusses the relationship between exchange rate and interest rate to explain how policy autonomy is restricted in financially integrated developing economies. Finally, the article concludes that new developmental theory offers relevant and original insights for understanding the growth trajectory of financially integrated developing economies.",Cadernos Gestão Pública e Cidadania,Nível de rua,nao identificado,,,,,,,,,,
420,UM PENSADOR INCANSÁVEL: DOS DOIS MÉTODOS AO NOVO DESENVOLVIMENTISMO,"Milaré, Luís Felipe Lopes",2024,https://doi.org/10.12660/cgpc.v29.90295,"ABSTRACT This article presents two important contributions made by Professor Luiz Carlos Bresser Pereira to the study of Economic Sciences: the understanding of the historical-deductive and hypothetical-deductive methods to analyze economic systems and the theory of new developmentalism – an alternative proposal to neoliberalism aimed at fostering catch-up growth and developing middle-income countries. The article was divided into three main sections, in addition to the introduction and conclusion. The first section presents the two methods used to analyze economic systems – the historical-deductive and the hypothetical-deductive methods, explaining the former’s grounding in reality and the latter s reliance on logical coherence. It is argued that the historical-deductive method should be used in precedence of the hypothetical-deductive method, which should be used in an auxiliary way. The second section presents the theory of new developmentalism, which advocates for state intervention to maintain optimal levels of five macroeconomic prices – profit rate, interest rate, exchange rate, wages and inflation rate. The problem faced by developing countries – the Dutch disease – and a proposal for its neutralization are also presented. In the third section, a brief reflection will be made on Bresser-Pereiras work and why he is considered a tireless thinker.",Cadernos Gestão Pública e Cidadania,Nível de rua,nao identificado,,,,,,,,,,
421,POR QUE AS DEMOCRACIAS CAMBALEIAM? DESENVOLVIMENTO E CRISE NO MUNDO CONTEMPORÂNEO,"Araujo, Cicero",2024,https://doi.org/10.12660/cgpc.v29.90202,"ABSTRACT This article assesses the work of Professor Luiz Carlos Bresser-Pereira by examining his theory of the relationship between democracy and capitalist development. First, it goes back to the original version of the theory, written in 2002, and then discusses its restatement in a text published in 2020, in which our author tests his hypothesis in face of the recent rising of far right authoritarian movements. Finally, the article sketches, out of the conceptual resources of Bresser-Pereira’s theory, an alternative explanation of the current crisis of democracies in the rich countries.",Cadernos Gestão Pública e Cidadania,Nível de rua,nao identificado,,,,,,,,,,
422,CAMPO DE PÚBLICAS NO BRASIL: DIAGNÓSTICO EXPLORATÓRIO REALIZADO PELA REDE DE PESQUISA DO CAMPO DE PÚBLICAS,"Andion, Carolina; Cruz, Fernanda Natasha Bravo; Silva, Suylan de Almeida Midlej e; Silva, Matheus Arcelo Fernandes; Ribeiro, Erika Caracho",2023,https://doi.org/10.12660/cgpc.v28.86839,"ABSTRACT This article presents the constitution of an interinstitutional research network by Associação Nacional de Ensino, Pesquisa e Extensão do Campo de Públicas (the National Association of Teaching, Research, and Extension of the Public Field). It also presents the design and results of the first stage of the research, promoting an exploratory diagnosis of the Public Field in Brazil. The study analyzed 51 educational projects of undergraduate programs in the following dimensions: teaching, research, extension, internship, and profile of graduated students. The study systematizes and presents this experience, and encourages the dialogue and engagement of members of the field (program coordinators, professors, researchers, students, graduates, and practitioners) in a collective effort to understand the field, its configuration and characteristics.",Cadernos Gestão Pública e Cidadania,Nível de rua,nao identificado,,,,,,,,,,
423,MANAGERS’ PERCEPTIONS OF PARTNERSHIPS BETWEEN SOCIAL ENTERPRISES AND THE PUBLIC SECTOR IN BRAZIL,"Mathias, Ana Luiza Terra Costa; Fischer, Rosa Maria",2023,https://doi.org/10.12660/cgpc.v28.85884,"ABSTRACT Social enterprises adopt hybrid organizational models and offer new possibilities for cross-sector collaboration between business and philanthropic sectors. However, there is a lack of research on partnerships involving social enterprises. This study examined the benefits and challenges of cross-sector partnerships between social enterprises and public sector organizations in Brazil. In-depth interviews with six managers of three partnerships revealed that social enterprises and public sector managers perceived “visibility” as a key benefit of the partnerships. However, both groups identified “budget constraints,” “differences in work logic and pace,” “lack of project continuity,” and “complex approval processes” as significant challenges. These findings suggest that many of the benefits and challenges previously identified in partnerships between traditional sector organizations also apply to cross-sector partnerships involving social enterprises. The study contributes to understanding the potential of these cross-sector partnerships and highlights the need for further research in this area.",Cadernos Gestão Pública e Cidadania,Geral,qualitativo,,,,,,,,,,
424,Política Distributiva em Coalizão,"Meireles, Fernando",2024,https://doi.org/10.1590/dados.2024.67.1.308,"Abstract This paper provides a theory to explain how political parties influence cabinet portfolios’ targeted discretionary investments in Brazil. Contrary to previous studies that claim presidents centralize allocative decisions for electoral gains, I argue that they share them with coalition parties when they offer portfolios to obtain legislative support. Conversely, coalition parties acquire influence and expertise on portfolio-specific spending, incentivizing local incumbents to request more transfers from portfolios held by co-partisan ministers. Data covering more than twenty years of discretionary investments from cabinet portfolios to municipalities in Brazil and a triple-difference design support the theory. Results show that mayors demand and receive up to one-third more transfers from portfolios administered by co-partisan politicians, an effect that benefits both presidents’ and coalition parties alike. In addition, this effect is greater in election years and among portfolios responsible for local infrastructure. I find no evidence that ministers or their staff directly manipulate the bureaucracy to favor co-partisan mayors. These findings indicate that political parties reap non-programmatic benefits from joining government coalitions in Brazil.",Dados,Geral,nao identificado,,,,,,,,,,
425,Categorizando Usuários “Fáceis” e “Difíceis”: Práticas Cotidianas de Implementação de Políticas Públicas e a Produção de Diferenças Sociais,"Lotta, Gabriela Spanghero; Pires, Roberto Rocha Coelho",2020,https://doi.org/10.1590/dados.2020.63.4.219,"ABSTRACT This article addresses how the daily practices of agents involved in public policy implementation processes are intertwined with the production of social differentiation of the types of publics served. We start from a systematization of analytical perspectives that are part of the international debate on the implementation of public policies. Then, we aim to establish a dialogue between these perspectives and the empirical study of the implementation of the Family Health Strategy in the city of São Paulo, focusing on the performance of Community Health Agents. We proceed to reveal how social differences enter the world of public policies through the centrality of categorization and judgment practices of service users. These practices constitute an effort to delimit symbolic borders that allow agents to operate an unofficial segmentation of the public served, classifying them as “easy” or “difficult” users. The findings indicate that the social differentiation produced mixes elements of a functional nature with moral elements associated with an assessment of the adequacy or not of users´ behavior, with potential implications for the broader dynamics of reproduction of social inequalities.",Dados,Nível de rua,nao identificado,,,,,,,,,,
426,"Burocracias Profissionais Ampliam Capacidade Estatal para Implementar Políticas? Governos, Burocratas e Legislação em Municípios Brasileiros","Marenco, André",2017,https://doi.org/10.1590/001152582017141,"ABSTRACT This article develops an analysis of data on the professional status and educational background of public servants working in the core administration of 5.5 thousand Brazilian municipalities. Taking “public servants with higher education” as a proxy for identifying professional bureaucrats, we sought to determine the scale of participation in the municipal public service and the extent to which a greater proportion of servants recruited by means of an entrance exam, involving job stability and further education, may be associated with a greater chance of implementing an agenda of urban policies. The results indicate that even when controlled by demographic or electoral variables, the presence of professional bureaucracy served as a reliable link to an increased chance of introducing regulatory legislation on the urban space in Brazilian municipalities. Immune to electoral and governmental cycles, professional bureaucrats may utilize various technical and informative resources as well as political and organizational incentives for offsetting the decisions based on heavy political pressure generated by this kind of legislation.",Dados,Geral,nao identificado,,,,,,,,,,
427,A Gramática Institucional da Proteção de Dados e da Privacidade no Brasil,"Filgueiras, Fernando; Lui, Lizandro; Veloso, Maria Tereza Trindade",2025,https://doi.org/10.1590/dados.2025.68.1.346,"Abstract This article investigates the institutional grammar of data protection and privacy in Brazil. By adopting the analytical lens of the Institutional Grammar Tool (IGT), it deconstructs the institutional statements within the regulatory decrees of the General Data Protection Law (LGPD) in Brazilian states, classifying the different grammatical elements that inform state-level strategies for data protection and governance. It examines how the concepts of data protection, data governance, and privacy are formulated, as well as the institutional construction of data protection in Brazil. By taking an empirical approach, it aims to address the following questions: What is the institutional design of the strategies adopted by Brazilian states, within the federation, to protect personal data and citizens’ privacy? What are the implications of this design on how effective data protection is in Brazil? The article concludes that the data protection strategies formulated by the states lean more toward bureaucratic control of data processing than the actual realization of emerging citizenship rights.",Dados,Geral,nao identificado,,,,,,,,,,
428,A Rede dos Gestores Locais em São Paulo,"Marques, Eduardo Cesar Leão",2017,https://doi.org/10.1590/001152582017125,"ABSTRACT This paper investigates an almost completely unexplored facet of government formation and of the construction of bureaucracies and capabilities at the local level: the existence of a network of decision makers and senior bureaucrats who move over time between positions at different agencies in the administration of a big city. Networks of this kind weave agencies, policy areas and administrations together and are responsible for a substantial part of the informal practices and processes that construct governance and underlie formal governmental procedures. Setting out from a newly constructed database, the article analyses the network built by the migration of top officials between departments and agencies in São Paulo city from 1985 to 2012, involving dozens of secretaries and approximately five thousand individuals in more than one hundred different government positions. The results indicate the existence of a dense and complex relational fabric that connects the interior of each government, weaves thematic areas internally between agencies and governments, and links governments with the same political affinities. The data indicates that the network structure is an outcome of processes associated simultaneously with political cleavages and policy field specialization, providing important elements for coordination between agencies and administrations.",Dados,Geral,nao identificado,,,,,,,,,,
429,A Construção de Capacidades Estatais em Políticas de Infraestrutura: Demandas Socioambientais e Heterogeneidades Estatais,"Pereira, Ana Karine; Mertens, Frédéric; Abers, Rebecca",2023,https://doi.org/10.1590/dados.2023.66.3.285,"ABSTRACT Recently, in Brazil, a considerable amount of the infrastructure investment is directed towards the construction of hydroelectric plants in the Amazon region. The implementation of these projects requires strong State capacity. However, there are shortcomings related to State’s abilities and resources to meet the socio-environmental demands of vulnerable groups that these ventures affect. This article examines the incorporation of these demands in the decision-making and implementation process of the Belo Monte plant, located in the State of Pará. To this end, we mobilize a State capacity approach that considers the bureaucracy skills to process multiple demands. We use an analytical framework that incorporates three dimensions of State capacity – participatory, decision-making and intersectoral coordination –, whose construction is influenced by institutional arrangement, historical legacies and relational pattern between bureaucracies and social groups. The methodological procedures combine social networks analysis, documentary research, and interviews with key players. We conclude that the factors that influence the construction of State capacity reach bureaucracies asymmetrically, which hinders the incorporation of socio-environmental demands of vulnerable groups.",Dados,Geral,qualitativo,,,,,,,,,,
430,O conceito de desenvolvimento do ISEB rediscutido,"Bresser-Pereira, Luiz Carlos",2004,,"ISEB was a group of Brazilian nationalist intellectuals in the 1950s who conceived the country in global sociological and political terms. They defined development in broad terms as a capitalist and national revolution, and more specifically as an industrialization process through which the growth of per capita income would become self-sustained. In the process of nation-building and institutionalization of a national market, a domestic bourgeoisie would join with the state bureaucracy and workers, having the national interest as the common objective or criterion. These ideas were criticized by the São Paulo School of Sociology, which emerged ten years later, rejecting nationalism and insisting on the existence of class conflict. However, ISEB's errors were not related to this critique. Rather, the Institute overestimated the capacity of the modern sector to absorb the labor surplus in the traditional sector and underestimated the possibility that a crisis stemming from excessive foreign indebtedness might put a halt to the national revolution.",Dados,Geral,quantitativo,,,,,,,,,,
431,"Ética burocrática, mercado e ideologia administrativa: contradições da resposta conservadora à ""crise de caráter"" do Estado","Borges, André",2000,,"In the 1980s, a conservative movement for public sector reforms attempted to adjust civil servants’ (alleged) egotistical, amoral behavior to the efficient achievement of collective goals, in accordance with the principles of Adam Smith’s invisible hand. Based on Karl Polanyi’s and Max Weber’s classic works on the establishment of the market and of modern bureaucracy, respectively, the article endeavors to show how the conservative approach errs by ignoring the specificities of bureaucratic organization as well as the socially constructed character of the market mentality. The conclusion is that public sector reforms based on the assumption of self-interest end up breeding suspicion and fostering precisely the corrupt behavior that they are meant to forestall, thereby reinforcing the State’s incapacity to properly manage its actions in the social sphere.",Dados,Geral,quantitativo,,,,,,,,,,
432,"The Political Economy of Brazilian Industrial Policy (2003 - 2014): Main Vectors, Shortcomings and Directions to Improve Effectiveness","Guimarães, Alexandre Queiroz",2021,https://doi.org/10.1590/dados.2021.64.2.235,"ABSTRACT This paper is a study about industrial policy and its role in development, investigating how it was recently adopted in Brazil. After a decade of neoliberalism, industrial policy returned to the agenda, increasing the interest in its evaluation. Initially, the article explores general matters related to the needs for industrial policy and to the required factors and procedures that contribute to successful implementation. A benchmark is created to interpret the Brazilian experience. Despite its prioritization and the achievement of specific advances, industrial policy in Brazil failed to produce more consistent results. The main reasons include the lack of an appropriate coordination structure, the incapacity to focus on clear productivity and competitiveness targets, the excessive number of sectors contemplated, the lack of any consistent evaluation and the inability to achieve an encompassing negotiation with business representatives. These deficiencies weakened the possibility of addressing the serious shortcomings inherent to Brazilian industry.",Dados,Alto escalão,nao identificado,,,,,,,,,,
433,Cooperação e Coordenação na Implementação de Políticas Públicas: O Caso da Saúde,"Menicucci, Telma; Marques, Alisson Maciel de Faria",2016,https://doi.org/10.1590/00115258201693,"ABSTRACT This article compares the degree of implementation of healthcare regionalization in Brazil based on an in-depth study on a sample of states. The management of social policies in the federal context is considered to create a need for combining autonomy and cooperation among federated bodies, leading to the age-old challenge of collective action. Although the nationally-defined institutional regulations favor cooperation, they are unable to account for the variations between the federal units. To interpret these differences, a regression model was built identifying explanatory factors across two levels, with structural factors considered on a municipal level (resources that affect the ability to provide healthcare services) and the role played by the state as a coordinator or facilitator of cooperation on a second level. Both structural factors and the role played on a state level exert important effects on regionalization, with federal incentives unable to guarantee complete adhesion by federal bodies, nor the elimination of structural obstacles.",Dados,Médio escalão,quantitativo,,,,,,,,,,
434,Conselhos Locais de Política Urbana: Avaliação da Capacidade Decisória em Metrópoles Nacionais,"Nascimento Neto, Paulo; Prokopiuk, Mario; Takahashi, Gabriela do Carmo; Britto, Briani Helena de Souza",2024,https://doi.org/10.1590/dados.2024.67.4.335,"Abstract Unlike the health, education, and social assistance policies, Local Councils related to Urban Policy remain little explored by the field. These participatory bodies play a central role in promoting the right to the city, countering Brazil’s historically unequal pattern of urbanization. In this scenario, these councils’ institutionalization and decision-making capacity still need to be investigated. This article aims to evaluate the impact of institutional design and political cycle variables on their decision-making capacity, using a longitudinal approach from 2009 to 2019 in Brazilian metropolises. By using binomial logistic regression, we analyzed records of discussions, deliberations, and representation patterns in 195 meetings involving 7,759 participants. The results unveil persistent challenges in spaces for institutionalizing deliberative democracy, especially concerning local councils for urban policy implementation, pointing toward renewed research agendas.",Dados,Geral,quantitativo,,,,,,,,,,
435,Gênero e Representação Política nos Conselhos Gestores no Brasil,"Lüchmann, Lígia Helena Hahn; Almeida, Carla; Gimenes, Éder Rodrigo",2016,https://doi.org/10.1590/00115258201692,"ABSTRACT Studies on public policy management councils in Brazil have sought to assess their ability to promote political inclusion. In light of the varying numbers of women on the councils, this article examined 140 management councils in the areas of social welfare, health, and environment, in order to identify the relationship between the number of women on the councils, the institutional design and the presence of associations in such spaces. The results point to a relationship between the area of public policy, the sphere of government, representation according to segment (government and civil society) and the number of women in those spaces. The article therefore states and reinforces the significance of the intersection of explanatory variables derived from dynamics and processes of a political-institutional and socio-cultural nature. In a wider sense, this contributes to a deepening of knowledge on factors that favor an increase in political representation among women in decision-making processes in Brazil.",Dados,Geral,nao identificado,,,,,,,,,,
436,"Governabilidade, Governança e Democracia: Criação de Capacidade Governativa e Relações Executivo-Legislativo no Brasil Pós-Constituinte","Santos, Maria Helena de Castro",1997,,"The article first offers some considerations regarding the concepts governability and government as used in the recent literature and, for analytical purposes, suggests the term governing capacity. In a context of economic reforms and democratization, Executive-Legislative relations form one of the key elements of governing capacity. Contesting Brazilian literature on this topic, the article grounds itself in basic policies on the agendas of the Collor and Itamar Franco administrations to argue that if there is a deficit in the implementation of a good share of economic stabilization policies and policies to open up trade, produced within relatively insulated bureaucracies, at the same time the structural reform policies submitted to Congress (social welfare, privatization, administration, taxation) have fallen short not just in the realm of implementation but in the realm of formulation as well. Underscoring the complexity of the policy-making phase, the text cites some causes, such as problems the government encounters in building stable majorities within Congress. Given this difficulty, the Executive must often engage in tough negotiations to get governmental policies approved, and it ends up entering into a pattern of conflict in its interactions with the Legislative branch. As a consequence, government leaders are tempted to favor the relatively insulated arena of bureaucracies over the parliament, with foreseeable consequences for the process of democratization within Brazil. Based on this scenario, the article asks what type of democracy Brazil can or is willing to build",Dados,Geral,nao identificado,,,,,,,,,,
437,Coordenação intragovernamental para a implementação da política externa brasileira: o caso do Fórum IBAS,"Faria, Carlos Aurélio Pimenta de; Nogueira, Joana Laura Marinho; Lopes, Dawisson Belém",2012,,"This study evaluates the organizational mechanisms and structures adopted by the Brazilian Ministry of Foreign Affairs (Itamaraty) to promote the coordination of domestic government actors for implementing the guidelines of the IBSA Forum (India, Brazil, and South Africa), created in 2003. After reviewing some of the factors that have led Itamaraty to lose its traditional insulation, the authors classify the mechanisms for intra-governmental coordination and analyze its dynamics, focusing special attention on the 16 thematic working groups created to ensure the achievement of IBSA's objectives. In the final remarks, the authors question Itamaraty's purported loss of capacity for intra-governmental coordination.",Dados,Alto escalão,nao identificado,,,,,,,,,,
438,"Arranjo Institucional e Capacidades da Política de Alimentação Escolar no Município de São Paulo: Aprendizados, Desafios e Perspectivas","Fonseca, Camila Veneo Campos; Saes, Maria Sylvia Macchione",2025,https://doi.org/10.1590/dados.2025.68.3.386,"Abstract This paper investigates the institutional framework and capabilities of the School Feeding Policy (PAE) in São Paulo. It assesses the management of financial, human, and technical resources, along with communication practices, transparency, coordination, monitoring, and supervision mechanisms. It also explores the political-relational dimension, focusing on social participation, interactions among various stakeholders, and the effectiveness of regulations. Based on documentary analysis and in-depth interviews, the findings reveal that although São Paulo possesses the necessary state capacities to achieve the PAE’s goals, there are still challenges, both in terms of coordination and implementation supervision. These challenges are exacerbated by the way non-state actors participate in the program, demanding adjustments to the local institutional arrangement to ensure its success. The paper emphasizes PAE’s critical role in enhancing food security, which enables the productive inclusion of vulnerable groups through public food procurement and fostering local socio-economic development.",Dados,Alto escalão,qualitativo,,,,,,,,,,
439,A Dimensão Partidária-Eleitoral do Programa Minha Casa Minha Vida,"Simoni Junior, Sergio; Dias, Edney Cielici",2025,https://doi.org/10.1590/dados.2025.68.1.344,"Abstract The literature on the relationship between public policies, political parties, and presidential voting strongly focuses on analyses of income transfer programs, which limits the understanding of how different aspects of policy design and implementation relate to the partisan-electoral game. Through linear regressions applied to all Brazilian municipalities, this article analyzes the electoral dynamics of the Minha Casa Minha Vida (My House My Life) housing policy program. From the program’s inception to the 2014 elections, it details results by policy modalities, implementation phases, and adherence to the housing deficit. The results show that municipalities governed by parties belonging to the federal government’s coalition did not receive more housing units, except for the modality targeted at the poorest electorate. Moreover, the Worker’s Party’s (PT) electoral return was positive where the program’s implementation was related to the housing deficit, particularly in 2010.",Dados,Geral,quantitativo,,,,,,,,,,
440,O Impacto da Guerra às Drogas na Educação das Crianças das Periferias do Rio de Janeiro,"Cano, Ignacio; Bartholo, Tiago; Koslinski, Mariane; Machado, Rachel; Siracusa, Mariana",2025,https://doi.org/10.1590/dados.2025.68.3.379,"Abstract The study tries to estimate the impact of the war on drugs waged by the State wages in the slums of Rio de Janeiro on school performance. Two sources measure exposure to shootings between the police and drug traffickers, namely: the Fogo Cruzado platform; and records of school principals. The results of the multilevel model that includes all municipal schools show that exposure to shootings resulting from police operations causes a drop in the learning of 5th grade Grade students in both Portuguese and mathematics. When comparing only schools paired according to the socioeconomic profile of the students and the complexity of their management, the effect of constant shootings reduces the expected learning of Portuguese during one year by two thirds and completely nullifies the expected learning in Mathematics along the same period. However, the effects were not significant for the 9th gradeGrade. The study also found impacts of shootings on both failure and abandonment rates. This work is a first attempt at estimating estimate the costs of the war on drugs on the area of education.",Dados,Geral,quantitativo,,,,,,,,,,
441,Entre Chicotes e Cenouras Orgânicas: Coerção e Cooperação na Implementação das Compras da Agricultura Familiar no Âmbito do Pnae,"Bonduki, Manuel; Palotti, Pedro",2021,https://doi.org/10.1590/dados.2021.64.4.251,"ABSTRACT Intergovernmental relations are crucial in explaining the decentralization of public policies. After re-democratization, the Programa Nacional de Alimentação Escolar (Pnae) followed the trajectory of other social policies in Brazil: there was the universalization of transfers of financial resources of the Union by direct adhesion of the municipalities. In 2009, federal law created a requirement that at least 30% of Pnae food purchases should come from family farms. This article aimed to identify the pattern of intergovernmental relations present in the implementation of the family farming purchasing policy for school meals. To this end, documentary analysis and interviews with municipal and federal managers were performed. As a result, an uneven and asymmetric decentralization of this program was observed. The elements of coercion and cooperation mix to produce a limited program coordination, highlighting the role played by actors of the agrarian development policy.",Dados,Nível de rua,qualitativo,,,,,,,,,,
442,"Perfis do professorado da rede pública de São Paulo: a interação entre espaço, regras institucionais e escolhas individuais no resultado de uma política pública","Torres, Haroldo da Gama; Gomes, Sandra; Pavez, Thais; Fusaro, Edgard",2010,,"Unlike classical public policy analyses that emphasize the policymakers' role, this article argues that the choices by professionals that directly implement policies inside primary schools have a significant impact on their outcome. The analysis is based on a survey of 800 State and Municipal first-to-fourth-grade schoolteachers in São Paulo and was based on a typology of teachers using the ""grade of membership"" (GoM) technique. This analysis showed that the types of teachers are allocated differently according to the school system (State versus Municipal) and school locations (poor versus non-poor neighborhoods).",Dados,Nível de rua,quantitativo,,,,,,,,,,
443,Intermediação de Interesses Regionais no Brasil: O Impacto do Federalismo e da Descentralização,"Souza, Celina",1998,,"Through the process of redemocratization, Brazil has become a highly decentralized nation. The results of this transformation are visible in the federal arena, where financial problems have been encountered and presidents have run into trouble forming coalitions that allow them to implement public policies. Within the realm of the states, however, decentralization has brought mixed results due to regional inequalities. The paper analyzes the rifts and tensions now affecting Brazil’s federative system. It is argued that Brazil’s experience with decentralization has contributed towards democratic consolidation and has forced the federal government to negotiate public policy implementation with state and local government. At the same time, this experience reveals the limits of decentralization in nations displaying marked regional differences.",Dados,Geral,nao identificado,,,,,,,,,,
444,Da compra de produtos e serviços culturais ao direito de produzir cultura: análise de um paradigma emergente,"Lima, Luciana; Ortellado, Pablo",2013,,"Cultural activities are normally financed according to two classic paradigms: government funding and market financing. The former consists of direct state action or funding of civil society's cultural practices with state resources; the latter is anchored in the liberal or neoliberal tradition, the most recent expression of which involves the dominant currents of the creative economy. Based on a theoretical review and the analysis of two Brazilian policies - the Cultura Viva or ""Living Culture"" program and the Law for the Promotion of Theater in the city of São Paulo - we argue that these experiences constitute the genesis of a third paradigm that we identify and develop. This paradigm does not seek to finance cultural products per se, but the cultural production process, and thus aims to establish a social right, namely the right to produce culture.",Dados,Geral,nao identificado,,,,,,,,,,
445,Gestão de políticas públicas no estado federativo: apostas e armadilhas,"Machado, José Angelo",2008,,"This study aims to explore proposals derived from two approaches of an economic inspiration pertaining to the distribution of decision-making authority for public policy-making and implementation in federative governmental systems. The methodological approach was a bibliographical review based on key conceptual references for each of the above approaches - both that focusing on horizontal bargaining between local entities and that prescribing the construction of vertical incentives by the national sphere - implying concentration of decision-making authority in one of the poles in federative bargaining, in the face of which the author proposes overall parameters and requirements to be incorporated into an agenda focused on the construction of institutions for federative coordination.",Dados,Geral,nao identificado,,,,,,,,,,
446,Quando grandes projetos urbanos acontecem? Uma análise a partir do Porto Maravilha no Rio de Janeiro,"Sarue, Betina",2018,https://doi.org/10.1590/001152582018168,"ABSTRACT Big urban projects are a reality in the world, and recently also in Brazil. Since the 1980s, Rio de Janeiro has been conducting a major urban project in its port region, which is only now being implemented, which is the first large-scale project to be carried out in Brazil. The question that arises is: when, or under what conditions do large urban projects take place? The recurrent explanation in the literature associates its realization with economic factors centered on the valorization of urban land and the competition between cities associated with the dynamics of global capitalism. This article seeks to present a complementary argument to the debate, which considers in addition to the macroeconomic context, the institutional and formal conditions necessary to enable the implementation of such projects. This reflection is based on the debate on urban governance and a historical institutional analysis of the case of Porto Maravilha in Rio de Janeiro. Finally, the article suggests that the type of analysis presented from the Rio case is important for the studies on large urban projects since the understanding of the institutional processes helps to understand the impacts of the project on the city’s governance, between actors influence who wins what in the outcome of the policy.",Dados,Geral,nao identificado,,,,,,,,,,
447,Políticas nacionais e implementação subnacional: uma revisão da descentralização pós-Fundef,"Gomes, Sandra",2009,,"The article presents a revision of the strategies for national coordination used by the Brazilian federal government and proposes a conceptual distinction between norms dependent on subnational government's initiatives and norms that generate immediate effect. By tracking the decentralization policy of elementary schools, the study reviews the explanatory power normally attributed to one single national law (Fundef), a norm approved in 1996 which defined rules concerning the distribution and allocation of all educational revenues collected by or transferred to subnational governments. Other explanatory factors emerge as relevant to explain the outcome, especially the existence or absence of state-level programs with additional incentives to the national law.",Dados,Nível de rua,quantitativo,,,,,,,,,,
448,Public Policies as Platforms: Opening Possibilities for Subsequent Policies,"Machado, João Guilherme Rocha; Crantschaninov, Tamara Ilinsky",2026,https://doi.org/10.1590/dados.2026.69.1.403,"Abstract This study demonstrates that public policies with specific characteristics create opportunities for subsequent initiatives. We call them platform policies. This is relevant because the literature has predominantly focused on how early occupants of policy spaces constrain ensuing policies. Our proposition is based on the empirical analysis of the Programa Dinheiro Direto na Escola (PDDE, or Direct Money for Schools Program), established in Brazil in 1995, aimed at decentralizing the transfer of financial resources directly to schools to promote autonomy and decentralization. Our methodological approach involved comprehensive data collection and analysis on the PDDE and its subsequent policies, focusing on objectives, target populations, implementation arrangements, key actors, and regulations. Since its creation, many policies have been “attached” to the PDDE, leveraging its experience and structure. This was only possible due to three PDDE’s characteristics necessary for platform policies in general: longevity, connection to a means rather than an end, and flexibility and adaptability.",Dados,Nível de rua,quantitativo,,,,,,,,,,
449,Política de Cotas e Meritocracia: Uma Análise da Percepção de Professores Universitários,"Silva, Bruna Caroline Moreira; Xavier, Wescley Silva; Calbino, Daniel",2022,https://doi.org/10.1590/dados.2022.65.1.258,"ABSTRACT The quotas complete 16 years of experience in state universities. However, since its beginning, intense debates have been registered, whose discussion runs through the ideals of merit and equal conditions. In this context, the article aims to understand from the perspective of university professors’ discourse how justice is manifested in affirmative actions. In methodological terms, qualitative research was conducted through interviews with 26 professors from a public institution. The results show that the majority approaches a discourse of meritocracy, however, without denying the relevance of quotas. It was also observed that, even with data already sufficient for analysis, the speeches are based on predictions, without, however, illustrating experiences for argumentative corroboration. In conclusion, the importance of publicizing information that qualifies the debate is highlighted, as the affirmative action review is expected to take place in the coming years.",Dados,Nível de rua,metodos mistos,,,,,,,,,,
450,Sistemas deliberativos em perspectiva meso: o subsistema dos conselhos nacionais de políticas públicas e seus conectores,"Silva, Eduardo Moreira da; Ribeiro, Antonio Carlos Andrade",2021,https://doi.org/10.1590/1678-987321297707,"ABSTRACT  Introduction: The objective of this article is to describe the subsystem of national public policy councils and to identify the main connectors of these arenas. Next, we intend to present the similarities and differences in the councils’ subsystems among the different levels of government (municipality, state, and union). That is, the effects of the problem of scale for deliberative theory will be investigated.  Materials and methods: Research was carried out on the websites of the national public policy councils. Information was obtained for twenty-five councils regarding the composition of the councils, mainly the segments that compose it. Next, a technique from the field of Social Network Analysis, called affiliation network analysis or two-mode network, was used. The information was processed in the Pajek 5.0 software. The purpose is to verify the hypothesis that the increase in scale increases the centrality of the bureaucratic actors (governmental actors) as the main connectors of the networks.  Results: One of the main results is that the national councils present a low degree of connectivity, unlike the findings regarding the municipality and state present in previous research. We also found a significant number of non-existent and/or less important hybrid connectors in the previously analyzed municipalities and states. The hypothesis was confirmed, since the role of government advisors as connectors in the deliberative arenas analyzed was quite expressive.  Discussion: The article contributes to the literature by suggesting the use of techniques from the field of Analysis of Social Networks to identify the connectors of deliberative arenas. It also indicates the advances and limits of the systemic perspective, focusing on its connectors and transmission mechanisms. The original subsystems approach is presented and the methodological aspects involved are described. The third contribution problematizes the results of the analysis and proposes strategies for continuing this agenda in the field of research, especially the possibility of investigating public policy systems and the possible connections between arenas of different federative entities.",Revista de Sociologia e Política,Geral,nao identificado,,,,,,,,,,
451,Capacidade estatal e dívida pública no Brasil: O Caso da Secretaria do Tesouro Nacional,"Loureiro, Maria Rita; Calabrez, Felipe",2020,https://doi.org/10.1590/1678-987320287502,"ABSTRACT  Introduction: The literature on state capacity has grown in recent decades, but several theoretical and methodological problems have been pointed out in studies on the subject. Even guided by policymakers’ concerns, the concept can also have analytical utility. Thus, this article resumes and redefines it to explain processes of transformation within the Brazilian State.  Materials and Methods: We conducted here a case study of the process of capacity building in the fiscal area by the State in Brazil. The empirical object of analysis is the National Treasury Secretariat of the Ministry of Finance, an agency created in the context of the State’s fiscal crisis, in charge of public debt management and unified control of the federal government’s budget execution. The empirical material of the analysis is composed of qualitative and quantitative elements.  Results: In dialogue with the literature and distinguishing the capacity for results, the analysis shows that despite the temporal variations presented by the fiscal area (greater or lesser deficit, greater or lesser level of indebtedness), which depend on contingent economic factors, it is possible to verify the existence of state capacity in public debt management in Brazil, resulting from the deliberate action of the economic bureaucracy, carried out over several decades and which remains as a feature today constituting the Brazilian State.  Discussion: The preliminary findings seek to contribute to the literature on state capacities and affirm their analytical usefulness insofar as it allows to account for a specific form of power, that exercised by bureaucracy.",Revista de Sociologia e Política,Alto escalão,metodos mistos,,,,,,,,,,
452,State Capacities and Policy Work in Brazilian Civil Service,"Filgueiras, Fernando; Koga, Natália; Viana, Rafael",2020,https://doi.org/10.1590/1678-987319277404,"ABSTRACT  Introduction: This article analyzes the issue of Capacities for the implementation of public policies. The article examines the concepts of state capacity, policy capacities and policy work to analyze the role of bureaucratic roles in the implementation process. The article criticizes the concept of state capacities and advocates a perspective that the analysis of capacities should be focused on the performance of agents for the fulfillment of public policy functions.  Materials and methods: Based on a survey analysis with agents of civil service bureaucracy, the article lists the central capacities for the performance of functions necessary for the implementation of public policies.  Results: The theoretical finding is that capacity analysis should consider the role of individuals in the performance of policy functions and the organizational context in which they are embedded.  Discussion: This article contributes to the literature on bureaucracy and governance in Brazil.",Revista de Sociologia e Política,Geral,quantitativo,,,,,,,,,,
453,Uso de categorizações políticas e sociais na implementação de políticas: contribuições teóricas e analíticas,"Lotta, Gabriela; Costa, Maria Izabel Sanches",2020,https://doi.org/10.1590/1678-987320287604,"ABSTRACT  Introduction: Being treated fairly and impartially by implementing bureaucrats is a central component of the quality of democratic governments. Therefore, the theme of the implementation of public policies becomes relevant to understand how the state operates and the results it generates for citizens. In this article we aim to theoretically address part of the discussions on inequalities and street-level bureaucracy, considering the relevance of these themes to understand public policies in Brazil.  Materials and Methods: We analyze national and international literature on the implementation of public policies, social and political categories, stereotypes and street level bureaucrats.  Results: From an analysis of the literature still not widely disseminated in Brazil we propose analytical alternatives to understand the implementation of public policies from the perspective of the actors who perform it and its effect in terms of inclusion and exclusion.  Discussion: The exercise of discretion conducted by street-level bureaucrats have allocative effects that can reduce or increase inclusion and inequality, but we still have analytical limits to understand this process.",Revista de Sociologia e Política,Nível de rua,nao identificado,,,,,,,,,,
454,"A vida política dos documentos: notas sobre burocratas, políticas e papéis","Hoyler, Telma; Campos, Pedro",2019,https://doi.org/10.1590/1678987319276906,"Abstract  Introduction: The article addresses a theme still scarcely debated within studies on bureaucracy and public policy: documents as material artifacts and their effects on bureaucrats, public policies, and politics within the State. It aims to promote a debate on the importance of documents as instruments of public action, as well as to propose a new classification for a subtype of middle-level bureaucrats, labeled back-office bureaucrats.  Materials and Methods: The research stems from an ethnography on documentation practices that was undertaken during three years in which both authors took park on a wide-scope administrative reform on documentation practices at São Paulo’s City Hall. As means of information gathering, it involved participant observation, multiple interviews and a selection of legislation and administrative case files.  Results: From this research, we have found that the interaction between the time of politics - which relates to the interactions between incumbent, government officials, bureaucracies and civil society – and the time of paperwork – which is related to the set of rules that establishes modes of record-keeping for bureaucratic activities, degrees of mandatoriness for such activities, and disciplinary control – on back-office bureaucrats is decisive to understanding their behavior, which is aimed at mitigating professional risks. Secondly, we have observed that the set of practices promoted by these bureaucrats reflects a mobilization of a particular set of properties that documents carry within the broader context of bureaucracy: the production of truth, the transposition of old solutions into new contexts and the (lack of) evidence of a political deal.  Discussion: As a result of these findings, we point to three implications. The first one, the dynamics of bureaucratic action can help explains the tendency for inertia within bureaucracies and public policies, highlighting the need for extensive negotiations and the set of new landmarks of documentation so that innovative projects can succeed within bureaucracies. The second one, the promotion of documentation practices may produce further opacity, as opposed to what open data policies might expect. Finally, this approach points to new issues for the debates of bureaucratic capacities and coordination. When the State is regarded not just from the individual action of its agents and the intertwining of personal networks, but also from the ways the materiality of instruments of action within them can influence said relations, the challenges of political leadership, as well as the task of understanding it, become more complex.",Revista de Sociologia e Política,Alto escalão,metodos mistos,,,,,,,,,,
455,Transformação intrapartidária? Um estudo sobre as percepções de poder e gestão entre jovens filiados,"Guedes-Neto, João Victor",2018,https://doi.org/10.1590/1678987318266807,"Abstract  Introduction Are the political arenas within a political party and its youth wing perceived in different ways by young party members? This article problematizes the structural causes of the weakening of partisan membership to verify the presence of a transformational trend in the intra-party relations of domination and management.  Materials and methods Twenty-two interviews were conducted with youth leaders from the Democratas party. The questionnaire was developed through GoogleDocs. His address was shared in a group on the Facebook social network aimed at municipal, state and National Youth Democratas leaders.  Results There is a differentiated perception between the political arenas in the party and in its young wing. Although there is convergence, there is a notably more modern, bureaucratic-rational pattern in the youth sphere.  Discussion This analysis is carried out bringing concepts of the Public Administration to the study of political parties. Managerial and societal elements appear in a complementary way, instead of conflicting as in the Public Administration literature. Finally, we suggest the hypothesis of an intra-party transformation process in relation to power and management relations.",Revista de Sociologia e Política,Geral,metodos mistos,,,,,,,,,,
456,"Burocracia, redes sociais e interação: uma análise da implementação de políticas públicas","Lotta, Gabriela",2018,https://doi.org/10.1590/1678-987318266607,"ABSTRACT  Introduction One of the approaches of policies implementation literature is to observe how bureaucrats exercise their discretion and, thus, implement and formulate the policy designed. The exercise of discretion is influenced by various institutional and relational factors, so that policy outcomes can be partly explained by the interactions established by bureaucrats.  Methods Methodologically, the research was based on ethnography and interviews with 24 community agents from three municipalities: Sobral (CE), Taboão da Serra (SP) and São Paulo (SP). The choice of the 8 community health agents for Basic Health Units sought to contemplate varieties in terms of career time, involvement with social movements, relationship with church, etc. This variation was determined by dimensions that could influence the relational profile of community health agents and the way of using discretion.  Results The results demonstrate that the discretionary performance of street level bureaucrats is highly influenced by their professional trajectories and relational profile. Social networks of community agents influence how they interact with users and determine the results of delivered policies. The most skillful actors are those who manage to walk in the complexity of identities and interests, using their specific signs, identities, and terminologies to build relationships and practices.  Discussion Analyzing the performance of Community Health Agents, this article observes how policies are built dynamically from interactive processes between bureaucrats and other actors. Based on the allocative power of street bureaucrats, the insertion of these practices into local social networks allows them to choose the resources that will lead to both “the worlds” and to build the mediation dynamics of these resources, thus becoming more permeable, or “more next”, the border between State and society.",Revista de Sociologia e Política,Nível de rua,qualitativo,,,,,,,,,,
457,"Capacidade estatal, burocracia e tributação nos municípios brasileiros","Marenco, André; Strohschoen, Maria Tereza Blanco; Joner, William",2017,https://doi.org/10.1590/1678-987317256401,"abstract Diagnostics on intergovernmental relations and implementation of public policies after the 1988 Constitution, emphasized are the decentralization, centralization or federative coordination. Without underestimating institutional mechanisms that structure vertical relationships between federal, state and municipal governments, this study aims to examine differences between the 5,500 Brazilian municipalities regarding indicators of its state capacity. The aim is to examine to what extent municipalities with professionalized bureaucracies were better able to take advantage of the transfer of responsibilities and political and administrative authority to local governments, expanding its potential for tax and implement public policies. It adopted a narrow definition of state capacity, using the “Weberian scale” proposed by Evans and as its measure. To operationalize it was considered the proportion of “statutory with higher education” among public servants in 5,500 Brazilian municipal administrations. As the dependent variable, we used the collection of property tax as a proportion of municipal own revenue. The results showed that municipal administrations with more professional public services increase their chance ratio for propriety tax collection.",Revista de Sociologia e Política,Geral,nao identificado,,,,,,,,,,
458,Governança e capacidades estatais: uma análise comparativa de programas federais,"Pires, Roberto Rocha Coelho; Gomide, Alexandre de Ávila",2016,https://doi.org/10.1590/1678-987316245806,"Abstract This article examines the governance arrangements that have been supporting the implementation of federal public policies in Brazil in the last decade. The goal is to understand how the characteristics of such governance arrangements condition state capacities and influence the performance and outcomes of contemporary public policies. The research is based on the comparative analysis of eight cases of public policies or programs implemented by the federal government. The cases were selected because of the homogeneity in their contexts of implementation and because of the heterogeneity of their substantive policy focus (social, infrastructure, and industrial development). For each of the eight cases, we mapped out their specific governance arrangements and evaluated their respective technical-administrative and political-relational state capacities. Based on this, we used QCA (Qualitative Comparative Analysis) techniques to identify associations and causal mechanisms linking the characteristics of governance arrangements, types and levels of state capacities, and policy performance in terms of output delivery and innovation. The comparative analysis indicated substantive variations in the configurations of the governance arrangements that support policy implementation in the Brazilian federal government. The analysis of such variations revealed two main findings. On the one hand, the governance arrangements that induced greater technical-administrative capacities – i.e. those involving some combination of professionalized bureaucracies and effective inter and intra-government coordination mechanisms – promoted better performance in terms of output delivery, in relation to the other cases. On the other hand, governance arrangements that induced higher political-relational capacities – i.e. involving interactions with political agents and channels for civil society participation – expanded the potential for revision, learning, and innovation in policy implementation. These findings advance the debates on governance and state capacity because they allow us to understand how different types and levels of state capacity produce different effects on the performance and outcomes of public policies. These conclusions suggest the need for more research on governance structures for public policy in contemporary Brazil, as well as on their theoretical implications for debates on state capacities, and on their consequences for the actual management of public policies.",Revista de Sociologia e Política,Geral,qualitativo,,,,,,,,,,
459,Implementação de políticas públicas: perspectivas analíticas,"Lima, Luciana Leite; D'Ascenzi, Luciano",2013,,"The paper has two interrelated objectives. The first is to systematize and analyze the literature on analytical models for public policies implementation. We identified two main models. One is operated based on the evaluation of independent variables related to the organizational hierarchy, focusing on the formulation process. The other emphasizes variables related to the characteristics of local areas of implementation and the performance of the implementing bureaucracies. Both models emphasize the material conditions for the development of the implementation process. Starting from this observation, the second objective is to propose an analytical model for the process of implementation of public policies based on the integration between the central variables of those models and those linked to the ideas, the values and the worldviews of the actors. This is about discussing the analytical models for public policies implementation in the light of specific literature and empirical research conducted by the authors on health and education policies. We found that elements of the local action contexts such as representations and values of the actors influenced the implementation of public policies, shaping their understanding of the social problem and how to confront it. The discussion contributes to the integration of public policies implementation analytical models and to their operationalization.",Revista de Sociologia e Política,Nível de rua,quantitativo,,,,,,,,,,
460,"Democracia deliberativa e orçamento público: experiências de participação em Porto Alegre, Belo Horizonte, Recife e Curitiba","Horochovski, Rodrigo Rossi; Clemente, Augusto Junior",2012,,"This article compares participatory budgeting institutions in four Brazilian cities: Porto Alegre, Belo Horizonte, Recife and Curitiba. The three former cities use participatory budgeting while the latter holds public hearings in which proposals are made for budget-related legislation, namely the Bill of Budgetary Guidelines ( Lei de Diretrizes Orçamentárias (LDO)) e and the Annual Budgeting Bill (Lei Orçamentária Anual (LOA)). Our goal is to analyze to what extent the institutions we study move close to the normative premises of the theory of deliberative democracy, according to which the legitimacy of political decisions and processes flows from free public deliberation which people take part in as equals. Our empirical research considers the following dimensions of our variables: (i) institutional design: institutional framework and functioning, conditions of participation, discussion and deliberation; (ii) context: degree of civil associativity for each city and the configuration of the political groups that implant the participatory arrangements; (iii) politics: the scope of social representation and participation and (iv) accountability: transparency and responsiveness that these public forums make possible within civil society. Among our most important findings, we have seen those that are closer to the principles of deliberative democracy are those whose experiences have been built from grass-roots civil society and implanted by political groups with an explicit goal of increasing social participation in public deliberation. The prevalence of a technical bureaucracy that presides over participatory processes has exactly the opposite effect.",Revista de Sociologia e Política,Geral,quantitativo,,,,,,,,,,
461,Mecanismos entre decisão e implementação: a efetividade nos conselhos municipais de habitação,"Rodrigues, Fernando Peres",2021,https://doi.org/10.1590/1678-987321297802,"ABSTRACT  Introduction: This article evaluates, within the framework of the Participatory Institutions (PIs) Effectiveness agenda, whether and how municipal housing councils affect public policies. First, it has identified the types of decisions produced by these councils. Then the effects on the policy were verified.  Material and Methods: For this part of the investigation, decisions aimed at driving policies were analyzed. They are related to the definition of criteria of a federal program and the definition of guidelines on urban operations with municipal resources. In the first case, it was made an analysis of the decisions of councils of different municipalities on selection criteria of the program Minha Casa, Minha Vida. In the second case, it was analyzed decisions of the housing council of São Paulo for housing construction.  Results: The finds shows that decisions affect and produce effects on public policy. Furthermore, it spells out how councils focus on policy, revealing mechanisms that affect the effects of their decisions. The mechanisms are induced discretion, bureaucratic efficiency and local interinstitutional competence.  Discussion: How these mechanisms operate can change the degree and speed of effects on public policy, not only of municipal housing councils, but also of other PIs.",Revista de Sociologia e Política,Nível de rua,nao identificado,,,,,,,,,,
462,"Mais capacidade estatal, menos corrupção? Uma análise para a América Latina (1996-2015)","Nascimento, Luma Neto do",2018,https://doi.org/10.1590/1678987318266806,"Abstract  Introduction The greater the state capacity, the less corruption? This article tests the hypothesis that state capacity reduces levels of corruption in Latin America in the period between 1996 and 2015.  Materials and methods For a robustness test, the level of absence of corruption was measured by two different indices, the CPI index of Transparency International and the CCI index of the World Bank. State capacity was measured through tax collection as a percentage of GDP; the State’s coercive capacity was measured by military expenditures as a percentage of GDP; administrative capacity was measured through the bureaucratic quality index of the ICRG. For the hypothesis tests two PCSE data panels were estimated, one with the CPI as dependent variable and another with the CCI as dependent variable.  Results The results suggest that the main hypothesis was confirmed: the state capacity increases the levels of absence of corruption, even after the test of robustness for the two measures of absence of corruption and with controls for possible political and socioeconomic determinants of corruption suggested in the literature. However, the measure of administrative capacity only achieved significance with the CCI index as a dependent variable.  Discussion This research will contribute to the literature when analyzing a new determinant of corruption, state capacity, showing that this should be included in the studies that intend to analyze its causes.",Revista de Sociologia e Política,Geral,quantitativo,,,,,,,,,,
463,"Assimetria informacional, poder e sistemas deliberativos: uma análise de conflitos ambientais em Minas Gerais informacional deliberativos","Motta, Filipe Mendes; Mendonça, Ricardo Fabrino",2023,https://doi.org/10.1590/1678-98732331e008,"ABSTRACT Introduction: We examine how informational asymmetry can be a disruptive factor to deliberative proceedings, as it severely compromises the capacity of the actors involved and the prospects and limits for good decision-making in deliberative systems. Materials and methods: Through an interpretative approach, we examined the informational constraints and asymmetries in mining-related environmental disputes in the state of Minas Gerais, Brazil. We conducted a systematic monitoring of institutional participation arenas (public policy councils) and civil society activism (Movement for the Mountains and Waters of Minas). Through 45 semi-structured interviews, we spoke to members of civil society affected by mining, bureaucrats, and employees of mining companies, among other actors. Results: The analysis enumerates a series of critical issues, such as: the risk of market actors monopolizing the production of information about public affairs; suppressing or spreading fragmented information to prevent opponents from taking an informed stance on new mining initiatives or regulation changes; the use of technical and scientific terminology which hinders the participation of civil society. Discussion: Two layers of epistemic injustices constrain the debate and involve informational asymmetry: i) structural elements such as the provision of information and the regulations/formats of participation arenas; and ii) more contingent factors related to strategic actions, ranging from premeditated content manipulation to the strategic use of existing rules. In our conclusion, we suggest ways to promote different perspectives in the discussion surrounding this matter. Introduction proceedings decisionmaking decision making systems methods approach miningrelated Gerais Brazil councils Movement Minas. . Minas) 4 semistructured semi structured interviews bureaucrats companies Results issues affairs changes Discussion i regulationsformats regulations formats ii actions rules conclusion matter",Revista de Sociologia e Política,Geral,qualitativo,,,,,,,,,,
464,"Interfaces das interfaces socioestatais: ouvidorias, conselhos gestores e Facebooks governamentais","Lüchmann, Lígia Helena Hahn",2020,https://doi.org/10.1590/1678-987320287405,"ABSTRACT  Introduction: The work aims to analyze the articulations between three different types of interfaces between State and society: ombudsmen, management councils and government Facebooks.  Materials and Methods: The study is based on the mapping of these interfaces in three different areas of public policies: health, social assistance and environment and at two levels of government (Santa Catarina State Government and Florianópolis City Hall). Based on a general mapping of the interfaces identified on the respective pages of the Government Departments, the research included document analysis, interviews, survey of records in Council minutes and government Facebook posts.  Results: Taking dimensions as attributions, competences, institutional design, area of public policies and the role of political, bureaucratic and social actors as an analytical base, the research identified important differences in the greater or lesser capacity for dialogue between the three modalities of socio-state interface, with positive highlight for councils in the areas of health and social assistance.  Discussion: The research presents an advance in studies on socio-state interfaces, extending, in addition to participatory institutions, the modalities of society's participation in government agencies. Despite the limited scope of the study, especially when considering the complexity and variety of participatory programs and devices within government agencies and structures and local and regional specificities, the article reinforces the importance of expanding, in a relational way, the understanding of this phenomenon.",Revista de Sociologia e Política,Geral,metodos mistos,,,,,,,,,,
465,"Quem ganha o quê, quando e como? Emendas orçamentárias em Saúde no Brasil","Baião, Alexandre Lima; Couto, Cláudio Gonçalves; Oliveira, Vanessa Elias de",2019,https://doi.org/10.1590/1678-987319277104,"ABSTRACT  Introduction: According to conventional wisdom, individual parliamentary amendments would lead to misuse of the treasury either favouring corruption or draining national program’s resources to other inefficient and scattered initiatives. Nonetheless, individual amendments have gained room on federal budget bills, especially those focused on health expenditures. Hence, this paper has two goals: a) to verify whether the budget amendments are concentrated on the most vulnerable locations; and b) to identify the factors underpinning the decision when politicians allocate amendments among municipalities.  Materials and Methods: To address the first purpose, we split the municipalities into groups based on their vulnerability. Then we verify whether the most vulnerable ones were the most. The analysis included the construction of an index based on assigned random weights in a Monte Carlo simulation. To achieve the second goal, we used a regression of the amendments proposals face to political, economic, fiscal, social and bureaucratic factors.  Results: Within each State the budget amendments concentrated solely on municipalities able to pull it off by their own. In addition, necessity-based factors didn’t affect allocation choice, in the other hand, political variables had a significant impact.  Discussion: municipal needs could be less important due to mechanisms behind the resources’ political use. It’s likely that deputies don’t use amendments to satisfy directly voters in need of public assistance, but rather to build alliances with cities’ mayors.",Revista de Sociologia e Política,Nível de rua,quantitativo,,,,,,,,,,
466,Condições e relações de trabalho no serviço público: o caso do governo Lula,"Gomes, Darcilene Cláudio; Silva, Leonardo Barbosa e; Sória, Sidartha",2012,,"This article attempts an inventory of the numerous initiatives of the Lula government (2003-2010) with regard to the establishing of human resource policy and, in this regard, seeks to verify if there has been improvement in working conditions and relations in the Brazilian public sector. As of the 1990s and against the grain of the major growth of public employment over the previous six decades, Brazilian government adhesion to the principles of the ""Washington Consensus"" has made it clear how civil service becomes a crucial issue on the agenda of reforms deemed necessary to recover economic growth. Such governments have tended to deal with public employment as a fiscal problem and have acted in such as way as to restrict it. Simultanteously, work conditions and relations have become more precarious (as evidenced by the absence of inflation adjustments, the increase in variable forms of wages and salaries; increased temporary and subcontracted labor and authoritarian positions regarding labor unions). Through documentary and bibliographic research, we have been able to see that the restructuring of different careers, new employment openings, the creation of a National Board of Permanent Negotiation, social security system reform and selective wage readjustment show that ambiguity is the fundamental trait of human resource policies. This is due to the fact that improvements in civil servants' working conditions have been accompanied by the maintenance of a part of the conservative agenda of the 1990s, particularly that part that has sought to reproduce rigorous fiscal limits.",Revista de Sociologia e Política,Nível de rua,quantitativo,,,,,,,,,,
467,Coordenação federativa e capacidades estatais: implementação de critérios técnicos na seleção de diretores escolares no Brasil,"Oliveira, Ana Cristina Prado de; Franklin, Hiago Cesar; Araújo, Adriana Norbert Gomes",2026,https://doi.org/10.1590/1678-98732434e005,"ABSTRACT  Introduction: The appointment of school principals in Brazil has long been dominated by political patronage, with nearly 70% of municipal principals in 2019 assuming office exclusively through political appointment. The New FUNDEB Law introduced the VAAR Complement (Complementação Valor Aluno Ano Resultado), a results-based per-student funding mechanism that makes federal transfers contingent on the adoption of technical, merit- and performance-based procedures for the appointment of school principals. This article examines how subnational governments have interpreted and implemented these requirements and analyzes the effects of federal coordination on local state capacity in a context of pronounced administrative heterogeneity across subnational jurisdictions.  Materials and methods: We conducted an in-depth documentary analysis of legislation submitted by 105 subnational governments as evidence of compliance with the funding conditionality. A comparative analytical matrix was employed to examine key concepts and the internal coherence of the documents. Merit-based criteria were organized into four dimensions (educational qualifications, eligibility, professional experience, and permanent civil service status), while performance-based criteria were classified into four categories (management training courses, profile assessments, management plans, and evaluation).  Results: Merit-based criteria were relatively uniform across jurisdictions, whereas performance-based criteria exhibited substantial variation. The absence of explicit definitions for key concepts required analytical inference. The analysis also identified insufficiently specified monitoring and evaluation mechanisms. Data from the 2024 School Census indicate a sharp decline in political appointments - now accounting for 40% of positions in municipal school systems - alongside an increase in selection processes followed by elections involving school community participation, which account for 26% of appointments in state school systems.  Discussion: Conditional financial transfers have reshaped appointment practices long dominated by political patronage, underscoring the effectiveness of federative inducement mechanisms without encroaching on local autonomy. At the same time, small municipalities encounter significant obstacles in implementing technical criteria, largely due to limited state capacity. Existing regulations offer insufficient guidance on the monitoring and evaluation of school principals after appointment, thereby constraining the policy's full potential. The findings further suggest that technical criteria and school community participation are compatible when organized sequentially, challenging perspectives that treat professionalization and democratization as inherently at odds.",Revista de Sociologia e Política,Alto escalão,nao identificado,,,,,,,,,,
468,Transformação digital e proteção de dados: análise institucional da implementação da LGPD nas capitais brasileiras,"Lui, Lizandro; Santos, Moacir Cézar; Gomes, Thayná Rosa; Ferreira, Gabriela Candido",2025,https://doi.org/10.1590/1678-98732433e008,"ABSTRACT  Introduction: Digital transformation in Brazil's public sector faces persistent challenges related to data governance, particularly following the enactment of the General Data Protection Law (Lei Geral de Proteção de Dados - LGPD, in Portuguese). This article examines how Brazilian state capitals have structured their data governance policies and the implications of these arrangements for the digital transformation of local governments. The analysis draws on the Institutional Analysis and Development (IAD) Framework to explore the institutional arrangements that shape the design and implementation of such policies.  Materials and methods: The study adopted a qualitative approach, combining documentary analysis of municipal regulatory instruments with semi-structured interviews conducted with public managers, technical staff, and oversight body representatives involved in LGPD implementation across all 27 state capitals. Data analysis followed a thematic content approach, using the IAD framework as the guiding lens.  Results: The implementation of the LGPD has incorporated new actors into local data governance, most notably internal and external oversight bodies. The strategies adopted across state capitals show significant heterogeneity, reflected in: (i) the lack of effective mechanisms for horizontal coordination; (ii) substantial differences in organizational arrangements; and (iii) limited standardization of tools and procedures. This fragmentation undermines policy effectiveness and constrains the development of integrated digital platforms for public service delivery.  Discussion: Fragmented data governance and the absence of effective intergovernmental coordination represent structural barriers to the digital transformation of local governments in Brazil. These findings point to the need for more robust coordination mechanisms across levels of government, as well as the development of national guidelines to foster greater alignment in data governance practices.",Revista de Sociologia e Política,Nível de rua,metodos mistos,,,,,,,,,,
469,Capacidades estatais municipais e desempenho escolar no Brasil: o papel da gestão informacional na educação básica,"Sátyro, Natália; Recch, Filipe; Diniz, Bruno Lazarotti; Cunha, Pedro Schettini",2026,https://doi.org/10.1590/1678-98732434e001,"ABSTRACT  Introduction: In Brazil, differences in school performance can be largely attributed to socioeconomic conditions, as well as to school- and teacher-level characteristics. Yet the relationship between subnational state capacity - particularly within municipal and state education departments - and educational outcomes remains underexplored in the literature. This article examines the extent to which municipal state capacity and education-specific management capacities are associated with school performance.  Materials and methods: The study employs a quantitative, cross-sectional design, using linear regression models with controls for state-level differences. The unit of analysis comprises municipal and state public schools with available data from the 2023 SAEB and IDEB assessments. Independent variables include the Municipal Management Index (i-GeM) and its five constituent dimensions, as well as a set of education-specific indicators of municipal education management (planning capacity, teacher career structures, financial autonomy, procedures for appointing school principals, and mechanisms for assessing educational demand). All models control for students' socioeconomic status, educational inequality, and the size of the municipal education system.  Results: The findings show that municipal informational capacity is the only dimension of the i-GeM that is consistently associated with higher levels of school performance. Formal institutional instruments, such as municipal education plans or teacher career plans, do not exhibit statistically significant effects. In contrast, greater financial autonomy for municipal education secretariats, procedures for appointing school principals, and mechanisms for identifying educational demand are positively associated with educational outcomes.  Discussion: The findings indicate that what matters is not state capacity in the abstract, but rather specific capacities oriented toward data use, planning, and information management. The study highlights the central role of informational capacity in subnational education governance and points to the limitations of existing indicators of state capacity, suggesting a research agenda focused on more precise measurement of state capacities and their causal mechanisms in educational outcomes.",Revista de Sociologia e Política,Nível de rua,quantitativo,,,,,,,,,,
470,Arranjos de implementação e ativação de capacidades estatais para políticas públicas: uma abordagem analítica,"Pires, Roberto Rocha Coelho; Gomide, Alexandre de ávila",2024,https://doi.org/10.1590/1678-98732432e022,"Introduction: The concept of “state capacity” has been widely discussed, but there are still gaps in understanding how these capacities are mobilized and activated in practice. This article looks at how state capacity is deployed in contexts that require reconciling governmental effectiveness with political legitimacy in complex political and institutional environments.  Materials and methods: We present an analysis of the arrangements for implementing and activating state capacities, drawing on a literature review and empirical examples. The analysis covers the actors involved, the resources mobilized, and the tools employed, while highlighting changes over time.  Results: Implementation arrangements are vital for activating state capacities, as the interaction between actors and tools shapes the effectiveness of public policies. Arrangements that bring in the right actors and effective coordination tools activate capacities that enhance performance in terms of both outcomes and innovation.  Discussion: State capacity alone is insufficient to ensure the success of public policies; this can only be achieved through arrangements that bring together actors and tools, constantly adapting to changing contextual conditions. The flexibility of these arrangements is essential for navigating the political and institutional complexities of contemporary Brazil.",Revista de Sociologia e Política,Alto escalão,quantitativo,,,,,,,,,,
471,Arranjo institucional e a capacidade estatal de implementação do Projeto Mais Médicos Brasil (PMMB),"Macedo, Alex dos Santos; Ferreira, Marco Aurélio Marques",2020,https://doi.org/10.1590/1678-987320287608,"ABSTRACT  Introduction: The institutional arrangement for implementation of the More Doctors Project Brazil (PMMB) involves various governmental and non-governmental actors at different levels of the federation. It is a complex arrangement conducted in an intersectoral and collaborative manner, which requires mobilization of coordination and articulation capacities of those responsible for its conduct. As a result, we analyzed the implications of institutional arrangements and their interrelationships with state capacities, which may affect the performance and delivery of the intended objectives of the intervention.  Materials and methods: To this end, 8 interviews were conducted with key actors, directly or indirectly linked to the implementation of the project at the federal level, from July 2018 to January 2019, as well as documentary analysis.  Results: The results indicate that, initially, the arrangement facilitated the construction of technical-administrative and political-relational capacities that allowed to overcome the challenges in terms of coordination of the various actors and bureaucracies at the inter-federative level, in order to take doctors to unassisted or unsafe places. difficulties in fixing them. Among other issues, the social acceptance of the intervention, the generation of short-term results and the centrality of the policy on the government agenda contributed to this process. However, changes in the socio-political context, which culminated in government change and central actors responsible for the implementation arrangement, combined with the resistance of pressure groups, weakened the ability to deliver the expected outcomes.  Discussion: Therefore, it is evident that the implementation capacities of a public policy are not fixed and demand constant activation of its institutional arrangement.",Revista de Sociologia e Política,Alto escalão,qualitativo,,,,,,,,,,
472,Prioridades em políticas públicas: Mensagens ao Congresso Nacional na agenda governamental 1991/2020,"Capella, Ana Cláudia Niedhardt; Brasil, Felipe Gonçalves",2022,https://doi.org/10.1590/1678-98732230e017,"ABSTRACT  Introduction: Through the analysis of the Messages to the National Congress delivered by the elected presidents, we investigate the priorities in public policies in the formation of the governmental agenda, using the concept of symbolic agenda.  Methods: All the “Messages to the National Congress” between 1991 and 2020 were analyzed. This type of document represents a constitutional obligation in which the President sends, at the opening of each year’s legislative session, a report outlining the country’s situation and the priorities of actions proposed for that year. The content of the texts was transformed into indicators of attention according to the type of sectoral policy portrayed in the original documents.  Results: The data reflect government attention to the most different public policies in a longitudinal perspective, highlighting changes and permanence in the priorities of the presidents elected in Brazil under democratic rule. Certain sectoral policies, such as those linked to public administration and internal government and macroeconomics, have always been priorities in presidential speeches. In a different way, it is also possible to identify changes in priorities and distribution in the appearance of sectorial policies depending on the political party, the elected president and the external environment, as is the case of the peaks of attention on social policies and foreign policy in the governments of the PT, or the priorities in public administration reforms and foreign trade that marked the governments of former president Fernando Henrique Cardoso to the detriment of other sectors.  Discussion: The results obtained from an innovative method that quantitatively organizes the themes selected as the priorities of elected presidents are analyzed based on the symbolic agenda literature, a recent approach within agenda-setting and public policy change studies. The article, then, discusses the process of choosing and prioritizing the issues that will gain the attention of the symbolic agendas in a document directed to the legislative branch, of great importance in defining the presidential agenda at the beginning of each year. It also presents analyzes on the relationship between the capacity and diversity of the agenda with the political context, demonstrating positive relationships between the growth of the agenda and its diversity in moments of reelection or maintenance of the same party (low institutional friction), as well as showing a retraction of the agenda with greater thematic concentration in moments of institutional tension (impeachment) and change in the leadership of the executive (turnover).",Revista de Sociologia e Política,Geral,quantitativo,,,,,,,,,,
473,"Em nome de quem? Governo, instituições e economia política no campo do combate às doenças respiratórias: o caso da lei antitabaco em Portugal","Barradas, Carlos",2014,https://doi.org/10.1590/1678-987314225106,"Using a variety of empirical sources and a specific theoretical framework, this article attempts to assess the combination of actors and moments that triggered a new ""constellation of institutions in the legislative, executive and judicial branches"" and led to the implementation of a regulatory structure for the tobacco sale and consumption in Portugal, thus changing the discourse on rights and duties of individuals and, ultimately, habits and beliefs rooted in social life. The research was conducted using a variety of legislative and media materials with the focus on the anti-tobacco law in Portugal . The initial question was to assess how the new institutional economics and volitional pragmatism constitute adequate theoretical and methodological tools for the analysis and interpretation of the development and establishment of the anti-tobacco law in Portugal. The new institutionalism, the volitional pragmatism and the epistemology it advocates provide useful conceptual and methodological tools for the analysis of economic phenomena that can not be examined by taking the market or individual's rationality as unique references, in a mechanistic model like the Paretian, which indicates what is ""socially preferred"", particularly because what is ""social"" has different meanings and appropriations. In the case of public policy , the anti-tobacco law is a great example, given the swiftness and extent of its application. Making use of and briefly describing the main concepts deriving from a restricted theoretical framework of institutional economics, its applicability to other empirical contexts was sought. This article attributes further consistency to the non-dominant theoretical models based on institutional economics that satisfactorily explain the emergence of anti-tobacco laws and provokes new research leading to the consolidation and validity of a non-dominant theoretical and methodological standpoint. Finally, it is needed to say that such theoretical and methodological models contain explanatory capacity, motivated by its application in another empirical context.",Revista de Sociologia e Política,Geral,quantitativo,,,,,,,,,,
474,O terceiro setor como executor de políticas públicas: Ong's ambientalistas na baía de Guanabara (1990-2001),"Mattos, Solange Maria da Silva Nunes; Drummond, José Augusto",2005,,"Over the last ten years, organized civil society has gained a growing presence in the discussion, formulation and implementation of public policies in Brazil. Representing a mosaic of multi-faceted institutions endowed with a singular capacity to implement local actions from a global perspective, we focus particularly on environmentalist NGOs that act in the Bay of Guanabara, an estuary of great importance for the state of Rio de Janeiro that is subjected to aggression on a daily basis. Our findings indicate that several projects on environmental preservation or recuperation that have been developed with the participation of these NGOs mobilize volunteers and the media, sensitize the population to ecological issues and contribute to the education of low income urban communities, providing guidelines for a holistic relationship between humans and the environment and constituting new social actors. In this way, they provide more efficient means for public intervention in the recovery of the environmental quality of the estuary's eco-systems.",Revista de Sociologia e Política,Geral,nao identificado,,,,,,,,,,
475,O elo perdido da descentralização no Brasil: a promoção das capacidades estatais municipais pelo governo federal,"Grin, Eduardo José; Abrucio, Fernando Luiz",2021,https://doi.org/10.1590/1678-987321297702,"ABSTRACT  Introduction: The article addresses the promotion of municipal state capacities through the Tax Administration Modernization Program (PMAT), implemented by BNDES, between 1997 and 2014. It seeks to analyze how federal programs that promote municipal state capacities, implemented by sub-governments (federal public bureaucracies with reasonable autonomy of action to define their rules), can generate federative dissonance and reduce their possibility of access if they disregard the different municipal realities.  Materials and Methods: were used quantitative techniques (descriptive statistics generated from the PMAT municipal adhesion reports and a Websurvey with the city halls) and qualitative techniques (interviews with federal managers - BNDES, Ministry of Finance and Caixa Econômica Federal - and political and technical leaderships of the National Confederation of Municipalities, Brazilian Association of Municipalities and National Front of Mayors. The theoretical argument is that dissonances between the federal agencies that provide programs and the municipalities as recipients produce low performance in terms of adhesion.  Results: the research showed how games of federative cooperation can result in contrasting views between feds and locals. Empirically, this discussion was based on the implementation of the PMAT and how the explanatory mechanism of federative dissonance allows us to understand the relationship between “donor” and “recipient” in the midst of intergovernmental relations. The result of federative cooperation was the opposite of what its most benign view advocated as it encouraged more defensive actions by municipalities that weighed the costs and benefits of accessing the PMAT.  Discussion: given the institutional design of the PMAT, considering the combination of the requirements for municipal entry and the fact that the applications are voluntary, the inducements favored the largest municipalities. Asymmetry of access was generated, which favored the most affluent cities. The federative dissonance between the BNDES and the municipalities is what explains the reality of the adhesions and the mismatch between the feds and the locals. With their format, rules of induction and disagreements over their operation, in federal terms, programs with these characteristics have little chance of being successful as a means of access for the vast majority of cities. The article contributes to the knowledge about the design of federal programs and their rules of access by subnational entities, especially those to promote municipal state capacities. Another contribution is that the way in which feds design and implement programs influences the type of municipal membership. The action of subgovernments can generate views that do not coincide between federal managers and the municipal reality. This is another contribution to the literature on federalism and state capacities of local governments.",Revista de Sociologia e Política,Alto escalão,metodos mistos,,,,,,,,,,
476,Gênero e participação em nível local: estudo sobre conferências municipais de políticas públicas,"Romão, Wagner; Martelli, Carla Giani",2020,https://doi.org/10.1590/1678-987320287610,"ABSTRACT  Introduction: This article aims to discuss the participation of women in public policy conferences at the municipal level. Literature has pointed out that conferences are modalities of participation with the potential to reduce gender inequalities typical of traditional political institutions such as the Legislative Branch, at the three levels of government. However, even the conferences at their highest levels (national and state), seem to reproduce these same inequalities. We seek to understand the founding elements of this phenomenon by analyzing attributes of conference participants at the municipal level, focusing on the various sectors of public policy and the associative ties of these participants.  Materials and methods: The empirical research focused on seven municipal conferences that took place in 2013 in the city of Piracicaba-SP, referring to the sectors of Education, Social Assistance, Cities, Environment, Culture, Racial Identity and Sports. Questionnaires were applied to the participants of these conferences, taking care not to include among these representatives of the local government. We obtained information about the respondent’s socio-economic and political-institutional profile. Then, we proceed to the tabulation and statistical treatment of the data obtained, with a chi-square test of independence, to verify the existence of an association between the variables analyzed and the type of conference, and subsequent analysis of multiple correspondences, once that we wanted to assess the association between categorical variables.  Results: There is a strong association between female participants and the Education and Social Assistance conferences. This result is related to the professional activity of women in these sectors, as teachers and social workers, reinforcing the thesis that considering the specificity of public policy areas is important for understanding the inclusive potential of women in conferences. In addition, the non-connection of women with non-governmental organizations, social movements, unions and political parties, as well as the non-participation in previous councils and conferences, was quite significant.  Discussion: The participation of women in municipal conferences is strongly related to their professional activity. The low presence of women in institutions and movements that organize civil society, as well as in political parties - in comparison with men - are factors that are not only correlated, but that taken together, enhance the restriction of women’s participation in the instances political decision-making by Brazilian society, including in spaces for institutional participation such as conferences, even at the local level.",Revista de Sociologia e Política,Geral,quantitativo,,,,,,,,,,
477,Construção e desconstrução das Subprefeituras na cidade de São Paulo no governo Marta Suplicy,"Grin, Eduardo José",2015,https://doi.org/10.1590/1678-987315235507,"AbstractThis research deals with the implementation of the Subprefectures in São Paulo city during the term of mayor Marta Suplicy (2001/2004). The article seeks to contribute for a lacking theme in the Brazilian political science: the intramunicipal decentralization and their effects in the administrative and political game. We perfomed a qualitative analisys using the case study method and the process tracing to identify the causal conditions that influenced in the administrative and political configuration of the Subprefectures. We discuss how the Subprefectures served to the government to consolidate its legislative support, despite of putting in second place the participatory democracy in the regions. We analyze how the government envisaged the resistence of municipal Secretaries fearful of losing power to the Subprefectures. The article discusses two hyphotheses. The fisrt, is that government backed the proposed project of Subprefectures before the opposition from municipal Secretaries, fed by the internal dispute in the PT, majoritary party, and their goals of power in these bodies. The decentralization was conditioned to the level of adhesion from the sectoral policies. The second one understands the the government abandoned the model of Subprefectures as cores of local power supported for social control, because these passed to serve to expand the political alliances in parlament, relegating the Participatory Budget to a secondary position. The hypotheses were conformed because the causal explanation suggested was evidenced in the empirical analysis. Administratively the limited scope of the Subprefectures had as core cause the fearful of the Secretaries of losing power to the regions. The decentralization depended how the Secretaties involved in this process. Politicaly, the Subprefectures were resources to the government to increase its coaltion support being this the causal explanation of the priority conferred by the government to the aldermen's logic.",Revista de Sociologia e Política,Geral,metodos mistos,,,,,,,,,,
478,Decadência longe do poder: refundação e crise do PFL,"Ribeiro, Ricardo Luiz Mendes",2014,,"This dissertation aims to analyze the re-foundation process of the Partido da Frente Liberal (PFL), which resulted in the change of command of the party and the replacement of the previous name of the legend by Democrats (DEM) in March 2007. We assume the hypothesis that the transfer of the PFL for the opposition since 2003, unprecedented in the history of the party, was the crucial event to the decision of party leaders to try to give new image and identity to the PFL. We argue also that the re-foundation aimed to reposition the PFL in Brazilian electoral political market in order to attract the support of the urban voters located in large and medium-sized cities. Interviews with political leaders and party, plus documents, promotional material and public opinion polls produced by PFL/DEM were used for the analysis and description of the PFL re-foundation process. Data about party switching phenomenon and PFL electoral performance before and after the path to the opposition to Lula administration were also employed. We show that the transition to the opposition led to the weakening of the PFL. Two movements together caused the retreat of the party: 1) the transfer of PFL politicians to parties allied to Lula´s administration, 2) the poor electoral performance in the Northeast, traditional stronghold of the PFL during the time it was in the government and that was progressively dominated by parties which supported PT administration. Finally, dealing with the results of municipal elections in 2000, 2004 and 2008, we present data and statistical tests that support the idea that less developed municipalities, few populated, located in the Northeast region and whose economies are more dependent on public sector have a pro-government bias. That is, in these locations, more than in the rest of the country, local government tends to align with the federal government. This trend seems to provide a good explanation for the withdrawal of the PFL in municipalities with the characteristics specified above. The results presented here indicate the centrality of federal power in the Brazilian political system and the difficulty of survival faced by opposition party especially when it does not control important state governments, as was the case of PFL from 2006.",Revista de Sociologia e Política,Geral,metodos mistos,,,,,,,,,,
479,A metamorfose do orçamento participativo: mudança de governo e seus efeitos em Porto Alegre,"Rennó, Lúcio; Souza, Aílton",2012,,"The different participatory experiences emerging in Brazil during the decade of the 1990s came together, as Tatagiba has argued, in turning the country into ""a hotbed of innovative management experiences"". One outstanding experience is the Participatory Budgeting Orçamento Participativo (OP) Program, which over the course of the years has been the stage of intense debate and study, garnering both admirers and critics. Yet notwithstanding its fame and the many studies that have been made of it, few researchers have sought to evaluate the program's performance and sensitivity to municipal government. This article examines the participatory budget program in Porto Alegre within the period spanning 1989 to 2008, making specific analysis of the program's sensitivity to changes inadministration, that is, fromtheWorkers'Party(Partidodos Trabalhadores (PT))between 2001-2004 to the PMDB (Party of the Brazilian Democratic Movement or Partido do Movimento Democrático Brasileiro) from 2005-2008. In other words, we ask whether the change in the political party at the head of city government made a difference in terms of program performance. Our analysis indicates that the program has been highly influenced by the political party responsible for its implementation. This can be seen as evidence of low levels of institutionalization, even in the municipality where the program has been most successful, that is, in Porto Alegre.",Revista de Sociologia e Política,Alto escalão,nao identificado,,,,,,,,,,
480,Gestão pública municipal e participação democrática no Brasil,"Rocha, Carlos Vasconcelos",2011,,"This article looks at three cases of democratic participation in municipal administration in the state of Minas Gerais, that is, Health Management Councils (Conselhos Gestores de Saúde), in the Bom Despacho and Lagoa da Prata municipalities, and the Centers for Meetings and Integrating Actions (Centros de Encontro e Integração de Ações (CEIA)), in the municipality of Betim. Over the last few decades, political participation has been characterized by a growing presence of civil society in processes surrounding the definition of public policy. Thus, the spaces in which civil society and State actors participate in diverse arenas of decision-making on social policies tend to become institutionalized. A substantial part of the existing literature places its wager on the democratic virtues of political participation. This article, however, attempts to point to a series of problems affecting the institutionalization of democratic participation. Results of the cases we look at here show that the experiments analyzed do not indicate the evolution of Brazilian democracy in the direction of its initial promise. In general, the degree of participation that is verified is less than that which defenders of participatory democracy would desire, especially since the measurement criteria that are adopted reflect an ideal standard that does not materialize easily. Nonetheless, if we look at the recent historical trajectory of our democratic institutions, the definition of civil society's deliberative spaces, in spite of its problems, has the undeniable potential of reinforcing the accountability of public power, thus increasing the transparency of its actions.",Revista de Sociologia e Política,Geral,quantitativo,,,,,,,,,,
481,Propostas para uma gestão pública municipal efetiva,"Rosa, Denis",2004,,,Revista de Sociologia e Política,Geral,nao identificado,,,,,,,,,,
482,Orçamentos Participativos: variáveis explicativas e novos cenários que desafiam a sua implementação,"Fedozzi, Luciano; Ramos, Marilia Patta; Gonçalves, Fernando Gonçalves de",2020,https://doi.org/10.1590/1678-987320287305,"ABSTRACT  Introduction: This paper aims to contribute to the investigations about explanatory factors of the adoption of Participatory Budgeting (PB) by Brazilian municipalities.  Material and Methods: Data from the municipalities with PB extracted from the database of the Brazilian Network of Participatory Budgets (2009-2012) and socio-demographic data from all municipalities in the country (with and without PB), extracted from the IBGE Census and systematized in the IPEA Atlas Brazil (2013), werewas analysed through Principal Components Analysis and Binary Logistic Regression methods. Based on the literature, variables already known concerning institutional design, associativism and political will of the rulers are discussed. Subsequently, independent and exogenous variables regarding participation are tested, such as regionalization, size of cities, local wealth and socioeconomic development of municipalities, as well as the predominant ideology of the mayors in office.  Results: On one hand, results indicate that ideological orientation, geographical region, social development, economic inequality and size of municipality interfere with the chances of adopting the PB. On the other hand, both relative economic wealth and associativism have no significant impacts.  Discussion: The introduction of other variables, together with known factors test, increases the knowledge about conditions in which municipalities adopt the PB. The research indicates that cyclical and structural elements constitute a new moment of adversity for the adoption of PB. This context accentuates the declining political importance of PB in the democratization and social inclusion agenda in the country.",Revista de Sociologia e Política,Alto escalão,quantitativo,,,,,,,,,,
483,Realineamiento electoral. Análisis de la transferencia de votos en escenarios transicionales en Colombia,"Milanese, Juan Pablo; Corredor, Camilo Ernesto Serrano",2021,https://doi.org/10.1590/1678-987321297908,"ABSTRACT  Introduction: Debates about party systems in Latin America classify the Colombian case as deinstitutionalized. Even when this statement is undoubtable, the fact that there are issues that arrange the electorate goes usually unnoticed. Hence, this motivates temporarily consistent behaviours, especially in presidential elections. So far this century, the effect is associated with the kind of exit (military / negotiated) offered to end the internal armed conflict. From this point of view, this paper intends to trace the way in which the electorate is space-temporarily configured in favour and against the peace agreement in the regions where this conflict was stronger. Particularly, in the middle of a transitional process in which the dialogue tables between the government and the FARC-EP went to the endorsement and the implementation phases.  Materials and methods: To achieve this, we evaluate the transfer of votes during the second presidential rounds of 2014 and 2018, and in the 2016 peace referendum. We analyse the results in the 167 municipalities prioritized by the (failed) Special Transitory Districts of Peace. Based on the consideration of uncertainty, typical of war-to-peace transition contexts, we use an ecological inference model at the polling station level (the results were analysed in more than 7500 voting tables) distributed in the sixteen special districts.  Results: Within this framework, the negotiated exit/military exit dichotomy of the conflict is effectively identified as the main axis of electorate aggregation. In fact, it produces entrenched electorates. However, the empirical evidence also suggests that the 2018 elections showed an increasing fluency. From this point of view, the exit from the armed conflict effectively configures segments of consistent voters, producing a quasi-cleavage. However, although entrenched electorates predominate, there is a relative level of fluidity (growing since the 2018 elections) offering signs of an electoral realignment process.  Discussion: This result shows that, despite the deinstitutionalization of the Colombian party system, there are issues that articulate the vote and produce relatively stable electorates. However, the existence of a political transition, and a process of agenda normalization, could be generating its reconfiguration.",Revista de Sociologia e Política,Geral,nao identificado,,,,,,,,,,
484,Relações intergovernamentais e descentralização: uma análise da implementação do SUAS em Minas Gerais,"Costa, Bruno Lazzarotti Diniz; Palotti, Pedro Lucas de Moura",2011,,"According to existing literature on public policy, the decentralization of social policies within federative contexts should promote the compatibility of the autonomy of federal entities with the need for political coordination toward the fulfillment of common goals. In the case of welfare assistance in Brazil, there is the additional challenge of building a proper field for state intervention capable of moving beyond clientelism, philanthropy and institutional fragmentation. This paper seeks an understanding of the role of institutional arrangements and the induction promoted by central governments in the recent municipalization of welfare assistance in the state of Minas Gerais, focusing on two initiatives: preparing municipalities to deal with the Sistema Único de Assistência Social (Unified System of Social Assistance - SUAS) and the implementation of the Centros de Referência da Assistência Social (Centers of Reference of Social Assistance - CRAS). Our research was based on administrative records and on official reports and publications, interviews with technicians in the field and a series of secondary data. Our major conclusions maintain that the formal rules of and commitment to decentralization at federal and state levels were relevant in explaining the scope and format of SUAS implementation in Minas Gerais, a process that is still underway at present.",Revista de Sociologia e Política,Nível de rua,metodos mistos,,,,,,,,,,
485,La política del hambre: una emergencia permanente en Argentina,"Sordini, María Victoria",2022,https://doi.org/10.1590/1678-98732230e004,"ABSTRACT  Introduction: The sociological assessment of the food problem as a social issue allows for identifying those means of integration and regulation by which the hunger problem may be overcome, relieved, reconfigured or deepen. Food policies have affected the living conditions and reproduction of many different social groups who have been experiencing unemployment and impoverishment since 1970. This paper aims to provide an exhaustive mapping of those food programs implemented in the district of General Pueyrredón, province of Buenos Aires, between 1983 and 2020, and analyze their presence in the target population’s biographical stories.  Materials and Methods: This is a qualitative. The mapping reconstruction was based on a literature review of primary (official documentation) and secondary (academic research) resources as well as in-depth semi-structured interviews with technicians and professionals designing, managing, and implementing these programs between 1983 and 2020. To analyze the influence of such programs in the target population, in-depth semi-structured interviews were conducted within the oral history approach from the biographical method framework. Through theoretical snowball sampling, 22 people working at the municipal, provincial and national levels, and 45 recipients aged 18 to 30 years, 31 to 55 years, and over 56 years, were interviewed to determine intergenerational relationships. The Atlas Ti software was used for analysis and interpretation.  Results: Between 1983 and 2020, the Senate passed an emergency food bill in 1984, 2002, and 2019. Twenty-eight food interventions were carried out to complement the nutrition of impoverished social groups. There were up to seventeen of them at one time. The palliative and temporary nature of such interventions is reflected in their names since they are referred to as “assistance”, “emergency”, “aid”, or “complementary” programs.  Discussion: Argentina’s food policy is based on multiple and simultaneous “direct assistance programs” that, far from operating on the structural causes of food production, distribution, supply, access and consumption, act on an ongoing emergency. For those biographical stories still living in poverty and belonging to the population that has benefited from social policies since 1980, the state complementary feeding assistance is non stop due to both the simultaneous implementation of several programs and their consecutive coverage period.",Revista de Sociologia e Política,Alto escalão,qualitativo,,,,,,,,,,
486,Agência local e indução federal: a operação da política municipal de habitação em Recife e Curitiba,"Lavalle, Adrian Gurza; Rodrigues, Maira; Guicheney, Hellen",2019,https://doi.org/10.1590/1678-987319277103,"ABSTRACT  Introduction: The article explores the implementation of the national housing construction policy for low-income people at the local level. We studied the Minha Casa Minha Vida Program (PMCMV) in Recife and Curitiba between 2003-2012. Despite being a federal policy, there are local variations based on the choice of municipal administrations.  Materials and Methods: Interviews were conducted with local officials and key informants, in addition to document analysis.  Results: The operation of housing policy in these capital cities is different due to the institutionalization process and the administrative capacities of both municipalities. In Recife, with its loosely institutionalized housing policy and its limited capacities, the federal housing policy has shaped local politics. The Program was positively evaluated by the local officials in the area. In Curitiba, on the other hand, with a more solid institutionalization trajectory and greater installed capacities, federal policy was adapted to the logic of division of labor previously existing among municipal agencies. Local officials, in contrast, were critical of the PMCMV.  Discussion: The article debates with the international literature on governance and decentralization and with the national literature on federalism and decentralization, which highlight the lack of decision-making autonomy at the local level. It concludes that it is necessary to pay attention to the contingent character of the relationship between decentralization and decision-making autonomy, since the implementation of public policies brings with it a certain degree of discretion. The PMCMV case reveals that there is room for local choices even in the case of nationally centralized policies.",Revista de Sociologia e Política,Geral,qualitativo,,,,,,,,,,
487,Activismo juvenil en partidos con gestiones de gobierno a nivel subnacional en Argentina (2007-2015),"Vázquez, Melina; Cozachcow, Alejandro",2017,https://doi.org/10.1590/1678-987317256405,"Abstract The paper aims to analyze the determinations of the recent period of youth political participation in Argentina, which highlights the importance of the political parties. After a deep crisis of political representation –that led youth activism to the impugnation of politics in connection to the State and party representation–, political parties recreated youth activism spaces and became receptors, at the same time, for new activists joining politics. In this process, the ruling parties at a national and subnational level need to be investigated in order to understand the mutations on the youth political participation. This paper seeks to analyze the features, properties and characteristics that shaped a new figure of activism among youth in relation to these experiences. More specifically, it focuses in the way in which they get involved in politics, the meanings given to political commitment, and the connection between their simultaneous conditions of young activists and workers of the public administration, regarding two parties: the Partido Socialista activists, which is the governing party in Santa Fe Province, and Propuesta Republicana activists, the ruling party in the city of Buenos Aires. To do this, we will draw upon the French sociology concept of activism, which will allow us to analyze the profile of the young activists in both parties, the ways in which they get involved into them and the connection between their work and their militant careers. This approach also lets us recognize and analyze common elements in youth party participation beyond the aspects that make these activists so different, such as their history, their ideological positions and the ways in which they are internally organized. This article is part of a wider investigation on youth participation in political parties in Argentina, carried out by the Equipo de Estudios de Políticas y Juventudes (IIGG-UBA). In this particular case, we recovered in-depth interviews to youth leaders and activists with different levels of responsibility inside each party, surveys applied with youth people from both parties, and participant observations on meetings defined by both parties as juvenile.",Revista de Sociologia e Política,Geral,metodos mistos,,,,,,,,,,
488,Desenvolvimento sustentável local na sociedade em rede: o potencial das novas tecnologias de informação e comunicação,"Frey, Klaus",2003,,"In light of the growing critiques of the prevailing development models which are oriented toward either market solutions or centralizing state actions, this paper proposes a theoretical inquiry into the possibilities for fomenting more sustainable local development through the strengthening of social networks and their progressive incorporation into local political and administrative processes. Starting from a critical interpretation of the notion of social capital, the article shows the importance of strategies of institutional design capable of mobilizing social capital and guaranteeing the access of local communities to political and social power. This is followed by a discussion which, considering the social and political conditions that are specific to Brazil, weighs the possibilities and dilemmas surrounding the use of new information and communication technologies within local communities, in terms of reactivating community participation in local public administration. Lastly, the new role that local governments demand is discussed, in an attempt to explore the communitarian option for promoting sustainable development in the emerging ""network society"".",Revista de Sociologia e Política,Alto escalão,nao identificado,,,,,,,,,,
489,Reflexões e interpretações sobre a participação e a representação em conselhos gestores de políticas públicas,"Sipioni, Marcelo Eliseu; Silva, Marta Zorzal e",2013,,"This essay is based on the recent literature about representation on public polices management councils. There are several analyzes by various authors on the subject, however, it's necessary to think about the confluence of these ideas, in order to contribute to a minimum consensus (obviously not definitive) about the possibilities and limits of democratic exercise in management councils, need that this article aims to answer, at least in part. To develop this analysis, we review the literature in order to seek authors from different areas of knowledge that somehow deal in their works the theme of democratic theory and participation and representation, trying to observe convergences and counterpoints in their ideas to after launch issues minimally consensus on the subject. The authors analyzed make it clear that the discourses that permeate the issues of participation and representation have as background different democratic theories that almost throughout the last century conflict for hegemony: representative democracy and participatory democracy. Thus, the ideal that underpin the concepts studied here are expressed in different ways, according to the theory that underlies it. The fact is that participation and representation can be exercised both in a representative democracy and in a participatory democracy. However, have different meanings and practices. The public polices management councils are a kind of instance created to the exercise of participatory democracy. However, there is exerted indirect participation through representation. This concept, in turn, is strongly rooted to the ideals of representative democracy, making necessary to establish differences between represent (representative democracy) and represent (participatory democracy), so that counselors representatives of civil society in management councils not repeat the mistakes of the practice parliamentary representative, at the risk of driving the representation in these participatory instances to a distance that would undermine the exercise of participatory democracy in our country. It seems obvious the importance of establishing a relationship between representatives and represented that approach them. Thus, important points such as accountability and own way of choosing the representative for their entity appear to play a role interesting to legitimize the representation and make it different from parliamentary representation. Despite obstacles to the realization of a true participatory democracy, the management councils feed a changing political culture in Brazil, the culture of participation, that can replace our historical submission culture of the people to the power of the elites.",Revista de Sociologia e Política,Geral,quantitativo,,,,,,,,,,
490,Cotas na pós-graduação: a experiência da Universidade Federal de Minas Gerais,"Mendes, Bianca Drielly; Karruz, Ana Paula",2024,https://doi.org/10.1590/1678-98732432e014,"ABSTRACT  Introduction: This article explores the challenges of implementing racial affirmative action policies in stricto sensu postgraduate education, focusing on the Federal University of Minas Gerais (UFMG) as a case study. In 2017, UFMG introduced an inclusion policy for Black people, Indigenous people, and individuals with disabilities. The implementation of this policy was largely managed by the postgraduate program boards in a bottom-up manner. Our goal is to address the following questions: i) What were the implementation patterns of this policy?; and ii) What obstacles did UFMG encounter in applying racial affirmative action policies?  Materials and methods: We conducted a mixed-methods, descriptive case study based on two datasets. The first one was compiled through a document analysis of enrollment notices for 79 academic postgraduate programs at UFMG from 2018-2022. We estimated regressions to investigate the relationship between the percentage of reserved seats (the dependent variable) and attributes of the available seats. The second dataset consisted of semi-structured interviews with 18 individuals involved in developing or implementing the affirmative action policy.  Results: We found that the percentage of reserved seats was most often at the minimum limit, potentially reinforcing certain types of stratification. Humanities programs tended to reserve a higher percentage of seats compared to more prestigious programs (Exact and Earth Sciences, Engineering, and Biological Sciences). The occupancy rate for reserved seats was extremely low: in 2022, only 21.1% for master's programs and 12.6% for doctoral programs. We identified ten possible reasons for this low occupancy, including a lack of identification with faculty and research areas, insufficient proficiency in foreign languages, and various forms of racism.  Discussion: Although highly relevant, the affirmative action policy implemented at UFMG's postgraduate programs has not yet reached its full potential. Achieving racial inclusion in stricto sensu postgraduate education involves more than just reserving seats; it requires additional measures to enable admission and retention. Some of these measures can be addressed locally by the postgraduate programs, such as adjusting class schedules to better accommodate work commitments and being more receptive to new research interests (e.g., topics related to Black identity).",Revista de Sociologia e Política,Geral,metodos mistos,,,,,,,,,,
491,As reformas legais e o processo de descentralização: aspectos jurídicos e políticos,"Alcântara, Fernanda Henrique Cupertino",2011,,"This article discusses decentralization in an attempt to reconcile juridical and political fields of knowledge, pointing to the characteristic differences between them in terms of the way they conceive and operationalize the concept. Decentralization is presented as a phenomenon flowing from democratization, holding possibilities for both the democratization of decision-making or the strengthening of traditional forms of political control (""coronelismo"") within political relations. We attempt to demonstrate the relationship existing between federalism and decentralization, starting from the premise that there are several types of decentralization which may or may not occur simultaneously. Furthermore, we dicuss the implementation of reforms that were meant to promote decentralization as well as their actual results. In conclusion, we attempt to demonstrate that the decentralization process is not automatic and that legal clauses do not necessarily translate into social practices.",Revista de Sociologia e Política,Geral,nao identificado,,,,,,,,,,
492,Governança ambiental no Brasil: ecos do passado,"Câmara, João Batista Drummond",2013,,"This article deals with an analysis of government action to the control of the use of natural resources in Brazil, since its discovery in 1500. Aimed at understanding the process of formulation and implementation of environmental policies, considering the evolution of concepts, rules and institutions from the colonial period to the present day, featuring the historical bases, institutional and legal issues that have shaped the current Brazilian environmental governance. The survey was conducted by consulting references and government documents with different data and information. It can be observed that throughout the history of the country, government action focused on the actions of command and control, with rules and institutions for specific natural resources, with little or no integration with other policies and management processes of natural resource use situation changed significantly after the enactment of Law No. 6.938/81, under the National Environmental Policy when there was correspondence of the evolution of environmental management in Brazil with the concepts, principles, guidelines and criteria for environmental governance and its results. Despite advances towards the criteria of reform and modernization of the state as decentralization, participation, democratization, managerial capacity, efficiency and effectiveness, the relationship between society, government and the private sector with nature still reflects a colonial utilitarian, immediate and unsustainable use of natural resources, coupled with problems of implementation of rules and regulations, causing environmental degradation and jeopardizing sustainable development. Indicate the need to evaluate more critically the scope of the National Environmental Policy due to continued loss of environmental resources and services and the high standard of consumer society on a non sustainable base, requiring changes in attitudes of citizens regarding the use and protection resources and environmental services. The results achieved contribute to the discussion of the historical relationship of the use and occupation of the territory and its consequences for sustainability.",Revista de Sociologia e Política,Geral,quantitativo,,,,,,,,,,
493,"Ações judiciais, conteúdos políticos: uma proposta de análise para o caso brasileiro","Engelmann, Fabiano; Cunha Filho, Marcio Camargo",2013,,"Lawsuits which demand public policies are recurrent in Western democracies. This article aims to analyze the specificity of clashes around this topic in Brazil parting from the categorization of political meanings that are present in the arguments deployed in the legal environment. The data presented were constructed from a series of judgments of the Court of Justice of the State of Rio Grande do Sul and the Supreme Court around the demands based on the ""right to health"". The profiles of arguments present in decisions show that the activism of the judiciary is marked out in legal concepts that oppose the ""unity of the state"" and ""interpretation of the Constitution"" to the dynamics of public administration. The phenomenon that can be termed ""juridicization of politics"" in Brazil entails several problems that need to be better explored by the political science, among which we highlight the emergence of a ""legal interpretation"" of the dynamics of policy implementation with strong public impact.",Revista de Sociologia e Política,Geral,nao identificado,,,,,,,,,,
494,As reservas biológicas como mecanismo de controle estatal,"Costa, Gustavo Villela Lima da",2011,,"This article seeks an understanding of several aspects of the disputes and conflicts that emerge around the implementation of a Nature Reserve or Reserva Biológica (a conservation unit that is characterized by its particular restrictions on human presence) at Aventureiro Beach, on Ilha Grande, an island in the state of Rio de Janeiro. Our analytical perspective is based on the notion of the construction of a symbolic world focused on urban centers - the metropoles of nation-states - which runs through the ""national"" space at all levels, represented,in particular, by Law and legislation. The question of belief is seen as a basis for the legitimation of this new juridical order and of the actions of specific agents in the social world. Thus, emphasis is given to the influence of a specific life style shared by urban groups that tend to classify both ""nature"" and populations they consider ""traditional"" as ""others"", ""exotic"" vis-à-vis their urban environment. This brings us to the assumption that the Brazilian State, responsible for environmental tutelage, plays a similar role with regard to the populations that live within these conservation units, reserving for them a different type of citizenship, one in which a series of particular rights and restrictions create a particular social configuration. Through this case, it becomes possible to observe disputes regarding the legitimation of territories instituted by the State and those that have been shaped by local collective action.",Revista de Sociologia e Política,Geral,nao identificado,,,,,,,,,,
495,Las élites políticas en el espejo: perfiles socioprofesionales de los elencos dirigentes argentinos (1983-1999),"Mellado, Virginia",2018,https://doi.org/10.1590/1678-987318266604,"ABSTRACT  Introduction The aim of this article is to examine the socio-professional characteristics of political groups in Argentina, during a period characterized by democratic stability and electoral competition (1983-1999). The study is based on the analysis of political staff recruitment in Mendoza province to investigate social and group backgrounds, which allows rebuilding a map of political careers possibilities at national and local level. The starting hypothesis was that regular recurrence of elections and the electoral competition after 1983 were contextual factors to encourage the development of political professionalization.  Methods Based on a prosopographical method, the research carried out by the construction of a database, which has 544 entries for positions achieved. The database included national deputies and national senators, ministers, governors, local deputies and local senators, among others. The sources for the construction of database come from National Congress’ documents, Legislature of Mendoza, printing press and in-deep interviews.  Results The principal results of the analysis of quantitative variables, like age, gender composition, educational level and occupation before political career, shows off the channels of political elites’ recruitment from different social spaces.  Discussion The purpose of this research is to investigate who govern in the democratic Argentina with the view to observing the forms to bring about beliefs into the groups who make decisions. Also, the aspiration is to explore the manner to make and structure political nets between elites, civil servants and bureaucracies. A general overview gives an account of the attributes or conditions to enable or obstruct a political career in the contemporary period. In the end, the research seeks to contribute to the debate of political professionalization in Latin America.",Revista de Sociologia e Política,Geral,metodos mistos,,,,,,,,,,
